ISO-10303-21;
HEADER;
FILE_DESCRIPTION (( 'STEP AP214' ),
    '1' );
FILE_NAME ('User Library-PTS645SL43SMTR92-LFS.STEP',
    '2025-02-13T04:28:19',
    ( '' ),
    ( '' ),
    'SwSTEP 2.0',
    'SolidWorks 2022',
    '' );
FILE_SCHEMA (( 'AUTOMOTIVE_DESIGN' ));
ENDSEC;

DATA;
#1 = SURFACE_STYLE_USAGE ( .BOTH. , #894 ) ;
#2 = CARTESIAN_POINT ( 'NONE',  ( 2.850000000000000089, -2.850000000000000089, 3.449999999999999734 ) ) ;
#3 = ORIENTED_EDGE ( 'NONE', *, *, #1688, .F. ) ;
#4 = COLOUR_RGB ( '',0.0000000000000000000, 0.0000000000000000000, 0.0000000000000000000 ) ;
#5 =( GEOMETRIC_REPRESENTATION_CONTEXT ( 3 ) GLOBAL_UNCERTAINTY_ASSIGNED_CONTEXT ( ( #2722 ) ) GLOBAL_UNIT_ASSIGNED_CONTEXT ( ( #193, #1800, #4191 ) ) REPRESENTATION_CONTEXT ( 'NONE', 'WORKASPACE' ) );
#6 = SURFACE_STYLE_USAGE ( .BOTH. , #2412 ) ;
#7 = VECTOR ( 'NONE', #786, 1000.000000000000000 ) ;
#8 = MECHANICAL_DESIGN_GEOMETRIC_PRESENTATION_REPRESENTATION (  '', ( #2273 ), #3982 ) ;
#9 = FILL_AREA_STYLE ('',( #3700 ) ) ;
#10 = FILL_AREA_STYLE_COLOUR ( '', #344 ) ;
#11 = VERTEX_POINT ( 'NONE', #351 ) ;
#12 = MECHANICAL_DESIGN_GEOMETRIC_PRESENTATION_REPRESENTATION (  '', ( #2870 ), #3556 ) ;
#13 = CIRCLE ( 'NONE', #171, 0.1499999999999999667 ) ;
#14 = CARTESIAN_POINT ( 'NONE',  ( -4.074999999999999289, 2.591781170833500347, 1.300000000000000044 ) ) ;
#15 =( NAMED_UNIT ( * ) PLANE_ANGLE_UNIT ( ) SI_UNIT ( $, .RADIAN. ) );
#16 = STYLED_ITEM ( 'NONE', ( #1023 ), #169 ) ;
#17 = ORIENTED_EDGE ( 'NONE', *, *, #4312, .T. ) ;
#18 = ORIENTED_EDGE ( 'NONE', *, *, #3547, .T. ) ;
#19 = ADVANCED_FACE ( 'NONE', ( #4753 ), #1933, .T. ) ;
#20 = CIRCLE ( 'NONE', #1266, 0.1499999999999999667 ) ;
#21 = LINE ( 'NONE', #3666, #374 ) ;
#22 = SURFACE_SIDE_STYLE ('',( #4821 ) ) ;
#23 = EDGE_CURVE ( 'NONE', #4228, #2614, #5137, .T. ) ;
#24 = PLANE ( 'NONE',  #4866 ) ;
#25 =( NAMED_UNIT ( * ) PLANE_ANGLE_UNIT ( ) SI_UNIT ( $, .RADIAN. ) );
#26 =( GEOMETRIC_REPRESENTATION_CONTEXT ( 3 ) GLOBAL_UNCERTAINTY_ASSIGNED_CONTEXT ( ( #2300 ) ) GLOBAL_UNIT_ASSIGNED_CONTEXT ( ( #3980, #5187, #3186 ) ) REPRESENTATION_CONTEXT ( 'NONE', 'WORKASPACE' ) );
#27 = PRESENTATION_LAYER_ASSIGNMENT (  '', '', ( #5015 ) ) ;
#28 = EDGE_CURVE ( 'NONE', #4113, #3012, #771, .T. ) ;
#29 = FACE_OUTER_BOUND ( 'NONE', #3152, .T. ) ;
#30 =( NAMED_UNIT ( * ) PLANE_ANGLE_UNIT ( ) SI_UNIT ( $, .RADIAN. ) );
#31 = DIRECTION ( 'NONE',  ( 1.000000000000000000, 0.0000000000000000000, -0.0000000000000000000 ) ) ;
#32 = COLOUR_RGB ( '',0.7529411764705882248, 0.7529411764705882248, 0.7529411764705882248 ) ;
#33 = VERTEX_POINT ( 'NONE', #1879 ) ;
#34 =( REPRESENTATION_RELATIONSHIP ('NONE','NONE', #251, #1968 ) REPRESENTATION_RELATIONSHIP_WITH_TRANSFORMATION ( #5123 )SHAPE_REPRESENTATION_RELATIONSHIP( ) );
#35 = LINE ( 'NONE', #1680, #4233 ) ;
#36 =( NAMED_UNIT ( * ) PLANE_ANGLE_UNIT ( ) SI_UNIT ( $, .RADIAN. ) );
#37 = CARTESIAN_POINT ( 'NONE',  ( -3.649999999999999911, -2.608218829166499830, 1.300000000000000044 ) ) ;
#38 = COLOUR_RGB ( '',0.7529411764705882248, 0.7529411764705882248, 0.7529411764705882248 ) ;
#39 = UNCERTAINTY_MEASURE_WITH_UNIT (LENGTH_MEASURE( 1.000000000000000082E-05 ), #2237, 'distance_accuracy_value', 'NONE');
#40 = FILL_AREA_STYLE ('',( #1632 ) ) ;
#41 = EDGE_LOOP ( 'NONE', ( #4017, #2308, #3978, #219 ) ) ;
#42 = MECHANICAL_DESIGN_GEOMETRIC_PRESENTATION_REPRESENTATION (  '', ( #1624 ), #4684 ) ;
#43 = FILL_AREA_STYLE_COLOUR ( '', #168 ) ;
#44 = FILL_AREA_STYLE ('',( #2165 ) ) ;
#45 =( NAMED_UNIT ( * ) PLANE_ANGLE_UNIT ( ) SI_UNIT ( $, .RADIAN. ) );
#46 = STYLED_ITEM ( 'NONE', ( #4703 ), #3369 ) ;
#47 = EDGE_LOOP ( 'NONE', ( #3785, #2484, #2621, #2680, #1995, #155 ) ) ;
#48 = VERTEX_POINT ( 'NONE', #694 ) ;
#49 = STYLED_ITEM ( 'NONE', ( #4243 ), #4009 ) ;
#50 = FACE_OUTER_BOUND ( 'NONE', #2762, .T. ) ;
#51 = LINE ( 'NONE', #1644, #1220 ) ;
#52 = DIRECTION ( 'NONE',  ( -0.0000000000000000000, -0.0000000000000000000, -1.000000000000000000 ) ) ;
#53 = AXIS2_PLACEMENT_3D ( 'NONE', #1529, #3148, #4784 ) ;
#54 = VECTOR ( 'NONE', #1702, 1000.000000000000000 ) ;
#55 = DIRECTION ( 'NONE',  ( 1.000000000000000000, 0.0000000000000000000, 0.0000000000000000000 ) ) ;
#56 =( GEOMETRIC_REPRESENTATION_CONTEXT ( 3 ) GLOBAL_UNCERTAINTY_ASSIGNED_CONTEXT ( ( #3041 ) ) GLOBAL_UNIT_ASSIGNED_CONTEXT ( ( #2480, #495, #4858 ) ) REPRESENTATION_CONTEXT ( 'NONE', 'WORKASPACE' ) );
#57 = EDGE_LOOP ( 'NONE', ( #2857, #522, #2418, #5064 ) ) ;
#58 = ADVANCED_FACE ( '1', ( #2331 ), #3922, .T. ) ;
#59 = CARTESIAN_POINT ( 'NONE',  ( 3.749999999999997335, 2.591781170833499015, 0.4000000000000000222 ) ) ;
#60 = PRESENTATION_STYLE_ASSIGNMENT (( #1655 ) ) ;
#61 = DIRECTION ( 'NONE',  ( -3.231085104332679983E-15, -1.000000000000000000, 0.0000000000000000000 ) ) ;
#62 = ORIENTED_EDGE ( 'NONE', *, *, #1262, .F. ) ;
#63 = COLOUR_RGB ( '',0.7921568627450980005, 0.8196078431372548767, 0.9333333333333333481 ) ;
#64 = LINE ( 'NONE', #3640, #1594 ) ;
#65 = CARTESIAN_POINT ( 'NONE',  ( 2.850000000000000089, 3.000000000000000000, 3.149999999999999911 ) ) ;
#66 = SURFACE_STYLE_FILL_AREA ( #3303 ) ;
#67 = ORIENTED_EDGE ( 'NONE', *, *, #2118, .T. ) ;
#68 = DIRECTION ( 'NONE',  ( -1.000000000000000000, 3.231085104332679983E-15, 0.0000000000000000000 ) ) ;
#69 = COLOUR_RGB ( '',0.7921568627450980005, 0.8196078431372548767, 0.9333333333333333481 ) ;
#70 = MANIFOLD_SOLID_BREP ( 'Imported1', #1010 ) ;
#71 = ORIENTED_EDGE ( 'NONE', *, *, #472, .F. ) ;
#72 = SURFACE_STYLE_USAGE ( .BOTH. , #4101 ) ;
#73 = CONTEXT_DEPENDENT_SHAPE_REPRESENTATION ( #1361, #683 ) ;
#74 = FACE_OUTER_BOUND ( 'NONE', #3347, .T. ) ;
#75 = SURFACE_SIDE_STYLE ('',( #4439 ) ) ;
#76 = EDGE_LOOP ( 'NONE', ( #1477, #4417, #2726, #4574 ) ) ;
#77 = CARTESIAN_POINT ( 'NONE',  ( 1.916515138991159439, -1.958257569495580164, 3.749999999999999556 ) ) ;
#78 = DIRECTION ( 'NONE',  ( 1.000000000000000000, -3.252606517456511724E-15, 0.0000000000000000000 ) ) ;
#79 = SURFACE_STYLE_FILL_AREA ( #449 ) ;
#80 = DIRECTION ( 'NONE',  ( 0.0000000000000000000, -0.0000000000000000000, 1.000000000000000000 ) ) ;
#81 = EDGE_CURVE ( 'NONE', #2815, #3144, #3216, .T. ) ;
#82 =( GEOMETRIC_REPRESENTATION_CONTEXT ( 3 ) GLOBAL_UNCERTAINTY_ASSIGNED_CONTEXT ( ( #1168 ) ) GLOBAL_UNIT_ASSIGNED_CONTEXT ( ( #5153, #2664, #1045 ) ) REPRESENTATION_CONTEXT ( 'NONE', 'WORKASPACE' ) );
#83 = CIRCLE ( 'NONE', #423, 0.1000000000000000472 ) ;
#84 = ORIENTED_EDGE ( 'NONE', *, *, #2441, .T. ) ;
#85 =( LENGTH_UNIT ( ) NAMED_UNIT ( * ) SI_UNIT ( .MILLI., .METRE. ) );
#86 = FILL_AREA_STYLE_COLOUR ( '', #4301 ) ;
#87 = VECTOR ( 'NONE', #3686, 1000.000000000000000 ) ;
#88 = SURFACE_SIDE_STYLE ('',( #1637 ) ) ;
#89 = EDGE_CURVE ( 'NONE', #1380, #1057, #4072, .T. ) ;
#90 = PRODUCT_DEFINITION_SHAPE ( 'NONE', 'NONE',  #345 ) ;
#91 = SURFACE_STYLE_FILL_AREA ( #2944 ) ;
#92 = CLOSED_SHELL ( 'NONE', ( #3442, #4418, #4705, #3369, #5157, #2048, #1588, #2921, #144, #5192, #1165, #149, #851, #1659 ) ) ;
#93 = ORIENTED_EDGE ( 'NONE', *, *, #1893, .F. ) ;
#94 = PRESENTATION_LAYER_ASSIGNMENT (  '', '', ( #2377 ) ) ;
#95 = SURFACE_SIDE_STYLE ('',( #4919 ) ) ;
#96 = LINE ( 'NONE', #2122, #1727 ) ;
#97 = COLOUR_RGB ( '',0.0000000000000000000, 0.0000000000000000000, 0.0000000000000000000 ) ;
#98 =( NAMED_UNIT ( * ) SI_UNIT ( $, .STERADIAN. ) SOLID_ANGLE_UNIT ( ) );
#99 = MECHANICAL_DESIGN_GEOMETRIC_PRESENTATION_REPRESENTATION (  '', ( #4666 ), #943 ) ;
#100 = APPLICATION_PROTOCOL_DEFINITION ( 'draft international standard', 'automotive_design', 1998, #1461 ) ;
#101 = AXIS2_PLACEMENT_3D ( 'NONE', #1681, #426, #2880 ) ;
#102 = EDGE_LOOP ( 'NONE', ( #3376, #3447, #332, #2710 ) ) ;
#103 = AXIS2_PLACEMENT_3D ( 'NONE', #3062, #2353, #1924 ) ;
#104 = CARTESIAN_POINT ( 'NONE',  ( 2.000000000000000000, -1.581953906996889092, 3.637779991155306369 ) ) ;
#105 = CARTESIAN_POINT ( 'NONE',  ( 2.850000000000000089, -2.850000000000000089, 3.149999999999999911 ) ) ;
#106 = CARTESIAN_POINT ( 'NONE',  ( -2.850000000000000089, 3.000000000000000000, 0.0000000000000000000 ) ) ;
#107 = PRESENTATION_STYLE_ASSIGNMENT (( #1684 ) ) ;
#108 =( NAMED_UNIT ( * ) PLANE_ANGLE_UNIT ( ) SI_UNIT ( $, .RADIAN. ) );
#109 = ORIENTED_EDGE ( 'NONE', *, *, #662, .T. ) ;
#110 = CARTESIAN_POINT ( 'NONE',  ( -4.074999999999999289, 1.891781170833499948, 0.0000000000000000000 ) ) ;
#111 = FILL_AREA_STYLE ('',( #86 ) ) ;
#112 = VERTEX_POINT ( 'NONE', #2483 ) ;
#113 = ADVANCED_FACE ( 'NONE', ( #1211 ), #3601, .T. ) ;
#114 =( BOUNDED_CURVE ( )  B_SPLINE_CURVE ( 3, ( #5099, #4253, #3940, #1432 ),
 .UNSPECIFIED., .F., .T. ) 
 B_SPLINE_CURVE_WITH_KNOTS ( ( 4, 4 ),
 ( 0.0000000000000000000, 1.000000000000000000 ),
 .UNSPECIFIED. ) 
 CURVE ( )  GEOMETRIC_REPRESENTATION_ITEM ( )  RATIONAL_B_SPLINE_CURVE ( ( 1.000000000000000000, 0.3333333333333299286, 0.3333333333333299286, 1.000000000000000000 ) ) 
 REPRESENTATION_ITEM ( '' )  );
#115 = EDGE_CURVE ( 'NONE', #4160, #4240, #2161, .T. ) ;
#116 =( NAMED_UNIT ( * ) PLANE_ANGLE_UNIT ( ) SI_UNIT ( $, .RADIAN. ) );
#117 = DIRECTION ( 'NONE',  ( -0.0000000000000000000, -1.000000000000000000, -0.0000000000000000000 ) ) ;
#118 = DIRECTION ( 'NONE',  ( 0.0000000000000000000, 0.0000000000000000000, -1.000000000000000000 ) ) ;
#119 = SURFACE_SIDE_STYLE ('',( #2098 ) ) ;
#120 =( NAMED_UNIT ( * ) SI_UNIT ( $, .STERADIAN. ) SOLID_ANGLE_UNIT ( ) );
#121 = CYLINDRICAL_SURFACE ( 'NONE', #3643, 0.1499999999999999667 ) ;
#122 = SHAPE_DEFINITION_REPRESENTATION ( #1812, #1968 ) ;
#123 = PRESENTATION_LAYER_ASSIGNMENT (  '', '', ( #2323 ) ) ;
#124 = LINE ( 'NONE', #1785, #2806 ) ;
#125 = EDGE_LOOP ( 'NONE', ( #3109, #5052, #133, #3689 ) ) ;
#126 = MECHANICAL_DESIGN_GEOMETRIC_PRESENTATION_REPRESENTATION (  '', ( #638 ), #1141 ) ;
#127 =( NAMED_UNIT ( * ) PLANE_ANGLE_UNIT ( ) SI_UNIT ( $, .RADIAN. ) );
#128 = CARTESIAN_POINT ( 'NONE',  ( -3.000000000000000000, -2.850000000000000089, 3.149999999999999911 ) ) ;
#129 = DIRECTION ( 'NONE',  ( -0.0000000000000000000, -0.0000000000000000000, -1.000000000000000000 ) ) ;
#130 = DIRECTION ( 'NONE',  ( 0.0000000000000000000, 0.0000000000000000000, -1.000000000000000000 ) ) ;
#131 = UNCERTAINTY_MEASURE_WITH_UNIT (LENGTH_MEASURE( 1.000000000000000082E-05 ), #3269, 'distance_accuracy_value', 'NONE');
#132 = MECHANICAL_DESIGN_GEOMETRIC_PRESENTATION_REPRESENTATION (  '', ( #4880 ), #3162 ) ;
#133 = ORIENTED_EDGE ( 'NONE', *, *, #4094, .F. ) ;
#134 = CARTESIAN_POINT ( 'NONE',  ( -1.000000000000000000, 0.0000000000000000000, 0.0000000000000000000 ) ) ;
#135 = DIRECTION ( 'NONE',  ( 0.0000000000000000000, 0.0000000000000000000, 1.000000000000000000 ) ) ;
#136 = DIRECTION ( 'NONE',  ( 1.000000000000000000, 0.0000000000000000000, 0.0000000000000000000 ) ) ;
#137 = UNCERTAINTY_MEASURE_WITH_UNIT (LENGTH_MEASURE( 1.000000000000000082E-05 ), #4461, 'distance_accuracy_value', 'NONE');
#138 = FILL_AREA_STYLE_COLOUR ( '', #3963 ) ;
#139 = SURFACE_STYLE_USAGE ( .BOTH. , #22 ) ;
#140 = ORIENTED_EDGE ( 'NONE', *, *, #2578, .T. ) ;
#141 = EDGE_CURVE ( 'NONE', #2665, #1966, #4916, .T. ) ;
#142 = DIRECTION ( 'NONE',  ( 1.000000000000000000, 0.0000000000000000000, 0.0000000000000000000 ) ) ;
#143 = DIRECTION ( 'NONE',  ( 0.0000000000000000000, 0.0000000000000000000, -1.000000000000000000 ) ) ;
#144 = ADVANCED_FACE ( 'NONE', ( #1359 ), #497, .F. ) ;
#145 = ORIENTED_EDGE ( 'NONE', *, *, #4644, .F. ) ;
#146 = SURFACE_STYLE_FILL_AREA ( #489 ) ;
#147 =( LENGTH_UNIT ( ) NAMED_UNIT ( * ) SI_UNIT ( .MILLI., .METRE. ) );
#148 = DIRECTION ( 'NONE',  ( -1.000000000000000000, 0.0000000000000000000, -0.0000000000000000000 ) ) ;
#149 = ADVANCED_FACE ( 'NONE', ( #3297 ), #1762, .T. ) ;
#150 = LINE ( 'NONE', #1354, #776 ) ;
#151 = MECHANICAL_DESIGN_GEOMETRIC_PRESENTATION_REPRESENTATION (  '', ( #2436 ), #2682 ) ;
#152 = EDGE_LOOP ( 'NONE', ( #4867, #580, #1111, #2977 ) ) ;
#153 = SURFACE_STYLE_FILL_AREA ( #607 ) ;
#154 = SURFACE_STYLE_USAGE ( .BOTH. , #4959 ) ;
#155 = ORIENTED_EDGE ( 'NONE', *, *, #1619, .F. ) ;
#156 = CARTESIAN_POINT ( 'NONE',  ( 3.350000000000001421, 2.591781170833500347, 0.9000000000000000222 ) ) ;
#157 =( NAMED_UNIT ( * ) SI_UNIT ( $, .STERADIAN. ) SOLID_ANGLE_UNIT ( ) );
#158 = DIRECTION ( 'NONE',  ( 0.0000000000000000000, 0.0000000000000000000, 1.000000000000000000 ) ) ;
#159 = STYLED_ITEM ( 'NONE', ( #1544 ), #2927 ) ;
#160 = PRESENTATION_STYLE_ASSIGNMENT (( #966 ) ) ;
#161 = ORIENTED_EDGE ( 'NONE', *, *, #1990, .F. ) ;
#162 = AXIS2_PLACEMENT_3D ( 'NONE', #2546, #4963, #363 ) ;
#163 = PRESENTATION_LAYER_ASSIGNMENT (  '', '', ( #1938 ) ) ;
#164 = CARTESIAN_POINT ( 'NONE',  ( 1.506745604006716865, 2.246627197996641900, 3.749999999999998668 ) ) ;
#165 = SURFACE_STYLE_FILL_AREA ( #3793 ) ;
#166 = DIRECTION ( 'NONE',  ( -1.000000000000000000, 0.0000000000000000000, -0.0000000000000000000 ) ) ;
#167 = CLOSED_SHELL ( 'NONE', ( #2045, #2611, #2345, #4651, #2982, #19, #3503, #3108, #3058, #1104, #4825, #1565, #2539, #410 ) ) ;
#168 = COLOUR_RGB ( '',0.7529411764705882248, 0.7529411764705882248, 0.7529411764705882248 ) ;
#169 = ADVANCED_FACE ( 'NONE', ( #4527 ), #4158, .T. ) ;
#170 = ADVANCED_FACE ( 'NONE', ( #1071 ), #720, .F. ) ;
#171 = AXIS2_PLACEMENT_3D ( 'NONE', #3808, #2960, #1814 ) ;
#172 = LINE ( 'NONE', #3002, #1552 ) ;
#173 = PLANE ( 'NONE',  #1338 ) ;
#174 = SHAPE_DEFINITION_REPRESENTATION ( #218, #3206 ) ;
#175 = DIRECTION ( 'NONE',  ( -1.000000000000000000, 0.0000000000000000000, -0.0000000000000000000 ) ) ;
#176 = FILL_AREA_STYLE ('',( #3803 ) ) ;
#177 =( GEOMETRIC_REPRESENTATION_CONTEXT ( 3 ) GLOBAL_UNCERTAINTY_ASSIGNED_CONTEXT ( ( #3405 ) ) GLOBAL_UNIT_ASSIGNED_CONTEXT ( ( #1872, #2752, #3948 ) ) REPRESENTATION_CONTEXT ( 'NONE', 'WORKASPACE' ) );
#178 = VERTEX_POINT ( 'NONE', #5106 ) ;
#179 = ADVANCED_FACE ( 'NONE', ( #1927 ), #1465, .F. ) ;
#180 = CARTESIAN_POINT ( 'NONE',  ( 2.000000000000000000, -1.958257569495580608, 3.750000000000000000 ) ) ;
#181 = FILL_AREA_STYLE_COLOUR ( '', #605 ) ;
#182 = FILL_AREA_STYLE ('',( #4634 ) ) ;
#183 = ORIENTED_EDGE ( 'NONE', *, *, #4038, .T. ) ;
#184 = CARTESIAN_POINT ( 'NONE',  ( 4.500000000000000000, 1.891781170833498837, 0.0000000000000000000 ) ) ;
#185 = DIRECTION ( 'NONE',  ( 0.0000000000000000000, 0.0000000000000000000, 1.000000000000000000 ) ) ;
#186 = APPLICATION_PROTOCOL_DEFINITION ( 'draft international standard', 'automotive_design', 1998, #569 ) ;
#187 = FILL_AREA_STYLE_COLOUR ( '', #3565 ) ;
#188 = AXIS2_PLACEMENT_3D ( 'NONE', #2931, #4572, #148 ) ;
#189 = UNCERTAINTY_MEASURE_WITH_UNIT (LENGTH_MEASURE( 1.000000000000000082E-05 ), #4898, 'distance_accuracy_value', 'NONE');
#190 =( NAMED_UNIT ( * ) SI_UNIT ( $, .STERADIAN. ) SOLID_ANGLE_UNIT ( ) );
#191 = ORIENTED_EDGE ( 'NONE', *, *, #23, .F. ) ;
#192 = AXIS2_PLACEMENT_3D ( 'NONE', #1406, #4766, #1094 ) ;
#193 =( LENGTH_UNIT ( ) NAMED_UNIT ( * ) SI_UNIT ( .MILLI., .METRE. ) );
#194 = CYLINDRICAL_SURFACE ( 'NONE', #382, 0.1000000000000000472 ) ;
#195 = AXIS2_PLACEMENT_3D ( 'NONE', #4060, #4427, #3271 ) ;
#196 = ORIENTED_EDGE ( 'NONE', *, *, #1853, .T. ) ;
#197 = AXIS2_PLACEMENT_3D ( 'NONE', #4901, #2506, #3348 ) ;
#198 =( GEOMETRIC_REPRESENTATION_CONTEXT ( 3 ) GLOBAL_UNCERTAINTY_ASSIGNED_CONTEXT ( ( #2573 ) ) GLOBAL_UNIT_ASSIGNED_CONTEXT ( ( #1091, #3054, #3534 ) ) REPRESENTATION_CONTEXT ( 'NONE', 'WORKASPACE' ) );
#199 = CARTESIAN_POINT ( 'NONE',  ( 1.649999999999999911, 2.020667218593132755E-16, 4.299999999999999822 ) ) ;
#200 = CARTESIAN_POINT ( 'NONE',  ( 3.649999999999999023, 1.891781170833500392, 0.9000000000000000222 ) ) ;
#201 =( NAMED_UNIT ( * ) SI_UNIT ( $, .STERADIAN. ) SOLID_ANGLE_UNIT ( ) );
#202 = FACE_OUTER_BOUND ( 'NONE', #4788, .T. ) ;
#203 = DIRECTION ( 'NONE',  ( 0.0000000000000000000, 0.0000000000000000000, 1.000000000000000000 ) ) ;
#204 = MECHANICAL_DESIGN_GEOMETRIC_PRESENTATION_REPRESENTATION (  '', ( #3228 ), #970 ) ;
#205 = CARTESIAN_POINT ( 'NONE',  ( 3.000000000000000000, -2.608218829166496722, 0.0000000000000000000 ) ) ;
#206 = LINE ( 'NONE', #4257, #983 ) ;
#207 = FACE_OUTER_BOUND ( 'NONE', #2266, .T. ) ;
#208 = PRODUCT_RELATED_PRODUCT_CATEGORY ( 'part', '', ( #3498 ) ) ;
#209 = EDGE_CURVE ( 'NONE', #3012, #2700, #4465, .T. ) ;
#210 = COLOUR_RGB ( '',0.0000000000000000000, 0.0000000000000000000, 0.0000000000000000000 ) ;
#211 = STYLED_ITEM ( 'NONE', ( #4349 ), #3611 ) ;
#212 = ORIENTED_EDGE ( 'NONE', *, *, #2448, .T. ) ;
#213 =( NAMED_UNIT ( * ) PLANE_ANGLE_UNIT ( ) SI_UNIT ( $, .RADIAN. ) );
#214 = SURFACE_SIDE_STYLE ('',( #4214 ) ) ;
#215 = VECTOR ( 'NONE', #2695, 1000.000000000000000 ) ;
#216 = DIRECTION ( 'NONE',  ( 0.0000000000000000000, 0.0000000000000000000, 1.000000000000000000 ) ) ;
#217 = AXIS2_PLACEMENT_3D ( 'NONE', #3202, #2795, #1997 ) ;
#218 = PRODUCT_DEFINITION_SHAPE ( 'NONE', 'NONE',  #4510 ) ;
#219 = ORIENTED_EDGE ( 'NONE', *, *, #766, .T. ) ;
#220 = VECTOR ( 'NONE', #4054, 1000.000000000000000 ) ;
#221 = PLANE ( 'NONE',  #3943 ) ;
#222 = DIRECTION ( 'NONE',  ( -1.000000000000000000, 0.0000000000000000000, -0.0000000000000000000 ) ) ;
#223 = SURFACE_SIDE_STYLE ('',( #5208 ) ) ;
#224 = PRODUCT_DEFINITION_CONTEXT ( 'detailed design', #1746, 'design' ) ;
#225 = ORIENTED_EDGE ( 'NONE', *, *, #2279, .F. ) ;
#226 =( NAMED_UNIT ( * ) PLANE_ANGLE_UNIT ( ) SI_UNIT ( $, .RADIAN. ) );
#227 = FACE_OUTER_BOUND ( 'NONE', #3223, .T. ) ;
#228 = LINE ( 'NONE', #1837, #588 ) ;
#229 = FILL_AREA_STYLE_COLOUR ( '', #1444 ) ;
#230 = SURFACE_STYLE_FILL_AREA ( #2231 ) ;
#231 = STYLED_ITEM ( 'NONE', ( #2248 ), #2702 ) ;
#232 = DIRECTION ( 'NONE',  ( 0.0000000000000000000, 0.0000000000000000000, 1.000000000000000000 ) ) ;
#233 = DIRECTION ( 'NONE',  ( 3.231085104332679983E-15, 1.000000000000000000, 0.0000000000000000000 ) ) ;
#234 = UNCERTAINTY_MEASURE_WITH_UNIT (LENGTH_MEASURE( 1.000000000000000082E-05 ), #4075, 'distance_accuracy_value', 'NONE');
#235 = COLOUR_RGB ( '',0.7921568627450980005, 0.8196078431372548767, 0.9333333333333333481 ) ;
#236 = EDGE_LOOP ( 'NONE', ( #1581, #493, #3637, #1928 ) ) ;
#237 = DIRECTION ( 'NONE',  ( -0.0000000000000000000, -0.0000000000000000000, -1.000000000000000000 ) ) ;
#238 = EDGE_CURVE ( 'NONE', #359, #3489, #4232, .T. ) ;
#239 = PLANE ( 'NONE',  #1683 ) ;
#240 = DIRECTION ( 'NONE',  ( 0.0000000000000000000, 0.0000000000000000000, 1.000000000000000000 ) ) ;
#241 = CARTESIAN_POINT ( 'NONE',  ( 0.0000000000000000000, 0.0000000000000000000, 0.0000000000000000000 ) ) ;
#242 = CARTESIAN_POINT ( 'NONE',  ( -1.999999999999999556, 2.418046093003111352, 3.637779991155306369 ) ) ;
#243 = EDGE_LOOP ( 'NONE', ( #3298, #3532, #1987, #4952 ) ) ;
#244 = CARTESIAN_POINT ( 'NONE',  ( 1.650000000000000577, -3.299999999999999822, 4.299999999999999822 ) ) ;
#245 = EDGE_CURVE ( 'NONE', #1665, #3644, #348, .T. ) ;
#246 = SURFACE_STYLE_USAGE ( .BOTH. , #3470 ) ;
#247 =( NAMED_UNIT ( * ) SI_UNIT ( $, .STERADIAN. ) SOLID_ANGLE_UNIT ( ) );
#248 = ORIENTED_EDGE ( 'NONE', *, *, #1145, .F. ) ;
#249 = PRESENTATION_STYLE_ASSIGNMENT (( #4930 ) ) ;
#250 = SURFACE_SIDE_STYLE ('',( #3449 ) ) ;
#251 = SHAPE_REPRESENTATION ( 'User Library-PTS645SL43SMTR92-LFS', ( #4118, #4961, #3334, #2071, #470, #3424, #4114, #5207, #3605, #4029, #1740, #4280 ), #3005 ) ;
#252 = DIRECTION ( 'NONE',  ( 0.0000000000000000000, -1.000000000000000000, 0.0000000000000000000 ) ) ;
#253 = FILL_AREA_STYLE ('',( #1124 ) ) ;
#254 = CIRCLE ( 'NONE', #1093, 0.3999999999999999667 ) ;
#255 = CARTESIAN_POINT ( 'NONE',  ( 3.649999999999999911, -2.258218829166501074, 0.9000000000000000222 ) ) ;
#256 = DIRECTION ( 'NONE',  ( 0.0000000000000000000, 1.000000000000000000, 0.0000000000000000000 ) ) ;
#257 = AXIS2_PLACEMENT_3D ( 'NONE', #4086, #4496, #3185 ) ;
#258 = DIRECTION ( 'NONE',  ( 1.000000000000000000, -1.224646799147353207E-16, 0.0000000000000000000 ) ) ;
#259 = DIRECTION ( 'NONE',  ( 1.000000000000000000, -3.252606517456511724E-15, 0.0000000000000000000 ) ) ;
#260 = MECHANICAL_DESIGN_GEOMETRIC_PRESENTATION_REPRESENTATION (  '', ( #2626 ), #177 ) ;
#261 = VERTEX_POINT ( 'NONE', #3263 ) ;
#262 = COLOUR_RGB ( '',0.0000000000000000000, 0.0000000000000000000, 0.0000000000000000000 ) ;
#263 = DIRECTION ( 'NONE',  ( 1.000000000000000000, -3.252606517456515274E-15, 0.0000000000000000000 ) ) ;
#264 = CARTESIAN_POINT ( 'NONE',  ( -3.350000000000000089, 2.241781170833500259, 0.0000000000000000000 ) ) ;
#265 = CARTESIAN_POINT ( 'NONE',  ( 2.836092186006231142, 2.418046093003110908, 3.637779991155306369 ) ) ;
#266 =( LENGTH_UNIT ( ) NAMED_UNIT ( * ) SI_UNIT ( .MILLI., .METRE. ) );
#267 = AXIS2_PLACEMENT_3D ( 'NONE', #473, #4055, #1255 ) ;
#268 = EDGE_LOOP ( 'NONE', ( #5179, #4780, #4129, #306 ) ) ;
#269 = PLANE ( 'NONE',  #195 ) ;
#270 = STYLED_ITEM ( 'NONE', ( #1897 ), #1067 ) ;
#271 = CARTESIAN_POINT ( 'NONE',  ( 3.000000000000000444, -1.908218829166499875, 1.000000000000000000 ) ) ;
#272 =( LENGTH_UNIT ( ) NAMED_UNIT ( * ) SI_UNIT ( .MILLI., .METRE. ) );
#273 = EDGE_LOOP ( 'NONE', ( #5159, #191, #3283, #1888 ) ) ;
#274 = ADVANCED_FACE ( 'NONE', ( #395 ), #4051, .F. ) ;
#275 = ORIENTED_EDGE ( 'NONE', *, *, #3507, .T. ) ;
#276 = DIRECTION ( 'NONE',  ( 0.0000000000000000000, 0.0000000000000000000, 1.000000000000000000 ) ) ;
#277 =( NAMED_UNIT ( * ) SI_UNIT ( $, .STERADIAN. ) SOLID_ANGLE_UNIT ( ) );
#278 = PLANE ( 'NONE',  #3492 ) ;
#279 = DIRECTION ( 'NONE',  ( 1.000000000000000000, 0.0000000000000000000, -0.0000000000000000000 ) ) ;
#280 = CARTESIAN_POINT ( 'NONE',  ( -3.649999999999999911, -2.608218829166499830, 0.3999999999999999667 ) ) ;
#281 =( LENGTH_UNIT ( ) NAMED_UNIT ( * ) SI_UNIT ( .MILLI., .METRE. ) );
#282 = PRESENTATION_LAYER_ASSIGNMENT (  '', '', ( #1970 ) ) ;
#283 = SHAPE_REPRESENTATION ( '5', ( #1401 ), #4708 ) ;
#284 = DIRECTION ( 'NONE',  ( 0.0000000000000000000, 1.000000000000000000, 0.0000000000000000000 ) ) ;
#285 =( LENGTH_UNIT ( ) NAMED_UNIT ( * ) SI_UNIT ( .MILLI., .METRE. ) );
#286 = MECHANICAL_DESIGN_GEOMETRIC_PRESENTATION_REPRESENTATION (  '', ( #4179 ), #3839 ) ;
#287 = UNCERTAINTY_MEASURE_WITH_UNIT (LENGTH_MEASURE( 1.000000000000000082E-05 ), #3876, 'distance_accuracy_value', 'NONE');
#288 = ORIENTED_EDGE ( 'NONE', *, *, #5042, .T. ) ;
#289 =( GEOMETRIC_REPRESENTATION_CONTEXT ( 3 ) GLOBAL_UNCERTAINTY_ASSIGNED_CONTEXT ( ( #5016 ) ) GLOBAL_UNIT_ASSIGNED_CONTEXT ( ( #3825, #971, #98 ) ) REPRESENTATION_CONTEXT ( 'NONE', 'WORKASPACE' ) );
#290 = SURFACE_STYLE_FILL_AREA ( #3951 ) ;
#291 = DIRECTION ( 'NONE',  ( 0.0000000000000000000, 0.0000000000000000000, 1.000000000000000000 ) ) ;
#292 = SURFACE_STYLE_FILL_AREA ( #1049 ) ;
#293 = CARTESIAN_POINT ( 'NONE',  ( 2.083484861008840117, 2.041742430504418948, 3.749999999999999556 ) ) ;
#294 = UNCERTAINTY_MEASURE_WITH_UNIT (LENGTH_MEASURE( 1.000000000000000082E-05 ), #2989, 'distance_accuracy_value', 'NONE');
#295 = SURFACE_STYLE_FILL_AREA ( #4835 ) ;
#296 = VERTEX_POINT ( 'NONE', #3233 ) ;
#297 = PRESENTATION_LAYER_ASSIGNMENT (  '', '', ( #2577 ) ) ;
#298 = ORIENTED_EDGE ( 'NONE', *, *, #2662, .F. ) ;
#299 = FACE_OUTER_BOUND ( 'NONE', #1827, .T. ) ;
#300 = VECTOR ( 'NONE', #4569, 1000.000000000000000 ) ;
#301 =( GEOMETRIC_REPRESENTATION_CONTEXT ( 3 ) GLOBAL_UNCERTAINTY_ASSIGNED_CONTEXT ( ( #1917 ) ) GLOBAL_UNIT_ASSIGNED_CONTEXT ( ( #940, #540, #511 ) ) REPRESENTATION_CONTEXT ( 'NONE', 'WORKASPACE' ) );
#302 = CARTESIAN_POINT ( 'NONE',  ( -3.000000000000000000, -1.908218829166499875, 0.0000000000000000000 ) ) ;
#303 = CARTESIAN_POINT ( 'NONE',  ( 3.000000000000000000, -2.850000000000000089, 3.449999999999999734 ) ) ;
#304 =( NAMED_UNIT ( * ) SI_UNIT ( $, .STERADIAN. ) SOLID_ANGLE_UNIT ( ) );
#305 = STYLED_ITEM ( 'NONE', ( #4673 ), #4065 ) ;
#306 = ORIENTED_EDGE ( 'NONE', *, *, #4068, .F. ) ;
#307 = ORIENTED_EDGE ( 'NONE', *, *, #2380, .T. ) ;
#308 = PRESENTATION_STYLE_ASSIGNMENT (( #3935 ) ) ;
#309 = VECTOR ( 'NONE', #129, 1000.000000000000000 ) ;
#310 = EDGE_CURVE ( 'NONE', #1874, #4804, #4151, .T. ) ;
#311 = ADVANCED_BREP_SHAPE_REPRESENTATION ( '', ( #1734, #1401 ), #991 ) ;
#312 = LINE ( 'NONE', #4798, #1195 ) ;
#313 = PRESENTATION_LAYER_ASSIGNMENT (  '', '', ( #2426 ) ) ;
#314 = EDGE_CURVE ( 'NONE', #2225, #2614, #3721, .T. ) ;
#315 =( LENGTH_UNIT ( ) NAMED_UNIT ( * ) SI_UNIT ( .MILLI., .METRE. ) );
#316 =( NAMED_UNIT ( * ) SI_UNIT ( $, .STERADIAN. ) SOLID_ANGLE_UNIT ( ) );
#317 =( NAMED_UNIT ( * ) PLANE_ANGLE_UNIT ( ) SI_UNIT ( $, .RADIAN. ) );
#318 = ORIENTED_EDGE ( 'NONE', *, *, #3763, .F. ) ;
#319 =( BOUNDED_CURVE ( )  B_SPLINE_CURVE ( 3, ( #684, #1895, #1922, #2235 ),
 .UNSPECIFIED., .F., .T. ) 
 B_SPLINE_CURVE_WITH_KNOTS ( ( 4, 4 ),
 ( 0.0000000000000000000, 1.000000000000000000 ),
 .UNSPECIFIED. ) 
 CURVE ( )  GEOMETRIC_REPRESENTATION_ITEM ( )  RATIONAL_B_SPLINE_CURVE ( ( 1.000000000000000000, 0.3333333333333368120, 0.3333333333333368120, 1.000000000000000000 ) ) 
 REPRESENTATION_ITEM ( '' )  );
#320 = FILL_AREA_STYLE ('',( #3953 ) ) ;
#321 = COLOUR_RGB ( '',0.7529411764705882248, 0.7529411764705882248, 0.7529411764705882248 ) ;
#322 = DIRECTION ( 'NONE',  ( 0.0000000000000000000, 1.000000000000000000, 0.0000000000000000000 ) ) ;
#323 = FILL_AREA_STYLE ('',( #1107 ) ) ;
#324 =( NAMED_UNIT ( * ) SI_UNIT ( $, .STERADIAN. ) SOLID_ANGLE_UNIT ( ) );
#325 = ORIENTED_EDGE ( 'NONE', *, *, #4157, .F. ) ;
#326 = EDGE_LOOP ( 'NONE', ( #2768, #1213, #3050, #3709 ) ) ;
#327 =( NAMED_UNIT ( * ) PLANE_ANGLE_UNIT ( ) SI_UNIT ( $, .RADIAN. ) );
#328 = CARTESIAN_POINT ( 'NONE',  ( 4.074999999999999289, 1.891781170833499948, 1.000000000000000000 ) ) ;
#329 = CARTESIAN_POINT ( 'NONE',  ( 0.0000000000000000000, -3.000000000000000000, 0.0000000000000000000 ) ) ;
#330 = CARTESIAN_POINT ( 'NONE',  ( -4.500000000000000000, -2.608218829166499830, 0.2999999999999999889 ) ) ;
#331 = VERTEX_POINT ( 'NONE', #521 ) ;
#332 = ORIENTED_EDGE ( 'NONE', *, *, #3106, .T. ) ;
#333 =( LENGTH_UNIT ( ) NAMED_UNIT ( * ) SI_UNIT ( .MILLI., .METRE. ) );
#334 = SURFACE_STYLE_FILL_AREA ( #4731 ) ;
#335 = SURFACE_STYLE_USAGE ( .BOTH. , #2715 ) ;
#336 = UNCERTAINTY_MEASURE_WITH_UNIT (LENGTH_MEASURE( 1.000000000000000082E-05 ), #670, 'distance_accuracy_value', 'NONE');
#337 = VECTOR ( 'NONE', #2675, 1000.000000000000000 ) ;
#338 = ADVANCED_FACE ( 'NONE', ( #2932 ), #2528, .T. ) ;
#339 = EDGE_CURVE ( 'NONE', #33, #2372, #124, .T. ) ;
#340 = AXIS2_PLACEMENT_3D ( 'NONE', #2115, #4092, #4061 ) ;
#341 =( NAMED_UNIT ( * ) PLANE_ANGLE_UNIT ( ) SI_UNIT ( $, .RADIAN. ) );
#342 = PRESENTATION_STYLE_ASSIGNMENT (( #3914 ) ) ;
#343 = DIRECTION ( 'NONE',  ( -3.231085104332679983E-15, -1.000000000000000000, 2.938735877055720084E-31 ) ) ;
#344 = COLOUR_RGB ( '',0.0000000000000000000, 0.0000000000000000000, 0.0000000000000000000 ) ;
#345 = PRODUCT_DEFINITION ( 'UNKNOWN', '', #1566, #1857 ) ;
#346 = ORIENTED_EDGE ( 'NONE', *, *, #2609, .F. ) ;
#347 = EDGE_CURVE ( 'NONE', #728, #1452, #1693, .T. ) ;
#348 = CIRCLE ( 'NONE', #4152, 0.1499999999999999667 ) ;
#349 = SURFACE_STYLE_USAGE ( .BOTH. , #749 ) ;
#350 = UNCERTAINTY_MEASURE_WITH_UNIT (LENGTH_MEASURE( 1.000000000000000082E-05 ), #1930, 'distance_accuracy_value', 'NONE');
#351 = CARTESIAN_POINT ( 'NONE',  ( -3.750000000000000000, 2.591781170833500347, 0.0000000000000000000 ) ) ;
#352 = SHAPE_REPRESENTATION ( '11', ( #1401 ), #1224 ) ;
#353 = PRESENTATION_LAYER_ASSIGNMENT (  '', '', ( #2631 ) ) ;
#354 = ORIENTED_EDGE ( 'NONE', *, *, #568, .F. ) ;
#355 = DIRECTION ( 'NONE',  ( -0.0000000000000000000, -1.000000000000000000, -0.0000000000000000000 ) ) ;
#356 = DIRECTION ( 'NONE',  ( 0.0000000000000000000, -1.000000000000000000, 0.0000000000000000000 ) ) ;
#357 = SURFACE_SIDE_STYLE ('',( #2368 ) ) ;
#358 =( NAMED_UNIT ( * ) SI_UNIT ( $, .STERADIAN. ) SOLID_ANGLE_UNIT ( ) );
#359 = VERTEX_POINT ( 'NONE', #2157 ) ;
#360 = ORIENTED_EDGE ( 'NONE', *, *, #4312, .F. ) ;
#361 =( GEOMETRIC_REPRESENTATION_CONTEXT ( 3 ) GLOBAL_UNCERTAINTY_ASSIGNED_CONTEXT ( ( #4470 ) ) GLOBAL_UNIT_ASSIGNED_CONTEXT ( ( #4464, #839, #519 ) ) REPRESENTATION_CONTEXT ( 'NONE', 'WORKASPACE' ) );
#362 = DIRECTION ( 'NONE',  ( 0.0000000000000000000, 0.0000000000000000000, 1.000000000000000000 ) ) ;
#363 = DIRECTION ( 'NONE',  ( 1.000000000000000000, 0.0000000000000000000, 0.0000000000000000000 ) ) ;
#364 = FILL_AREA_STYLE_COLOUR ( '', #616 ) ;
#365 = AXIS2_PLACEMENT_3D ( 'NONE', #2419, #4037, #1609 ) ;
#366 = APPLICATION_CONTEXT ( 'automotive_design' ) ;
#367 = DIRECTION ( 'NONE',  ( -1.000000000000000000, 0.0000000000000000000, 0.0000000000000000000 ) ) ;
#368 =( NAMED_UNIT ( * ) PLANE_ANGLE_UNIT ( ) SI_UNIT ( $, .RADIAN. ) );
#369 = DIRECTION ( 'NONE',  ( 1.000000000000000000, -4.336808689942025625E-15, 0.0000000000000000000 ) ) ;
#370 = CARTESIAN_POINT ( 'NONE',  ( 3.649999999999999911, 2.241781170833500259, 0.3999999999999999667 ) ) ;
#371 = PRESENTATION_STYLE_ASSIGNMENT (( #2326 ) ) ;
#372 = MECHANICAL_DESIGN_GEOMETRIC_PRESENTATION_REPRESENTATION (  '', ( #1970 ), #1541 ) ;
#373 = ORIENTED_EDGE ( 'NONE', *, *, #2350, .F. ) ;
#374 = VECTOR ( 'NONE', #484, 1000.000000000000000 ) ;
#375 = COLOUR_RGB ( '',0.7529411764705882248, 0.7529411764705882248, 0.7529411764705882248 ) ;
#376 = PRODUCT_RELATED_PRODUCT_CATEGORY ( 'part', '', ( #2999 ) ) ;
#377 = CARTESIAN_POINT ( 'NONE',  ( 2.493254395993284689, 1.753372802003352993, 3.749999999999998224 ) ) ;
#378 = EDGE_CURVE ( 'NONE', #4288, #2781, #469, .T. ) ;
#379 = PRESENTATION_STYLE_ASSIGNMENT (( #4424 ) ) ;
#380 = VERTEX_POINT ( 'NONE', #2901 ) ;
#381 = PRESENTATION_LAYER_ASSIGNMENT (  '', '', ( #975 ) ) ;
#382 = AXIS2_PLACEMENT_3D ( 'NONE', #1085, #2311, #3928 ) ;
#383 = SURFACE_STYLE_USAGE ( .BOTH. , #1561 ) ;
#384 = ORIENTED_EDGE ( 'NONE', *, *, #2018, .F. ) ;
#385 = VECTOR ( 'NONE', #2028, 1000.000000000000000 ) ;
#386 = ORIENTED_EDGE ( 'NONE', *, *, #5127, .T. ) ;
#387 = PRESENTATION_LAYER_ASSIGNMENT (  '', '', ( #4695 ) ) ;
#388 = CARTESIAN_POINT ( 'NONE',  ( 0.0000000000000000000, -3.000000000000000000, 0.0000000000000000000 ) ) ;
#389 =( NAMED_UNIT ( * ) PLANE_ANGLE_UNIT ( ) SI_UNIT ( $, .RADIAN. ) );
#390 = FILL_AREA_STYLE_COLOUR ( '', #795 ) ;
#391 = AXIS2_PLACEMENT_3D ( 'NONE', #2058, #2464, #2082 ) ;
#392 =( NAMED_UNIT ( * ) PLANE_ANGLE_UNIT ( ) SI_UNIT ( $, .RADIAN. ) );
#393 = PRESENTATION_STYLE_ASSIGNMENT (( #2849 ) ) ;
#394 = UNCERTAINTY_MEASURE_WITH_UNIT (LENGTH_MEASURE( 1.000000000000000082E-05 ), #333, 'distance_accuracy_value', 'NONE');
#395 = FACE_OUTER_BOUND ( 'NONE', #3703, .T. ) ;
#396 = ORIENTED_EDGE ( 'NONE', *, *, #2118, .F. ) ;
#397 = DIRECTION ( 'NONE',  ( 0.0000000000000000000, 0.0000000000000000000, -1.000000000000000000 ) ) ;
#398 = PLANE ( 'NONE',  #1353 ) ;
#399 = UNCERTAINTY_MEASURE_WITH_UNIT (LENGTH_MEASURE( 1.000000000000000082E-05 ), #1717, 'distance_accuracy_value', 'NONE');
#400 = EDGE_CURVE ( 'NONE', #11, #3989, #4518, .T. ) ;
#401 = STYLED_ITEM ( 'NONE', ( #4149 ), #5157 ) ;
#402 = ORIENTED_EDGE ( 'NONE', *, *, #731, .F. ) ;
#403 = EDGE_CURVE ( 'NONE', #3224, #1297, #150, .T. ) ;
#404 = COLOUR_RGB ( '',0.7921568627450980005, 0.8196078431372548767, 0.9333333333333333481 ) ;
#405 = PLANE ( 'NONE',  #53 ) ;
#406 = CARTESIAN_POINT ( 'NONE',  ( 3.250000000000000444, 2.591781170833500791, 1.300000000000000044 ) ) ;
#407 = COLOUR_RGB ( '',0.7921568627450980005, 0.8196078431372548767, 0.9333333333333333481 ) ;
#408 = ORIENTED_EDGE ( 'NONE', *, *, #1522, .T. ) ;
#409 = ORIENTED_EDGE ( 'NONE', *, *, #2080, .F. ) ;
#410 = ADVANCED_FACE ( '3', ( #492 ), #2180, .T. ) ;
#411 =( LENGTH_UNIT ( ) NAMED_UNIT ( * ) SI_UNIT ( .MILLI., .METRE. ) );
#412 = FACE_OUTER_BOUND ( 'NONE', #509, .T. ) ;
#413 = PRESENTATION_STYLE_ASSIGNMENT (( #4073 ) ) ;
#414 = SURFACE_STYLE_USAGE ( .BOTH. , #2867 ) ;
#415 = MECHANICAL_DESIGN_GEOMETRIC_PRESENTATION_REPRESENTATION (  '', ( #3639 ), #3795 ) ;
#416 = DIRECTION ( 'NONE',  ( 0.0000000000000000000, 0.0000000000000000000, -1.000000000000000000 ) ) ;
#417 = PRESENTATION_STYLE_ASSIGNMENT (( #1975 ) ) ;
#418 = FILL_AREA_STYLE ('',( #2076 ) ) ;
#419 = CARTESIAN_POINT ( 'NONE',  ( -3.250000000000000000, -1.908218829166499875, 0.9000000000000000222 ) ) ;
#420 = SURFACE_STYLE_FILL_AREA ( #4027 ) ;
#421 = ORIENTED_EDGE ( 'NONE', *, *, #2016, .T. ) ;
#422 = MECHANICAL_DESIGN_GEOMETRIC_PRESENTATION_REPRESENTATION (  '', ( #4907 ), #672 ) ;
#423 = AXIS2_PLACEMENT_3D ( 'NONE', #4400, #1115, #4292 ) ;
#424 = PLANE ( 'NONE',  #3462 ) ;
#425 = DIRECTION ( 'NONE',  ( 0.0000000000000000000, 1.000000000000000000, 0.0000000000000000000 ) ) ;
#426 = DIRECTION ( 'NONE',  ( 0.0000000000000000000, 1.000000000000000000, 0.0000000000000000000 ) ) ;
#427 = STYLED_ITEM ( 'NONE', ( #4176 ), #3058 ) ;
#428 = MECHANICAL_DESIGN_GEOMETRIC_PRESENTATION_REPRESENTATION (  '', ( #3118 ), #3282 ) ;
#429 = CARTESIAN_POINT ( 'NONE',  ( -1.708578643762689309, -3.417157287525380394, 4.299999999999999822 ) ) ;
#430 = ORIENTED_EDGE ( 'NONE', *, *, #3275, .F. ) ;
#431 = COLOUR_RGB ( '',0.0000000000000000000, 0.0000000000000000000, 0.0000000000000000000 ) ;
#432 =( GEOMETRIC_REPRESENTATION_CONTEXT ( 3 ) GLOBAL_UNCERTAINTY_ASSIGNED_CONTEXT ( ( #4853 ) ) GLOBAL_UNIT_ASSIGNED_CONTEXT ( ( #4053, #844, #4831 ) ) REPRESENTATION_CONTEXT ( 'NONE', 'WORKASPACE' ) );
#433 =( NAMED_UNIT ( * ) PLANE_ANGLE_UNIT ( ) SI_UNIT ( $, .RADIAN. ) );
#434 = DIRECTION ( 'NONE',  ( 1.000000000000000000, 0.0000000000000000000, 0.0000000000000000000 ) ) ;
#435 = PRODUCT_DEFINITION_CONTEXT ( 'detailed design', #2732, 'design' ) ;
#436 = PRESENTATION_LAYER_ASSIGNMENT (  '', '', ( #2626 ) ) ;
#437 = VERTEX_POINT ( 'NONE', #1095 ) ;
#438 = ORIENTED_EDGE ( 'NONE', *, *, #461, .T. ) ;
#439 =( NAMED_UNIT ( * ) SI_UNIT ( $, .STERADIAN. ) SOLID_ANGLE_UNIT ( ) );
#440 = CARTESIAN_POINT ( 'NONE',  ( 0.0000000000000000000, 1.891781170833499948, 0.0000000000000000000 ) ) ;
#441 = ADVANCED_FACE ( 'NONE', ( #713 ), #3885, .F. ) ;
#442 = DIRECTION ( 'NONE',  ( -1.000000000000000000, 0.0000000000000000000, -0.0000000000000000000 ) ) ;
#443 = EDGE_CURVE ( 'NONE', #4772, #3019, #3104, .T. ) ;
#444 = MECHANICAL_DESIGN_GEOMETRIC_PRESENTATION_REPRESENTATION (  '', ( #2041 ), #1784 ) ;
#445 = COLOUR_RGB ( '',0.0000000000000000000, 0.0000000000000000000, 0.0000000000000000000 ) ;
#446 = VECTOR ( 'NONE', #1062, 1000.000000000000000 ) ;
#447 = EDGE_LOOP ( 'NONE', ( #4211, #2088, #897, #3023 ) ) ;
#448 = PRESENTATION_STYLE_ASSIGNMENT (( #3631 ) ) ;
#449 = FILL_AREA_STYLE ('',( #4903 ) ) ;
#450 = CARTESIAN_POINT ( 'NONE',  ( 3.749999999999995115, -2.608218829166499830, 0.4000000000000000222 ) ) ;
#451 = PRESENTATION_LAYER_ASSIGNMENT (  '', '', ( #4678 ) ) ;
#452 = ORIENTED_EDGE ( 'NONE', *, *, #209, .F. ) ;
#453 = AXIS2_PLACEMENT_3D ( 'NONE', #3477, #5096, #1861 ) ;
#454 =( NAMED_UNIT ( * ) SI_UNIT ( $, .STERADIAN. ) SOLID_ANGLE_UNIT ( ) );
#455 = CARTESIAN_POINT ( 'NONE',  ( -3.250000000000000000, 2.241781170833500259, 1.300000000000000044 ) ) ;
#456 = LINE ( 'NONE', #480, #2276 ) ;
#457 = VERTEX_POINT ( 'NONE', #2322 ) ;
#458 = SURFACE_STYLE_USAGE ( .BOTH. , #2121 ) ;
#459 = SURFACE_STYLE_USAGE ( .BOTH. , #5019 ) ;
#460 = VECTOR ( 'NONE', #2498, 1000.000000000000000 ) ;
#461 = EDGE_CURVE ( 'NONE', #1694, #2998, #3481, .T. ) ;
#462 = EDGE_CURVE ( 'NONE', #5145, #2876, #4736, .T. ) ;
#463 = AXIS2_PLACEMENT_3D ( 'NONE', #264, #4341, #774 ) ;
#464 = AXIS2_PLACEMENT_3D ( 'NONE', #4045, #362, #3621 ) ;
#465 = PRESENTATION_STYLE_ASSIGNMENT (( #3229 ) ) ;
#466 = FILL_AREA_STYLE ('',( #3627 ) ) ;
#467 = LINE ( 'NONE', #3694, #2601 ) ;
#468 = PRESENTATION_STYLE_ASSIGNMENT (( #2005 ) ) ;
#469 = LINE ( 'NONE', #2502, #3390 ) ;
#470 = AXIS2_PLACEMENT_3D ( 'NONE', #2245, #1442, #1005 ) ;
#471 = ORIENTED_EDGE ( 'NONE', *, *, #4321, .T. ) ;
#472 = EDGE_CURVE ( 'NONE', #475, #4519, #1459, .T. ) ;
#473 = CARTESIAN_POINT ( 'NONE',  ( 0.0000000000000000000, 0.0000000000000000000, 4.200000000000000178 ) ) ;
#474 = DIRECTION ( 'NONE',  ( -0.0000000000000000000, -0.0000000000000000000, -1.000000000000000000 ) ) ;
#475 = VERTEX_POINT ( 'NONE', #1509 ) ;
#476 =( GEOMETRIC_REPRESENTATION_CONTEXT ( 3 ) GLOBAL_UNCERTAINTY_ASSIGNED_CONTEXT ( ( #1234 ) ) GLOBAL_UNIT_ASSIGNED_CONTEXT ( ( #4389, #3132, #3085 ) ) REPRESENTATION_CONTEXT ( 'NONE', 'WORKASPACE' ) );
#477 = FILL_AREA_STYLE_COLOUR ( '', #38 ) ;
#478 = LINE ( 'NONE', #2885, #2371 ) ;
#479 = CARTESIAN_POINT ( 'NONE',  ( -3.000000000000000444, -1.908218829166499875, 1.300000000000000044 ) ) ;
#480 = CARTESIAN_POINT ( 'NONE',  ( 0.0000000000000000000, 3.000000000000000000, 0.0000000000000000000 ) ) ;
#481 = ORIENTED_EDGE ( 'NONE', *, *, #314, .T. ) ;
#482 =( GEOMETRIC_REPRESENTATION_CONTEXT ( 3 ) GLOBAL_UNCERTAINTY_ASSIGNED_CONTEXT ( ( #3847 ) ) GLOBAL_UNIT_ASSIGNED_CONTEXT ( ( #1992, #1939, #358 ) ) REPRESENTATION_CONTEXT ( 'NONE', 'WORKASPACE' ) );
#483 =( BOUNDED_CURVE ( )  B_SPLINE_CURVE ( 3, ( #1526, #244, #4694, #1054 ),
 .UNSPECIFIED., .F., .T. ) 
 B_SPLINE_CURVE_WITH_KNOTS ( ( 4, 4 ),
 ( 0.0000000000000000000, 1.000000000000000000 ),
 .UNSPECIFIED. ) 
 CURVE ( )  GEOMETRIC_REPRESENTATION_ITEM ( )  RATIONAL_B_SPLINE_CURVE ( ( 1.000000000000000000, 0.3333333333333333703, 0.3333333333333333703, 1.000000000000000000 ) ) 
 REPRESENTATION_ITEM ( '' )  );
#484 = DIRECTION ( 'NONE',  ( 0.0000000000000000000, -1.000000000000000000, -0.0000000000000000000 ) ) ;
#485 = LINE ( 'NONE', #2580, #2057 ) ;
#486 = MECHANICAL_DESIGN_GEOMETRIC_PRESENTATION_REPRESENTATION (  '', ( #4046 ), #1058 ) ;
#487 = ADVANCED_BREP_SHAPE_REPRESENTATION ( '', ( #3563, #1401 ), #4890 ) ;
#488 = CARTESIAN_POINT ( 'NONE',  ( -2.000000000000000000, 2.500000000000000000, 3.449999999999999734 ) ) ;
#489 = FILL_AREA_STYLE ('',( #3426 ) ) ;
#490 = APPLICATION_PROTOCOL_DEFINITION ( 'draft international standard', 'automotive_design', 1998, #3707 ) ;
#491 =( NAMED_UNIT ( * ) SI_UNIT ( $, .STERADIAN. ) SOLID_ANGLE_UNIT ( ) );
#492 = FACE_OUTER_BOUND ( 'NONE', #2241, .T. ) ;
#493 = ORIENTED_EDGE ( 'NONE', *, *, #3692, .F. ) ;
#494 = DIRECTION ( 'NONE',  ( 0.0000000000000000000, 0.0000000000000000000, 1.000000000000000000 ) ) ;
#495 =( NAMED_UNIT ( * ) PLANE_ANGLE_UNIT ( ) SI_UNIT ( $, .RADIAN. ) );
#496 = UNCERTAINTY_MEASURE_WITH_UNIT (LENGTH_MEASURE( 1.000000000000000082E-05 ), #4773, 'distance_accuracy_value', 'NONE');
#497 = PLANE ( 'NONE',  #1777 ) ;
#498 = EDGE_CURVE ( 'NONE', #359, #2097, #4650, .T. ) ;
#499 =( GEOMETRIC_REPRESENTATION_CONTEXT ( 3 ) GLOBAL_UNCERTAINTY_ASSIGNED_CONTEXT ( ( #4589 ) ) GLOBAL_UNIT_ASSIGNED_CONTEXT ( ( #3209, #4851, #2456 ) ) REPRESENTATION_CONTEXT ( 'NONE', 'WORKASPACE' ) );
#500 = EDGE_CURVE ( 'NONE', #2815, #4551, #20, .T. ) ;
#501 = VERTEX_POINT ( 'NONE', #1051 ) ;
#502 = DIRECTION ( 'NONE',  ( 0.0000000000000000000, -1.000000000000000000, 0.0000000000000000000 ) ) ;
#503 = AXIS2_PLACEMENT_3D ( 'NONE', #2797, #1149, #1539 ) ;
#504 =( LENGTH_UNIT ( ) NAMED_UNIT ( * ) SI_UNIT ( .MILLI., .METRE. ) );
#505 = PRESENTATION_LAYER_ASSIGNMENT (  '', '', ( #3118 ) ) ;
#506 = PRESENTATION_STYLE_ASSIGNMENT (( #3251 ) ) ;
#507 = DIRECTION ( 'NONE',  ( 3.231085104332679983E-15, 1.000000000000000000, -0.0000000000000000000 ) ) ;
#508 = STYLED_ITEM ( 'NONE', ( #4343 ), #58 ) ;
#509 = EDGE_LOOP ( 'NONE', ( #1472, #936, #4105, #558, #4604, #3527, #248, #3168 ) ) ;
#510 = CIRCLE ( 'NONE', #1424, 0.5000000000000000000 ) ;
#511 =( NAMED_UNIT ( * ) SI_UNIT ( $, .STERADIAN. ) SOLID_ANGLE_UNIT ( ) );
#512 = DIRECTION ( 'NONE',  ( 1.000000000000000000, 0.0000000000000000000, -0.0000000000000000000 ) ) ;
#513 = VECTOR ( 'NONE', #4602, 1000.000000000000000 ) ;
#514 = CARTESIAN_POINT ( 'NONE',  ( -2.000000000000000000, 2.246627197996641900, 3.749999999999998224 ) ) ;
#515 = CARTESIAN_POINT ( 'NONE',  ( 3.250000000000001332, -1.908218829166499431, 0.9000000000000000222 ) ) ;
#516 = DIRECTION ( 'NONE',  ( 1.000000000000000000, 0.0000000000000000000, 0.0000000000000000000 ) ) ;
#517 = PRODUCT_CONTEXT ( 'NONE', #366, 'mechanical' ) ;
#518 = FACE_OUTER_BOUND ( 'NONE', #3416, .T. ) ;
#519 =( NAMED_UNIT ( * ) SI_UNIT ( $, .STERADIAN. ) SOLID_ANGLE_UNIT ( ) );
#520 = CIRCLE ( 'NONE', #3571, 0.09999999999999982514 ) ;
#521 = CARTESIAN_POINT ( 'NONE',  ( 3.250000000000000444, -1.908218829166499875, 1.000000000000000000 ) ) ;
#522 = ORIENTED_EDGE ( 'NONE', *, *, #2697, .T. ) ;
#523 = MECHANICAL_DESIGN_GEOMETRIC_PRESENTATION_REPRESENTATION (  '', ( #5091 ), #3480 ) ;
#524 = CARTESIAN_POINT ( 'NONE',  ( 2.850000000000000089, 3.000000000000000000, 3.149999999999999911 ) ) ;
#525 = PRESENTATION_STYLE_ASSIGNMENT (( #1790 ) ) ;
#526 = SURFACE_STYLE_FILL_AREA ( #958 ) ;
#527 = VERTEX_POINT ( 'NONE', #4992 ) ;
#528 = PRODUCT_RELATED_PRODUCT_CATEGORY ( 'part', '', ( #1730 ) ) ;
#529 = MECHANICAL_DESIGN_GEOMETRIC_PRESENTATION_REPRESENTATION (  '', ( #4422 ), #1451 ) ;
#530 = EDGE_CURVE ( 'NONE', #1641, #4560, #586, .T. ) ;
#531 = PLANE ( 'NONE',  #4481 ) ;
#532 = CARTESIAN_POINT ( 'NONE',  ( -3.000000000000000000, 0.0000000000000000000, 3.149999999999999911 ) ) ;
#533 = CARTESIAN_POINT ( 'NONE',  ( 0.0000000000000000000, 0.0000000000000000000, 0.0000000000000000000 ) ) ;
#534 = CARTESIAN_POINT ( 'NONE',  ( -2.000000000000004441, 1.581953906996889092, 3.637779991155306369 ) ) ;
#535 =( LENGTH_UNIT ( ) NAMED_UNIT ( * ) SI_UNIT ( .MILLI., .METRE. ) );
#536 = VECTOR ( 'NONE', #3101, 1000.000000000000000 ) ;
#537 = ORIENTED_EDGE ( 'NONE', *, *, #793, .T. ) ;
#538 = ADVANCED_FACE ( 'NONE', ( #3789 ), #4473, .T. ) ;
#539 = PRESENTATION_STYLE_ASSIGNMENT (( #2200 ) ) ;
#540 =( NAMED_UNIT ( * ) PLANE_ANGLE_UNIT ( ) SI_UNIT ( $, .RADIAN. ) );
#541 =( GEOMETRIC_REPRESENTATION_CONTEXT ( 3 ) GLOBAL_UNCERTAINTY_ASSIGNED_CONTEXT ( ( #137 ) ) GLOBAL_UNIT_ASSIGNED_CONTEXT ( ( #4461, #3622, #4822 ) ) REPRESENTATION_CONTEXT ( 'NONE', 'WORKASPACE' ) );
#542 = CARTESIAN_POINT ( 'NONE',  ( -4.074999999999999289, -1.908218829166499875, 0.2999999999999999889 ) ) ;
#543 = PRESENTATION_LAYER_ASSIGNMENT (  '', '', ( #4274 ) ) ;
#544 = CARTESIAN_POINT ( 'NONE',  ( 2.000000000000000444, -2.246627197996641900, 3.749999999999998224 ) ) ;
#545 = CARTESIAN_POINT ( 'NONE',  ( -3.000000000000000000, -2.850000000000000089, 0.0000000000000000000 ) ) ;
#546 = DIRECTION ( 'NONE',  ( 1.000000000000000000, 1.224646799147353207E-16, 0.0000000000000000000 ) ) ;
#547 = APPLICATION_PROTOCOL_DEFINITION ( 'draft international standard', 'automotive_design', 1998, #3912 ) ;
#548 = COLOUR_RGB ( '',0.0000000000000000000, 0.0000000000000000000, 0.0000000000000000000 ) ;
#549 = CARTESIAN_POINT ( 'NONE',  ( -1.999999999999995337, -2.499999999999999556, 3.449999999999999734 ) ) ;
#550 = COLOUR_RGB ( '',0.0000000000000000000, 0.0000000000000000000, 0.0000000000000000000 ) ;
#551 = DIRECTION ( 'NONE',  ( 0.0000000000000000000, 0.0000000000000000000, 1.000000000000000000 ) ) ;
#552 = EDGE_LOOP ( 'NONE', ( #1130, #3821, #3630, #817, #2514, #2467, #2256, #2828, #1747, #4059, #1476, #2168 ) ) ;
#553 = CIRCLE ( 'NONE', #5199, 0.5000000000000000000 ) ;
#554 = SURFACE_STYLE_FILL_AREA ( #3030 ) ;
#555 = SURFACE_SIDE_STYLE ('',( #4181 ) ) ;
#556 = CARTESIAN_POINT ( 'NONE',  ( 3.250000000000000000, 2.241781170833500259, 1.300000000000000044 ) ) ;
#557 = VECTOR ( 'NONE', #2270, 1000.000000000000000 ) ;
#558 = ORIENTED_EDGE ( 'NONE', *, *, #2988, .F. ) ;
#559 = PRESENTATION_LAYER_ASSIGNMENT (  '', '', ( #1562 ) ) ;
#560 = AXIS2_PLACEMENT_3D ( 'NONE', #4206, #2183, #2936 ) ;
#561 = DIRECTION ( 'NONE',  ( 0.0000000000000000000, 0.0000000000000000000, 1.000000000000000000 ) ) ;
#562 = CARTESIAN_POINT ( 'NONE',  ( -3.750000000000000000, -1.908218829166499875, 0.4000000000000000222 ) ) ;
#563 = DIRECTION ( 'NONE',  ( 0.0000000000000000000, 0.0000000000000000000, 1.000000000000000000 ) ) ;
#564 = UNCERTAINTY_MEASURE_WITH_UNIT (LENGTH_MEASURE( 1.000000000000000082E-05 ), #4385, 'distance_accuracy_value', 'NONE');
#565 = ADVANCED_FACE ( 'NONE', ( #2194 ), #4614, .T. ) ;
#566 = PRODUCT_DEFINITION_FORMATION_WITH_SPECIFIED_SOURCE ( 'ANY', '', #1730, .NOT_KNOWN. ) ;
#567 = ORIENTED_EDGE ( 'NONE', *, *, #3696, .T. ) ;
#568 = EDGE_CURVE ( 'NONE', #2700, #4466, #2388, .T. ) ;
#569 = APPLICATION_CONTEXT ( 'automotive_design' ) ;
#570 = DIRECTION ( 'NONE',  ( -3.231085104332679983E-15, -1.000000000000000000, 0.0000000000000000000 ) ) ;
#571 = FILL_AREA_STYLE ('',( #4193 ) ) ;
#572 = ADVANCED_FACE ( 'NONE', ( #4749 ), #2330, .T. ) ;
#573 = CARTESIAN_POINT ( 'NONE',  ( 3.349999999999999645, 1.891781170833501280, 0.9000000000000000222 ) ) ;
#574 = CARTESIAN_POINT ( 'NONE',  ( -1.000000000000001998, -1.500000000000000222, 3.450000000000000622 ) ) ;
#575 = FACE_OUTER_BOUND ( 'NONE', #273, .T. ) ;
#576 = SHAPE_DEFINITION_REPRESENTATION ( #1894, #2504 ) ;
#577 = COLOUR_RGB ( '',0.7529411764705882248, 0.7529411764705882248, 0.7529411764705882248 ) ;
#578 = CARTESIAN_POINT ( 'NONE',  ( -3.000000000000003997, -2.500000000000008882, 3.450000000000000622 ) ) ;
#579 =( NAMED_UNIT ( * ) SI_UNIT ( $, .STERADIAN. ) SOLID_ANGLE_UNIT ( ) );
#580 = ORIENTED_EDGE ( 'NONE', *, *, #314, .F. ) ;
#581 = DIRECTION ( 'NONE',  ( -0.0000000000000000000, -0.0000000000000000000, -1.000000000000000000 ) ) ;
#582 =( NAMED_UNIT ( * ) PLANE_ANGLE_UNIT ( ) SI_UNIT ( $, .RADIAN. ) );
#583 = ORIENTED_EDGE ( 'NONE', *, *, #3971, .T. ) ;
#584 = DIRECTION ( 'NONE',  ( 0.0000000000000000000, 0.0000000000000000000, -1.000000000000000000 ) ) ;
#585 = DIRECTION ( 'NONE',  ( 1.000000000000000000, 0.0000000000000000000, 0.0000000000000000000 ) ) ;
#586 = LINE ( 'NONE', #2218, #2718 ) ;
#587 = VERTEX_POINT ( 'NONE', #1957 ) ;
#588 = VECTOR ( 'NONE', #279, 1000.000000000000000 ) ;
#589 = MECHANICAL_DESIGN_GEOMETRIC_PRESENTATION_REPRESENTATION (  '', ( #1938 ), #3711 ) ;
#590 = SURFACE_STYLE_FILL_AREA ( #4218 ) ;
#591 =( LENGTH_UNIT ( ) NAMED_UNIT ( * ) SI_UNIT ( .MILLI., .METRE. ) );
#592 = SURFACE_STYLE_FILL_AREA ( #2891 ) ;
#593 = UNCERTAINTY_MEASURE_WITH_UNIT (LENGTH_MEASURE( 1.000000000000000082E-05 ), #3087, 'distance_accuracy_value', 'NONE');
#594 = COLOUR_RGB ( '',0.0000000000000000000, 0.0000000000000000000, 0.0000000000000000000 ) ;
#595 = ORIENTED_EDGE ( 'NONE', *, *, #2505, .F. ) ;
#596 = PRODUCT_DEFINITION_SHAPE ( 'NONE', 'NONE',  #5225 ) ;
#597 = AXIS2_PLACEMENT_3D ( 'NONE', #59, #2810, #78 ) ;
#598 = PRODUCT_DEFINITION ( 'UNKNOWN', '', #3520, #4401 ) ;
#599 = EDGE_CURVE ( 'NONE', #2202, #3903, #3131, .T. ) ;
#600 = CARTESIAN_POINT ( 'NONE',  ( -2.000000000000000000, -1.500000000000000444, 3.449999999999999734 ) ) ;
#601 = CARTESIAN_POINT ( 'NONE',  ( -4.500000000000000000, 1.891781170833499948, 0.0000000000000000000 ) ) ;
#602 = CARTESIAN_POINT ( 'NONE',  ( -4.074999999999999289, 2.591781170833500347, 1.000000000000000000 ) ) ;
#603 = CARTESIAN_POINT ( 'NONE',  ( -3.750000000000000000, -3.379109414583250093, 0.4000000000000000222 ) ) ;
#604 = ORIENTED_EDGE ( 'NONE', *, *, #500, .T. ) ;
#605 = COLOUR_RGB ( '',0.7529411764705882248, 0.7529411764705882248, 0.7529411764705882248 ) ;
#606 = CARTESIAN_POINT ( 'NONE',  ( 3.749999999999998668, 2.591781170833499903, 0.3000000000000000444 ) ) ;
#607 = FILL_AREA_STYLE ('',( #4957 ) ) ;
#608 = SURFACE_SIDE_STYLE ('',( #3010 ) ) ;
#609 = COLOUR_RGB ( '',0.7529411764705882248, 0.7529411764705882248, 0.7529411764705882248 ) ;
#610 = ORIENTED_EDGE ( 'NONE', *, *, #2772, .T. ) ;
#611 = PRESENTATION_STYLE_ASSIGNMENT (( #1363 ) ) ;
#612 =( NAMED_UNIT ( * ) PLANE_ANGLE_UNIT ( ) SI_UNIT ( $, .RADIAN. ) );
#613 =( NAMED_UNIT ( * ) SI_UNIT ( $, .STERADIAN. ) SOLID_ANGLE_UNIT ( ) );
#614 = CARTESIAN_POINT ( 'NONE',  ( 0.0000000000000000000, 0.0000000000000000000, 0.0000000000000000000 ) ) ;
#615 =( LENGTH_UNIT ( ) NAMED_UNIT ( * ) SI_UNIT ( .MILLI., .METRE. ) );
#616 = COLOUR_RGB ( '',0.7529411764705882248, 0.7529411764705882248, 0.7529411764705882248 ) ;
#617 = UNCERTAINTY_MEASURE_WITH_UNIT (LENGTH_MEASURE( 1.000000000000000082E-05 ), #3472, 'distance_accuracy_value', 'NONE');
#618 =( NAMED_UNIT ( * ) PLANE_ANGLE_UNIT ( ) SI_UNIT ( $, .RADIAN. ) );
#619 = ORIENTED_EDGE ( 'NONE', *, *, #798, .F. ) ;
#620 = PRESENTATION_LAYER_ASSIGNMENT (  '', '', ( #867 ) ) ;
#621 = FILL_AREA_STYLE ('',( #3496 ) ) ;
#622 =( NAMED_UNIT ( * ) SI_UNIT ( $, .STERADIAN. ) SOLID_ANGLE_UNIT ( ) );
#623 = SURFACE_STYLE_FILL_AREA ( #5072 ) ;
#624 =( GEOMETRIC_REPRESENTATION_CONTEXT ( 3 ) GLOBAL_UNCERTAINTY_ASSIGNED_CONTEXT ( ( #3295 ) ) GLOBAL_UNIT_ASSIGNED_CONTEXT ( ( #4161, #213, #1715 ) ) REPRESENTATION_CONTEXT ( 'NONE', 'WORKASPACE' ) );
#625 = ORIENTED_EDGE ( 'NONE', *, *, #1619, .T. ) ;
#626 = PRESENTATION_LAYER_ASSIGNMENT (  '', '', ( #2404 ) ) ;
#627 = LINE ( 'NONE', #3478, #1643 ) ;
#628 = LINE ( 'NONE', #5098, #4603 ) ;
#629 = DIRECTION ( 'NONE',  ( 3.231085104332679983E-15, 1.000000000000000000, -2.938735877055720084E-31 ) ) ;
#630 = SURFACE_SIDE_STYLE ('',( #230 ) ) ;
#631 = ADVANCED_FACE ( 'NONE', ( #3583 ), #5056, .T. ) ;
#632 =( GEOMETRIC_REPRESENTATION_CONTEXT ( 3 ) GLOBAL_UNCERTAINTY_ASSIGNED_CONTEXT ( ( #3569 ) ) GLOBAL_UNIT_ASSIGNED_CONTEXT ( ( #1802, #3047, #247 ) ) REPRESENTATION_CONTEXT ( 'NONE', 'WORKASPACE' ) );
#633 = SURFACE_STYLE_USAGE ( .BOTH. , #2593 ) ;
#634 = CARTESIAN_POINT ( 'NONE',  ( -4.500000000000000000, -4.500000000000000000, 0.2999999999999999889 ) ) ;
#635 =( NAMED_UNIT ( * ) PLANE_ANGLE_UNIT ( ) SI_UNIT ( $, .RADIAN. ) );
#636 = AXIS2_PLACEMENT_3D ( 'NONE', #2244, #3870, #240 ) ;
#637 = APPLICATION_CONTEXT ( 'automotive_design' ) ;
#638 = STYLED_ITEM ( 'NONE', ( #1969 ), #3771 ) ;
#639 = VERTEX_POINT ( 'NONE', #2907 ) ;
#640 = SURFACE_STYLE_USAGE ( .BOTH. , #3387 ) ;
#641 = CYLINDRICAL_SURFACE ( 'NONE', #636, 0.4000000000000000222 ) ;
#642 = AXIS2_PLACEMENT_3D ( 'NONE', #515, #944, #3776 ) ;
#643 = DIRECTION ( 'NONE',  ( 1.000000000000000000, 0.0000000000000000000, 0.0000000000000000000 ) ) ;
#644 = PRODUCT ( '8', '8', '', ( #517 ) ) ;
#645 = DIRECTION ( 'NONE',  ( 1.000000000000000000, 0.0000000000000000000, -0.0000000000000000000 ) ) ;
#646 = SURFACE_STYLE_FILL_AREA ( #3588 ) ;
#647 = ORIENTED_EDGE ( 'NONE', *, *, #4415, .T. ) ;
#648 = SURFACE_SIDE_STYLE ('',( #4273 ) ) ;
#649 = ORIENTED_EDGE ( 'NONE', *, *, #741, .F. ) ;
#650 = FILL_AREA_STYLE_COLOUR ( '', #2220 ) ;
#651 = CARTESIAN_POINT ( 'NONE',  ( 1.708578643762690641, 2.092405367175504394E-16, 4.299999999999999822 ) ) ;
#652 = CYLINDRICAL_SURFACE ( 'NONE', #5184, 0.1000000000000000472 ) ;
#653 = CARTESIAN_POINT ( 'NONE',  ( 2.000000000000000000, 2.041742430504415839, 3.250000000000000000 ) ) ;
#654 = ITEM_DEFINED_TRANSFORMATION ( 'NONE', 'NONE', #4280,  #1401 ) ;
#655 = SHAPE_REPRESENTATION ( '1', ( #1401 ), #1155 ) ;
#656 = FILL_AREA_STYLE_COLOUR ( '', #4648 ) ;
#657 = CARTESIAN_POINT ( 'NONE',  ( -3.350000000000000089, 2.591781170833500347, 0.0000000000000000000 ) ) ;
#658 = UNCERTAINTY_MEASURE_WITH_UNIT (LENGTH_MEASURE( 1.000000000000000082E-05 ), #3729, 'distance_accuracy_value', 'NONE');
#659 =( NAMED_UNIT ( * ) SI_UNIT ( $, .STERADIAN. ) SOLID_ANGLE_UNIT ( ) );
#660 = ORIENTED_EDGE ( 'NONE', *, *, #3836, .F. ) ;
#661 = DIRECTION ( 'NONE',  ( 0.0000000000000000000, 0.0000000000000000000, 1.000000000000000000 ) ) ;
#662 = EDGE_CURVE ( 'NONE', #3019, #4665, #4525, .T. ) ;
#663 = UNCERTAINTY_MEASURE_WITH_UNIT (LENGTH_MEASURE( 1.000000000000000082E-05 ), #908, 'distance_accuracy_value', 'NONE');
#664 = EDGE_CURVE ( 'NONE', #1052, #1966, #899, .T. ) ;
#665 = ORIENTED_EDGE ( 'NONE', *, *, #2414, .F. ) ;
#666 = ORIENTED_EDGE ( 'NONE', *, *, #4227, .F. ) ;
#667 = CARTESIAN_POINT ( 'NONE',  ( 3.000000000000000000, -2.258218829166500186, 1.000000000000000000 ) ) ;
#668 = PRESENTATION_STYLE_ASSIGNMENT (( #3558 ) ) ;
#669 = DIRECTION ( 'NONE',  ( 0.0000000000000000000, 0.0000000000000000000, -1.000000000000000000 ) ) ;
#670 =( LENGTH_UNIT ( ) NAMED_UNIT ( * ) SI_UNIT ( .MILLI., .METRE. ) );
#671 = FACE_OUTER_BOUND ( 'NONE', #4671, .T. ) ;
#672 =( GEOMETRIC_REPRESENTATION_CONTEXT ( 3 ) GLOBAL_UNCERTAINTY_ASSIGNED_CONTEXT ( ( #4167 ) ) GLOBAL_UNIT_ASSIGNED_CONTEXT ( ( #837, #368, #3230 ) ) REPRESENTATION_CONTEXT ( 'NONE', 'WORKASPACE' ) );
#673 = ORIENTED_EDGE ( 'NONE', *, *, #2147, .F. ) ;
#674 = PRESENTATION_LAYER_ASSIGNMENT (  '', '', ( #2273 ) ) ;
#675 = CARTESIAN_POINT ( 'NONE',  ( 1.506745604006713535, -2.246627197996646341, 3.749999999999998224 ) ) ;
#676 = VECTOR ( 'NONE', #3858, 1000.000000000000000 ) ;
#677 = FILL_AREA_STYLE ('',( #1481 ) ) ;
#678 = FILL_AREA_STYLE ('',( #4298 ) ) ;
#679 =( NAMED_UNIT ( * ) PLANE_ANGLE_UNIT ( ) SI_UNIT ( $, .RADIAN. ) );
#680 = CLOSED_SHELL ( 'NONE', ( #538, #274, #3650, #1067 ) ) ;
#681 = ADVANCED_BREP_SHAPE_REPRESENTATION ( '', ( #1805, #1401 ), #4290 ) ;
#682 =( GEOMETRIC_REPRESENTATION_CONTEXT ( 3 ) GLOBAL_UNCERTAINTY_ASSIGNED_CONTEXT ( ( #3999 ) ) GLOBAL_UNIT_ASSIGNED_CONTEXT ( ( #1629, #3238, #5212 ) ) REPRESENTATION_CONTEXT ( 'NONE', 'WORKASPACE' ) );
#683 = PRODUCT_DEFINITION_SHAPE ( 'NONE', 'NONE',  #5222 ) ;
#684 = CARTESIAN_POINT ( 'NONE',  ( -2.000000000000000000, 1.958257569495580608, 3.750000000000000000 ) ) ;
#685 = CARTESIAN_POINT ( 'NONE',  ( 3.250000000000000000, -2.258218829166500186, 0.9000000000000000222 ) ) ;
#686 = VECTOR ( 'NONE', #551, 1000.000000000000000 ) ;
#687 = SURFACE_STYLE_FILL_AREA ( #4304 ) ;
#688 = ORIENTED_EDGE ( 'NONE', *, *, #1259, .F. ) ;
#689 = MECHANICAL_DESIGN_GEOMETRIC_PRESENTATION_REPRESENTATION (  '', ( #2631 ), #4491 ) ;
#690 = CARTESIAN_POINT ( 'NONE',  ( -1.916515138991160994, -1.958257569495579942, 3.750000000000000000 ) ) ;
#691 = DIRECTION ( 'NONE',  ( -1.000000000000000000, 0.0000000000000000000, 0.0000000000000000000 ) ) ;
#692 =( NAMED_UNIT ( * ) SI_UNIT ( $, .STERADIAN. ) SOLID_ANGLE_UNIT ( ) );
#693 = DIRECTION ( 'NONE',  ( -0.0000000000000000000, -1.000000000000000000, -0.0000000000000000000 ) ) ;
#694 = CARTESIAN_POINT ( 'NONE',  ( -3.350000000000000089, 2.591781170833500347, 0.9000000000000000222 ) ) ;
#695 = VECTOR ( 'NONE', #796, 1000.000000000000000 ) ;
#696 = EDGE_CURVE ( 'NONE', #501, #4772, #4159, .T. ) ;
#697 = ORIENTED_EDGE ( 'NONE', *, *, #3539, .F. ) ;
#698 = PRODUCT_DEFINITION ( 'UNKNOWN', '', #5048, #2445 ) ;
#699 = EDGE_CURVE ( 'NONE', #2842, #1874, #520, .T. ) ;
#700 = STYLED_ITEM ( 'NONE', ( #393 ), #1165 ) ;
#701 =( NAMED_UNIT ( * ) PLANE_ANGLE_UNIT ( ) SI_UNIT ( $, .RADIAN. ) );
#702 = DIRECTION ( 'NONE',  ( -3.231085104332679983E-15, -1.000000000000000000, 0.0000000000000000000 ) ) ;
#703 = FILL_AREA_STYLE ('',( #1400 ) ) ;
#704 = MECHANICAL_DESIGN_GEOMETRIC_PRESENTATION_REPRESENTATION (  '', ( #3060 ), #2050 ) ;
#705 = VERTEX_POINT ( 'NONE', #846 ) ;
#706 = ORIENTED_EDGE ( 'NONE', *, *, #3586, .F. ) ;
#707 = EDGE_CURVE ( 'NONE', #5166, #3654, #3655, .T. ) ;
#708 = CARTESIAN_POINT ( 'NONE',  ( 1.749999999999999556, 2.143131898507868051E-16, 4.258578643762690241 ) ) ;
#709 =( GEOMETRIC_REPRESENTATION_CONTEXT ( 3 ) GLOBAL_UNCERTAINTY_ASSIGNED_CONTEXT ( ( #1870 ) ) GLOBAL_UNIT_ASSIGNED_CONTEXT ( ( #85, #433, #2468 ) ) REPRESENTATION_CONTEXT ( 'NONE', 'WORKASPACE' ) );
#710 = FILL_AREA_STYLE ('',( #3102 ) ) ;
#711 = UNCERTAINTY_MEASURE_WITH_UNIT (LENGTH_MEASURE( 1.000000000000000082E-05 ), #2714, 'distance_accuracy_value', 'NONE');
#712 = SURFACE_STYLE_USAGE ( .BOTH. , #3509 ) ;
#713 = FACE_OUTER_BOUND ( 'NONE', #2821, .T. ) ;
#714 = COLOUR_RGB ( '',0.7529411764705882248, 0.7529411764705882248, 0.7529411764705882248 ) ;
#715 = CARTESIAN_POINT ( 'NONE',  ( -3.649999999999999911, 1.891781170833499948, 0.1499999999999999944 ) ) ;
#716 = SURFACE_STYLE_FILL_AREA ( #1513 ) ;
#717 = CARTESIAN_POINT ( 'NONE',  ( 1.750000000000000000, 0.0000000000000000000, 3.449999999999999734 ) ) ;
#718 =( GEOMETRIC_REPRESENTATION_CONTEXT ( 3 ) GLOBAL_UNCERTAINTY_ASSIGNED_CONTEXT ( ( #1771 ) ) GLOBAL_UNIT_ASSIGNED_CONTEXT ( ( #4220, #1271, #883 ) ) REPRESENTATION_CONTEXT ( 'NONE', 'WORKASPACE' ) );
#719 =( LENGTH_UNIT ( ) NAMED_UNIT ( * ) SI_UNIT ( .MILLI., .METRE. ) );
#720 = PLANE ( 'NONE',  #1013 ) ;
#721 = ORIENTED_EDGE ( 'NONE', *, *, #1981, .T. ) ;
#722 = CIRCLE ( 'NONE', #5030, 0.4000000000000000222 ) ;
#723 = FILL_AREA_STYLE_COLOUR ( '', #714 ) ;
#724 = CARTESIAN_POINT ( 'NONE',  ( 3.750000000000002665, 3.362671756250250166, 0.3000000000000000444 ) ) ;
#725 = UNCERTAINTY_MEASURE_WITH_UNIT (LENGTH_MEASURE( 1.000000000000000082E-05 ), #3069, 'distance_accuracy_value', 'NONE');
#726 = FILL_AREA_STYLE_COLOUR ( '', #69 ) ;
#727 = MECHANICAL_DESIGN_GEOMETRIC_PRESENTATION_REPRESENTATION (  '', ( #211 ), #3933 ) ;
#728 = VERTEX_POINT ( 'NONE', #2009 ) ;
#729 = VECTOR ( 'NONE', #1797, 1000.000000000000000 ) ;
#730 = CARTESIAN_POINT ( 'NONE',  ( 0.0000000000000000000, 3.000000000000000000, 3.449999999999999734 ) ) ;
#731 = EDGE_CURVE ( 'NONE', #3277, #1585, #1695, .T. ) ;
#732 =( NAMED_UNIT ( * ) SI_UNIT ( $, .STERADIAN. ) SOLID_ANGLE_UNIT ( ) );
#733 = PLANE ( 'NONE',  #2830 ) ;
#734 = FILL_AREA_STYLE_COLOUR ( '', #2349 ) ;
#735 = EDGE_CURVE ( 'NONE', #3723, #2769, #2855, .T. ) ;
#736 = ORIENTED_EDGE ( 'NONE', *, *, #1825, .T. ) ;
#737 = ORIENTED_EDGE ( 'NONE', *, *, #4879, .T. ) ;
#738 = SURFACE_SIDE_STYLE ('',( #814 ) ) ;
#739 =( NAMED_UNIT ( * ) PLANE_ANGLE_UNIT ( ) SI_UNIT ( $, .RADIAN. ) );
#740 = PRESENTATION_STYLE_ASSIGNMENT (( #2746 ) ) ;
#741 = EDGE_CURVE ( 'NONE', #4475, #3984, #866, .T. ) ;
#742 = SURFACE_STYLE_USAGE ( .BOTH. , #214 ) ;
#743 = SURFACE_STYLE_FILL_AREA ( #3862 ) ;
#744 = SURFACE_SIDE_STYLE ('',( #716 ) ) ;
#745 = SURFACE_STYLE_USAGE ( .BOTH. , #4683 ) ;
#746 =( GEOMETRIC_REPRESENTATION_CONTEXT ( 3 ) GLOBAL_UNCERTAINTY_ASSIGNED_CONTEXT ( ( #1877 ) ) GLOBAL_UNIT_ASSIGNED_CONTEXT ( ( #2840, #2444, #4479 ) ) REPRESENTATION_CONTEXT ( 'NONE', 'WORKASPACE' ) );
#747 = ORIENTED_EDGE ( 'NONE', *, *, #891, .F. ) ;
#748 =( GEOMETRIC_REPRESENTATION_CONTEXT ( 3 ) GLOBAL_UNCERTAINTY_ASSIGNED_CONTEXT ( ( #617 ) ) GLOBAL_UNIT_ASSIGNED_CONTEXT ( ( #3472, #3073, #304 ) ) REPRESENTATION_CONTEXT ( 'NONE', 'WORKASPACE' ) );
#749 = SURFACE_SIDE_STYLE ('',( #1441 ) ) ;
#750 = FACE_OUTER_BOUND ( 'NONE', #3125, .T. ) ;
#751 = SURFACE_SIDE_STYLE ('',( #1134 ) ) ;
#752 = ORIENTED_EDGE ( 'NONE', *, *, #1990, .T. ) ;
#753 = VERTEX_POINT ( 'NONE', #4469 ) ;
#754 = CARTESIAN_POINT ( 'NONE',  ( -3.649999999999999911, 1.891781170833499948, 1.300000000000000044 ) ) ;
#755 =( LENGTH_UNIT ( ) NAMED_UNIT ( * ) SI_UNIT ( .MILLI., .METRE. ) );
#756 = FILL_AREA_STYLE ('',( #2765 ) ) ;
#757 = SURFACE_STYLE_FILL_AREA ( #1531 ) ;
#758 = PRODUCT_DEFINITION_CONTEXT ( 'detailed design', #3991, 'design' ) ;
#759 = EDGE_LOOP ( 'NONE', ( #67, #977, #649, #3124 ) ) ;
#760 = ORIENTED_EDGE ( 'NONE', *, *, #3539, .T. ) ;
#761 = CARTESIAN_POINT ( 'NONE',  ( 3.650000000000001243, 2.591781170833500347, 0.3999999999999999667 ) ) ;
#762 = CARTESIAN_POINT ( 'NONE',  ( 3.250000000000000000, 2.241781170833500259, 0.9000000000000000222 ) ) ;
#763 = FACE_OUTER_BOUND ( 'NONE', #3890, .T. ) ;
#764 = UNCERTAINTY_MEASURE_WITH_UNIT (LENGTH_MEASURE( 1.000000000000000082E-05 ), #3535, 'distance_accuracy_value', 'NONE');
#765 = CIRCLE ( 'NONE', #2100, 0.1000000000000000472 ) ;
#766 = EDGE_CURVE ( 'NONE', #3903, #2781, #1182, .T. ) ;
#767 = FILL_AREA_STYLE ('',( #4799 ) ) ;
#768 = DIRECTION ( 'NONE',  ( -1.000000000000000000, 3.231085104332679983E-15, 0.0000000000000000000 ) ) ;
#769 = DIRECTION ( 'NONE',  ( -0.0000000000000000000, 0.0000000000000000000, -1.000000000000000000 ) ) ;
#770 = SURFACE_SIDE_STYLE ('',( #420 ) ) ;
#771 = CIRCLE ( 'NONE', #4838, 0.09999999999999999167 ) ;
#772 = ORIENTED_EDGE ( 'NONE', *, *, #347, .T. ) ;
#773 = PRESENTATION_STYLE_ASSIGNMENT (( #2409 ) ) ;
#774 = DIRECTION ( 'NONE',  ( 0.0000000000000000000, 0.0000000000000000000, -1.000000000000000000 ) ) ;
#775 = CARTESIAN_POINT ( 'NONE',  ( 3.000000000000000000, 2.850000000000000089, 3.149999999999999911 ) ) ;
#776 = VECTOR ( 'NONE', #2104, 1000.000000000000000 ) ;
#777 = ORIENTED_EDGE ( 'NONE', *, *, #3138, .F. ) ;
#778 = FILL_AREA_STYLE ('',( #1937 ) ) ;
#779 = FILL_AREA_STYLE ('',( #3962 ) ) ;
#780 = AXIS2_PLACEMENT_3D ( 'NONE', #2760, #3954, #4342 ) ;
#781 = DIRECTION ( 'NONE',  ( 3.231085104332679983E-15, 1.000000000000000000, -0.0000000000000000000 ) ) ;
#782 = ORIENTED_EDGE ( 'NONE', *, *, #4947, .T. ) ;
#783 = EDGE_LOOP ( 'NONE', ( #4728, #1250 ) ) ;
#784 = VECTOR ( 'NONE', #4390, 1000.000000000000000 ) ;
#785 = FACE_OUTER_BOUND ( 'NONE', #1765, .T. ) ;
#786 = DIRECTION ( 'NONE',  ( 1.000000000000000000, 0.0000000000000000000, -0.0000000000000000000 ) ) ;
#787 = PRESENTATION_LAYER_ASSIGNMENT (  '', '', ( #1118 ) ) ;
#788 =( GEOMETRIC_REPRESENTATION_CONTEXT ( 3 ) GLOBAL_UNCERTAINTY_ASSIGNED_CONTEXT ( ( #1284 ) ) GLOBAL_UNIT_ASSIGNED_CONTEXT ( ( #2693, #3036, #4716 ) ) REPRESENTATION_CONTEXT ( 'NONE', 'WORKASPACE' ) );
#789 = SURFACE_STYLE_FILL_AREA ( #1573 ) ;
#790 = SURFACE_STYLE_FILL_AREA ( #2004 ) ;
#791 = DIRECTION ( 'NONE',  ( 0.0000000000000000000, 0.0000000000000000000, 1.000000000000000000 ) ) ;
#792 = PRESENTATION_STYLE_ASSIGNMENT (( #2432 ) ) ;
#793 = EDGE_CURVE ( 'NONE', #3814, #3100, #4409, .T. ) ;
#794 = EDGE_LOOP ( 'NONE', ( #3875, #4529, #660, #1941, #1362, #2274, #4016, #4136, #4967, #4317, #2019, #3664 ) ) ;
#795 = COLOUR_RGB ( '',0.7529411764705882248, 0.7529411764705882248, 0.7529411764705882248 ) ;
#796 = DIRECTION ( 'NONE',  ( 0.0000000000000000000, 1.000000000000000000, 0.0000000000000000000 ) ) ;
#797 = CARTESIAN_POINT ( 'NONE',  ( 1.708578643762690641, 2.092405367175504394E-16, 4.299999999999999822 ) ) ;
#798 = EDGE_CURVE ( 'NONE', #1310, #3903, #2059, .T. ) ;
#799 = CIRCLE ( 'NONE', #2918, 0.09999999999999982514 ) ;
#800 = ORIENTED_EDGE ( 'NONE', *, *, #4611, .T. ) ;
#801 = CARTESIAN_POINT ( 'NONE',  ( 0.0000000000000000000, 3.000000000000000000, 0.0000000000000000000 ) ) ;
#802 = DIRECTION ( 'NONE',  ( 0.0000000000000000000, -1.000000000000000000, 0.0000000000000000000 ) ) ;
#803 = DIRECTION ( 'NONE',  ( -1.000000000000000000, -0.0000000000000000000, 0.0000000000000000000 ) ) ;
#804 = UNCERTAINTY_MEASURE_WITH_UNIT (LENGTH_MEASURE( 1.000000000000000082E-05 ), #2571, 'distance_accuracy_value', 'NONE');
#805 = ORIENTED_EDGE ( 'NONE', *, *, #1235, .T. ) ;
#806 = EDGE_LOOP ( 'NONE', ( #666, #3467, #3842, #610 ) ) ;
#807 = COLOUR_RGB ( '',0.0000000000000000000, 0.0000000000000000000, 0.0000000000000000000 ) ;
#808 = LINE ( 'NONE', #440, #4023 ) ;
#809 = FILL_AREA_STYLE_COLOUR ( '', #1628 ) ;
#810 = VECTOR ( 'NONE', #3713, 1000.000000000000000 ) ;
#811 = ADVANCED_BREP_SHAPE_REPRESENTATION ( '', ( #1828, #1401 ), #1993 ) ;
#812 = CARTESIAN_POINT ( 'NONE',  ( -1.916515138991160327, -2.041742430504418948, 3.750000000000000444 ) ) ;
#813 = DIRECTION ( 'NONE',  ( 3.231085104332679983E-15, 1.000000000000000000, -0.0000000000000000000 ) ) ;
#814 = SURFACE_STYLE_FILL_AREA ( #1147 ) ;
#815 = CARTESIAN_POINT ( 'NONE',  ( 3.750000000000000000, 3.362671756250250166, 0.4000000000000000222 ) ) ;
#816 = VECTOR ( 'NONE', #3160, 1000.000000000000000 ) ;
#817 = ORIENTED_EDGE ( 'NONE', *, *, #4647, .T. ) ;
#818 = STYLED_ITEM ( 'NONE', ( #2643 ), #487 ) ;
#819 = FILL_AREA_STYLE_COLOUR ( '', #4567 ) ;
#820 = CARTESIAN_POINT ( 'NONE',  ( 3.000000000000000000, -2.850000000000000089, 3.149999999999999911 ) ) ;
#821 = DIRECTION ( 'NONE',  ( -0.0000000000000000000, -1.000000000000000000, -0.0000000000000000000 ) ) ;
#822 = APPLICATION_PROTOCOL_DEFINITION ( 'draft international standard', 'automotive_design', 1998, #2252 ) ;
#823 = CARTESIAN_POINT ( 'NONE',  ( -1.749999999999998890, -3.499999999999999556, 4.258578643762691129 ) ) ;
#824 = ORIENTED_EDGE ( 'NONE', *, *, #2179, .T. ) ;
#825 =( GEOMETRIC_REPRESENTATION_CONTEXT ( 3 ) GLOBAL_UNCERTAINTY_ASSIGNED_CONTEXT ( ( #725 ) ) GLOBAL_UNIT_ASSIGNED_CONTEXT ( ( #3069, #3362, #3042 ) ) REPRESENTATION_CONTEXT ( 'NONE', 'WORKASPACE' ) );
#826 = EDGE_CURVE ( 'NONE', #1960, #2794, #1188, .T. ) ;
#827 = DIRECTION ( 'NONE',  ( 1.000000000000000000, -3.252606517456511724E-15, 0.0000000000000000000 ) ) ;
#828 = DIRECTION ( 'NONE',  ( 1.000000000000000000, 0.0000000000000000000, -0.0000000000000000000 ) ) ;
#829 = AXIS2_PLACEMENT_3D ( 'NONE', #2312, #3150, #3530 ) ;
#830 = ORIENTED_EDGE ( 'NONE', *, *, #741, .T. ) ;
#831 = EDGE_LOOP ( 'NONE', ( #2553, #4693, #1189, #4235, #3323, #5146, #4675, #1004, #1120, #4067, #4987, #2734 ) ) ;
#832 = PRESENTATION_STYLE_ASSIGNMENT (( #4459 ) ) ;
#833 = FILL_AREA_STYLE ('',( #809 ) ) ;
#834 = SURFACE_STYLE_FILL_AREA ( #1169 ) ;
#835 = APPLICATION_CONTEXT ( 'automotive_design' ) ;
#836 = CARTESIAN_POINT ( 'NONE',  ( -1.506745604006716421, -2.246627197996641012, 3.749999999999998668 ) ) ;
#837 =( LENGTH_UNIT ( ) NAMED_UNIT ( * ) SI_UNIT ( .MILLI., .METRE. ) );
#838 = DIRECTION ( 'NONE',  ( -3.231085104332679983E-15, -1.000000000000000000, -0.0000000000000000000 ) ) ;
#839 =( NAMED_UNIT ( * ) PLANE_ANGLE_UNIT ( ) SI_UNIT ( $, .RADIAN. ) );
#840 = FILL_AREA_STYLE_COLOUR ( '', #2584 ) ;
#841 = ORIENTED_EDGE ( 'NONE', *, *, #707, .T. ) ;
#842 = AXIS2_PLACEMENT_3D ( 'NONE', #1691, #3735, #3157 ) ;
#843 =( GEOMETRIC_REPRESENTATION_CONTEXT ( 3 ) GLOBAL_UNCERTAINTY_ASSIGNED_CONTEXT ( ( #2030 ) ) GLOBAL_UNIT_ASSIGNED_CONTEXT ( ( #411, #116, #3255 ) ) REPRESENTATION_CONTEXT ( 'NONE', 'WORKASPACE' ) );
#844 =( NAMED_UNIT ( * ) PLANE_ANGLE_UNIT ( ) SI_UNIT ( $, .RADIAN. ) );
#845 = DIRECTION ( 'NONE',  ( -0.0000000000000000000, -0.0000000000000000000, -1.000000000000000000 ) ) ;
#846 = CARTESIAN_POINT ( 'NONE',  ( -3.000000000000000444, 2.591781170833500347, 1.000000000000000000 ) ) ;
#847 = PRESENTATION_LAYER_ASSIGNMENT (  '', '', ( #1858 ) ) ;
#848 = MECHANICAL_DESIGN_GEOMETRIC_PRESENTATION_REPRESENTATION (  '', ( #2027 ), #2277 ) ;
#849 = ORIENTED_EDGE ( 'NONE', *, *, #2603, .T. ) ;
#850 =( LENGTH_UNIT ( ) NAMED_UNIT ( * ) SI_UNIT ( .MILLI., .METRE. ) );
#851 = ADVANCED_FACE ( 'NONE', ( #2083 ), #398, .T. ) ;
#852 = PRESENTATION_LAYER_ASSIGNMENT (  '', '', ( #4318 ) ) ;
#853 = ORIENTED_EDGE ( 'NONE', *, *, #238, .F. ) ;
#854 = EDGE_CURVE ( 'NONE', #3646, #1600, #3782, .T. ) ;
#855 = AXIS2_PLACEMENT_3D ( 'NONE', #2937, #1743, #3352 ) ;
#856 = ADVANCED_FACE ( 'NONE', ( #207 ), #4231, .T. ) ;
#857 = VECTOR ( 'NONE', #175, 1000.000000000000000 ) ;
#858 = CARTESIAN_POINT ( 'NONE',  ( -2.000000000000000000, -1.958257569495584161, 3.250000000000000000 ) ) ;
#859 = SURFACE_STYLE_FILL_AREA ( #2873 ) ;
#860 = DIRECTION ( 'NONE',  ( -3.231085104332679983E-15, -1.000000000000000000, 0.0000000000000000000 ) ) ;
#861 = CARTESIAN_POINT ( 'NONE',  ( 3.000000000000000000, 1.891781170833503500, 0.0000000000000000000 ) ) ;
#862 = AXIS2_PLACEMENT_3D ( 'NONE', #4291, #3146, #3960 ) ;
#863 = EDGE_LOOP ( 'NONE', ( #3474, #3990, #360, #1832 ) ) ;
#864 = FILL_AREA_STYLE ('',( #819 ) ) ;
#865 = DIRECTION ( 'NONE',  ( 1.000000000000000000, 0.0000000000000000000, -0.0000000000000000000 ) ) ;
#866 = LINE ( 'NONE', #2812, #3730 ) ;
#867 = STYLED_ITEM ( 'NONE', ( #4090 ), #1591 ) ;
#868 = UNCERTAINTY_MEASURE_WITH_UNIT (LENGTH_MEASURE( 1.000000000000000082E-05 ), #1304, 'distance_accuracy_value', 'NONE');
#869 =( NAMED_UNIT ( * ) PLANE_ANGLE_UNIT ( ) SI_UNIT ( $, .RADIAN. ) );
#870 = ORIENTED_EDGE ( 'NONE', *, *, #1483, .F. ) ;
#871 = MECHANICAL_DESIGN_GEOMETRIC_PRESENTATION_REPRESENTATION (  '', ( #3594 ), #2823 ) ;
#872 =( LENGTH_UNIT ( ) NAMED_UNIT ( * ) SI_UNIT ( .MILLI., .METRE. ) );
#873 = FACE_OUTER_BOUND ( 'NONE', #1287, .T. ) ;
#874 = CYLINDRICAL_SURFACE ( 'NONE', #5197, 1.750000000000000000 ) ;
#875 = SURFACE_STYLE_FILL_AREA ( #1313 ) ;
#876 = UNCERTAINTY_MEASURE_WITH_UNIT (LENGTH_MEASURE( 1.000000000000000082E-05 ), #1457, 'distance_accuracy_value', 'NONE');
#877 = ORIENTED_EDGE ( 'NONE', *, *, #4130, .T. ) ;
#878 = EDGE_CURVE ( 'NONE', #457, #5211, #3434, .T. ) ;
#879 = MECHANICAL_DESIGN_GEOMETRIC_PRESENTATION_REPRESENTATION (  '', ( #1973 ), #289 ) ;
#880 = CARTESIAN_POINT ( 'NONE',  ( -3.000000000000000000, 2.241781170833500259, 1.000000000000000000 ) ) ;
#881 = LINE ( 'NONE', #2946, #3244 ) ;
#882 = EDGE_CURVE ( 'NONE', #5211, #2446, #2184, .T. ) ;
#883 =( NAMED_UNIT ( * ) SI_UNIT ( $, .STERADIAN. ) SOLID_ANGLE_UNIT ( ) );
#884 = AXIS2_PLACEMENT_3D ( 'NONE', #858, #367, #2476 ) ;
#885 = VECTOR ( 'NONE', #2150, 1000.000000000000000 ) ;
#886 = ORIENTED_EDGE ( 'NONE', *, *, #4387, .F. ) ;
#887 = SHAPE_REPRESENTATION ( '6', ( #1401 ), #4290 ) ;
#888 = PRODUCT ( '11', '11', '', ( #3817 ) ) ;
#889 = AXIS2_PLACEMENT_3D ( 'NONE', #898, #2811, #865 ) ;
#890 = VECTOR ( 'NONE', #2171, 1000.000000000000000 ) ;
#891 = EDGE_CURVE ( 'NONE', #3644, #2815, #1841, .T. ) ;
#892 = CARTESIAN_POINT ( 'NONE',  ( 0.0000000000000000000, 3.000000000000000000, 0.0000000000000000000 ) ) ;
#893 = DIRECTION ( 'NONE',  ( -3.231085104332679983E-15, -1.000000000000000000, 0.0000000000000000000 ) ) ;
#894 = SURFACE_SIDE_STYLE ('',( #2077 ) ) ;
#895 = DIRECTION ( 'NONE',  ( 1.000000000000000000, 0.0000000000000000000, 0.0000000000000000000 ) ) ;
#896 =( GEOMETRIC_REPRESENTATION_CONTEXT ( 3 ) GLOBAL_UNCERTAINTY_ASSIGNED_CONTEXT ( ( #4726 ) ) GLOBAL_UNIT_ASSIGNED_CONTEXT ( ( #3577, #2690, #3486 ) ) REPRESENTATION_CONTEXT ( 'NONE', 'WORKASPACE' ) );
#897 = ORIENTED_EDGE ( 'NONE', *, *, #3174, .F. ) ;
#898 = CARTESIAN_POINT ( 'NONE',  ( 0.0000000000000000000, 0.0000000000000000000, 3.449999999999999734 ) ) ;
#899 = LINE ( 'NONE', #106, #2120 ) ;
#900 = SURFACE_STYLE_FILL_AREA ( #1712 ) ;
#901 = STYLED_ITEM ( 'NONE', ( #4370 ), #2063 ) ;
#902 = ORIENTED_EDGE ( 'NONE', *, *, #4168, .F. ) ;
#903 = CARTESIAN_POINT ( 'NONE',  ( -4.074999999999999289, -1.908218829166499875, 1.000000000000000000 ) ) ;
#904 = DIRECTION ( 'NONE',  ( 1.000000000000000000, 0.0000000000000000000, -0.0000000000000000000 ) ) ;
#905 = CARTESIAN_POINT ( 'NONE',  ( 4.074999999999999289, 1.891781170833499948, 1.300000000000000044 ) ) ;
#906 = APPLICATION_CONTEXT ( 'automotive_design' ) ;
#907 = DIRECTION ( 'NONE',  ( -0.0000000000000000000, 0.0000000000000000000, -1.000000000000000000 ) ) ;
#908 =( LENGTH_UNIT ( ) NAMED_UNIT ( * ) SI_UNIT ( .MILLI., .METRE. ) );
#909 = COLOUR_RGB ( '',0.7529411764705882248, 0.7529411764705882248, 0.7529411764705882248 ) ;
#910 = ORIENTED_EDGE ( 'NONE', *, *, #4352, .F. ) ;
#911 = PRESENTATION_LAYER_ASSIGNMENT (  '', '', ( #3264 ) ) ;
#912 = CARTESIAN_POINT ( 'NONE',  ( -2.000000000000000000, 1.958257569495580608, 3.750000000000000000 ) ) ;
#913 = DIRECTION ( 'NONE',  ( -0.0000000000000000000, -0.0000000000000000000, -1.000000000000000000 ) ) ;
#914 = PLANE ( 'NONE',  #4435 ) ;
#915 =( NAMED_UNIT ( * ) SI_UNIT ( $, .STERADIAN. ) SOLID_ANGLE_UNIT ( ) );
#916 =( LENGTH_UNIT ( ) NAMED_UNIT ( * ) SI_UNIT ( .MILLI., .METRE. ) );
#917 = SURFACE_STYLE_USAGE ( .BOTH. , #2950 ) ;
#918 = APPLICATION_PROTOCOL_DEFINITION ( 'draft international standard', 'automotive_design', 1998, #637 ) ;
#919 = CARTESIAN_POINT ( 'NONE',  ( 2.850000000000000089, -3.000000000000000000, 0.0000000000000000000 ) ) ;
#920 = CARTESIAN_POINT ( 'NONE',  ( -2.083484861008840117, -2.041742430504419392, 3.749999999999999556 ) ) ;
#921 = ORIENTED_EDGE ( 'NONE', *, *, #2240, .T. ) ;
#922 = EDGE_CURVE ( 'NONE', #2446, #4228, #1002, .T. ) ;
#923 =( NAMED_UNIT ( * ) SI_UNIT ( $, .STERADIAN. ) SOLID_ANGLE_UNIT ( ) );
#924 = SURFACE_STYLE_FILL_AREA ( #3433 ) ;
#925 = FACE_OUTER_BOUND ( 'NONE', #2820, .T. ) ;
#926 = CARTESIAN_POINT ( 'NONE',  ( -1.649999999999999911, -4.041334437186265510E-16, 4.299999999999999822 ) ) ;
#927 = PRESENTATION_LAYER_ASSIGNMENT (  '', '', ( #2864 ) ) ;
#928 = ORIENTED_EDGE ( 'NONE', *, *, #4321, .F. ) ;
#929 = LINE ( 'NONE', #3979, #1795 ) ;
#930 = MECHANICAL_DESIGN_GEOMETRIC_PRESENTATION_REPRESENTATION (  '', ( #2187 ), #4478 ) ;
#931 = AXIS2_PLACEMENT_3D ( 'NONE', #1767, #3787, #3816 ) ;
#932 = DIRECTION ( 'NONE',  ( 1.000000000000000000, 0.0000000000000000000, 0.0000000000000000000 ) ) ;
#933 = PRODUCT_DEFINITION_SHAPE ( 'NONE', 'NONE',  #5221 ) ;
#934 = SURFACE_STYLE_USAGE ( .BOTH. , #4505 ) ;
#935 = VECTOR ( 'NONE', #474, 1000.000000000000000 ) ;
#936 = ORIENTED_EDGE ( 'NONE', *, *, #1044, .F. ) ;
#937 = STYLED_ITEM ( 'NONE', ( #4857 ), #2636 ) ;
#938 = APPLICATION_CONTEXT ( 'automotive_design' ) ;
#939 = CARTESIAN_POINT ( 'NONE',  ( 1.999999999999999112, 1.500000000000000444, 3.449999999999999734 ) ) ;
#940 =( LENGTH_UNIT ( ) NAMED_UNIT ( * ) SI_UNIT ( .MILLI., .METRE. ) );
#941 = PRESENTATION_LAYER_ASSIGNMENT (  '', '', ( #16 ) ) ;
#942 = LINE ( 'NONE', #1348, #2067 ) ;
#943 =( GEOMETRIC_REPRESENTATION_CONTEXT ( 3 ) GLOBAL_UNCERTAINTY_ASSIGNED_CONTEXT ( ( #1022 ) ) GLOBAL_UNIT_ASSIGNED_CONTEXT ( ( #615, #1368, #1028 ) ) REPRESENTATION_CONTEXT ( 'NONE', 'WORKASPACE' ) );
#944 = DIRECTION ( 'NONE',  ( -3.231085104332679983E-15, -1.000000000000000000, -0.0000000000000000000 ) ) ;
#945 = PRESENTATION_STYLE_ASSIGNMENT (( #917 ) ) ;
#946 = PRODUCT_CONTEXT ( 'NONE', #3707, 'mechanical' ) ;
#947 = SURFACE_SIDE_STYLE ('',( #623 ) ) ;
#948 =( NAMED_UNIT ( * ) SI_UNIT ( $, .STERADIAN. ) SOLID_ANGLE_UNIT ( ) );
#949 = MECHANICAL_DESIGN_GEOMETRIC_PRESENTATION_REPRESENTATION (  '', ( #1868 ), #1269 ) ;
#950 = DIRECTION ( 'NONE',  ( 1.000000000000000000, 0.0000000000000000000, 0.0000000000000000000 ) ) ;
#951 = ORIENTED_EDGE ( 'NONE', *, *, #990, .T. ) ;
#952 = AXIS2_PLACEMENT_3D ( 'NONE', #3232, #4828, #4490 ) ;
#953 = EDGE_CURVE ( 'NONE', #2665, #2214, #1384, .T. ) ;
#954 = DIRECTION ( 'NONE',  ( 1.000000000000000000, -3.231085104332679983E-15, 0.0000000000000000000 ) ) ;
#955 = DIRECTION ( 'NONE',  ( -0.0000000000000000000, -0.0000000000000000000, -1.000000000000000000 ) ) ;
#956 = ADVANCED_FACE ( 'NONE', ( #925 ), #4182, .T. ) ;
#957 =( NAMED_UNIT ( * ) SI_UNIT ( $, .STERADIAN. ) SOLID_ANGLE_UNIT ( ) );
#958 = FILL_AREA_STYLE ('',( #1685 ) ) ;
#959 = MECHANICAL_DESIGN_GEOMETRIC_PRESENTATION_REPRESENTATION (  '', ( #1701 ), #2394 ) ;
#960 = EDGE_LOOP ( 'NONE', ( #3923, #384, #3, #1504 ) ) ;
#961 = DIRECTION ( 'NONE',  ( -1.000000000000000000, 0.0000000000000000000, -0.0000000000000000000 ) ) ;
#962 = PRESENTATION_LAYER_ASSIGNMENT (  '', '', ( #3584 ) ) ;
#963 = FILL_AREA_STYLE ('',( #4584 ) ) ;
#964 = CARTESIAN_POINT ( 'NONE',  ( 3.000000000000000444, 2.591781170833500347, 1.000000000000000000 ) ) ;
#965 = EDGE_CURVE ( 'NONE', #728, #1585, #2721, .T. ) ;
#966 = SURFACE_STYLE_USAGE ( .BOTH. , #1369 ) ;
#967 =( GEOMETRIC_REPRESENTATION_CONTEXT ( 3 ) GLOBAL_UNCERTAINTY_ASSIGNED_CONTEXT ( ( #1925 ) ) GLOBAL_UNIT_ASSIGNED_CONTEXT ( ( #1206, #1627, #4419 ) ) REPRESENTATION_CONTEXT ( 'NONE', 'WORKASPACE' ) );
#968 = ORIENTED_EDGE ( 'NONE', *, *, #3834, .T. ) ;
#969 = FILL_AREA_STYLE_COLOUR ( '', #3511 ) ;
#970 =( GEOMETRIC_REPRESENTATION_CONTEXT ( 3 ) GLOBAL_UNCERTAINTY_ASSIGNED_CONTEXT ( ( #564 ) ) GLOBAL_UNIT_ASSIGNED_CONTEXT ( ( #4385, #2021, #3257 ) ) REPRESENTATION_CONTEXT ( 'NONE', 'WORKASPACE' ) );
#971 =( NAMED_UNIT ( * ) PLANE_ANGLE_UNIT ( ) SI_UNIT ( $, .RADIAN. ) );
#972 = PRESENTATION_LAYER_ASSIGNMENT (  '', '', ( #49 ) ) ;
#973 = LINE ( 'NONE', #2949, #3758 ) ;
#974 = CONTEXT_DEPENDENT_SHAPE_REPRESENTATION ( #5070, #5043 ) ;
#975 = STYLED_ITEM ( 'NONE', ( #2091 ), #4221 ) ;
#976 = FILL_AREA_STYLE_COLOUR ( '', #2289 ) ;
#977 = ORIENTED_EDGE ( 'NONE', *, *, #3836, .T. ) ;
#978 = MECHANICAL_DESIGN_GEOMETRIC_PRESENTATION_REPRESENTATION (  '', ( #4789 ), #2996 ) ;
#979 = CARTESIAN_POINT ( 'NONE',  ( -3.250000000000000000, 1.891781170833499948, 0.9000000000000000222 ) ) ;
#980 = FILL_AREA_STYLE ('',( #2212 ) ) ;
#981 =( GEOMETRIC_REPRESENTATION_CONTEXT ( 3 ) GLOBAL_UNCERTAINTY_ASSIGNED_CONTEXT ( ( #1183 ) ) GLOBAL_UNIT_ASSIGNED_CONTEXT ( ( #3899, #2676, #2201 ) ) REPRESENTATION_CONTEXT ( 'NONE', 'WORKASPACE' ) );
#982 = EDGE_LOOP ( 'NONE', ( #830, #4649, #1707, #4396 ) ) ;
#983 = VECTOR ( 'NONE', #955, 1000.000000000000000 ) ;
#984 = FILL_AREA_STYLE_COLOUR ( '', #2703 ) ;
#985 = DIRECTION ( 'NONE',  ( 1.000000000000000000, 0.0000000000000000000, -0.0000000000000000000 ) ) ;
#986 = DIRECTION ( 'NONE',  ( 1.000000000000000000, 0.0000000000000000000, 0.0000000000000000000 ) ) ;
#987 = UNCERTAINTY_MEASURE_WITH_UNIT (LENGTH_MEASURE( 1.000000000000000082E-05 ), #3286, 'distance_accuracy_value', 'NONE');
#988 = MECHANICAL_DESIGN_GEOMETRIC_PRESENTATION_REPRESENTATION (  '', ( #2333 ), #4888 ) ;
#989 = VERTEX_POINT ( 'NONE', #1068 ) ;
#990 = EDGE_CURVE ( 'NONE', #4804, #1669, #4929, .T. ) ;
#991 =( GEOMETRIC_REPRESENTATION_CONTEXT ( 3 ) GLOBAL_UNCERTAINTY_ASSIGNED_CONTEXT ( ( #4456 ) ) GLOBAL_UNIT_ASSIGNED_CONTEXT ( ( #4740, #2355, #1871 ) ) REPRESENTATION_CONTEXT ( 'NONE', 'WORKASPACE' ) );
#992 = CARTESIAN_POINT ( 'NONE',  ( 1.163907813993778406, 2.418046093003111352, 3.637779991155306814 ) ) ;
#993 = MECHANICAL_DESIGN_GEOMETRIC_PRESENTATION_REPRESENTATION (  '', ( #3430 ), #4285 ) ;
#994 =( NAMED_UNIT ( * ) SI_UNIT ( $, .STERADIAN. ) SOLID_ANGLE_UNIT ( ) );
#995 = DIRECTION ( 'NONE',  ( 1.000000000000000000, -1.224646799147353207E-16, 0.0000000000000000000 ) ) ;
#996 = PRODUCT_CONTEXT ( 'NONE', #2829, 'mechanical' ) ;
#997 = CARTESIAN_POINT ( 'NONE',  ( -1.999999999999996003, -2.418046093003111352, 3.637779991155306369 ) ) ;
#998 = DIRECTION ( 'NONE',  ( 3.231085104332679983E-15, 1.000000000000000000, -0.0000000000000000000 ) ) ;
#999 = VERTEX_POINT ( 'NONE', #1869 ) ;
#1000 = CARTESIAN_POINT ( 'NONE',  ( -1.916515138991160105, 1.958257569495579276, 3.749999999999999556 ) ) ;
#1001 = PRESENTATION_STYLE_ASSIGNMENT (( #2160 ) ) ;
#1002 = LINE ( 'NONE', #2642, #1524 ) ;
#1003 = DIRECTION ( 'NONE',  ( 0.0000000000000000000, 0.0000000000000000000, -1.000000000000000000 ) ) ;
#1004 = ORIENTED_EDGE ( 'NONE', *, *, #2772, .F. ) ;
#1005 = DIRECTION ( 'NONE',  ( 1.000000000000000000, 0.0000000000000000000, 0.0000000000000000000 ) ) ;
#1006 = SURFACE_SIDE_STYLE ('',( #1395 ) ) ;
#1007 = ORIENTED_EDGE ( 'NONE', *, *, #2826, .T. ) ;
#1008 = VECTOR ( 'NONE', #907, 1000.000000000000000 ) ;
#1009 = FILL_AREA_STYLE_COLOUR ( '', #3193 ) ;
#1010 = CLOSED_SHELL ( 'NONE', ( #4476, #5029, #1203, #5094 ) ) ;
#1011 = EDGE_CURVE ( 'NONE', #1960, #1315, #5154, .T. ) ;
#1012 = VERTEX_POINT ( 'NONE', #3455 ) ;
#1013 = AXIS2_PLACEMENT_3D ( 'NONE', #3064, #3518, #2265 ) ;
#1014 =( NAMED_UNIT ( * ) PLANE_ANGLE_UNIT ( ) SI_UNIT ( $, .RADIAN. ) );
#1015 = FACE_OUTER_BOUND ( 'NONE', #2007, .T. ) ;
#1016 = CARTESIAN_POINT ( 'NONE',  ( -2.836092186006226701, -2.418046093003118902, 3.637779991155306369 ) ) ;
#1017 = EDGE_CURVE ( 'NONE', #2794, #3665, #5105, .T. ) ;
#1018 = CARTESIAN_POINT ( 'NONE',  ( 2.000000000000000000, -2.041742430504419392, 3.750000000000000000 ) ) ;
#1019 =( GEOMETRIC_REPRESENTATION_CONTEXT ( 3 ) GLOBAL_UNCERTAINTY_ASSIGNED_CONTEXT ( ( #1817 ) ) GLOBAL_UNIT_ASSIGNED_CONTEXT ( ( #3009, #4579, #3086 ) ) REPRESENTATION_CONTEXT ( 'NONE', 'WORKASPACE' ) );
#1020 = DIRECTION ( 'NONE',  ( 0.0000000000000000000, -1.000000000000000000, 0.0000000000000000000 ) ) ;
#1021 = PLANE ( 'NONE',  #560 ) ;
#1022 = UNCERTAINTY_MEASURE_WITH_UNIT (LENGTH_MEASURE( 1.000000000000000082E-05 ), #615, 'distance_accuracy_value', 'NONE');
#1023 = PRESENTATION_STYLE_ASSIGNMENT (( #4741 ) ) ;
#1024 = ORIENTED_EDGE ( 'NONE', *, *, #878, .F. ) ;
#1025 = SURFACE_STYLE_USAGE ( .BOTH. , #4745 ) ;
#1026 = DIRECTION ( 'NONE',  ( 1.000000000000000000, -3.252606517456511724E-15, 0.0000000000000000000 ) ) ;
#1027 = DIRECTION ( 'NONE',  ( 1.000000000000000000, 0.0000000000000000000, 0.0000000000000000000 ) ) ;
#1028 =( NAMED_UNIT ( * ) SI_UNIT ( $, .STERADIAN. ) SOLID_ANGLE_UNIT ( ) );
#1029 = MECHANICAL_DESIGN_GEOMETRIC_PRESENTATION_REPRESENTATION (  '', ( #4416 ), #4091 ) ;
#1030 = ORIENTED_EDGE ( 'NONE', *, *, #2211, .T. ) ;
#1031 = AXIS2_PLACEMENT_3D ( 'NONE', #3324, #3411, #5038 ) ;
#1032 = LINE ( 'NONE', #3961, #1764 ) ;
#1033 = CARTESIAN_POINT ( 'NONE',  ( -4.500000000000000000, -1.908218829166499875, 0.0000000000000000000 ) ) ;
#1034 = DIRECTION ( 'NONE',  ( 0.0000000000000000000, 0.0000000000000000000, 1.000000000000000000 ) ) ;
#1035 = COLOUR_RGB ( '',0.0000000000000000000, 0.0000000000000000000, 0.0000000000000000000 ) ;
#1036 = ORIENTED_EDGE ( 'NONE', *, *, #4912, .T. ) ;
#1037 = VECTOR ( 'NONE', #3712, 1000.000000000000000 ) ;
#1038 = MECHANICAL_DESIGN_GEOMETRIC_PRESENTATION_REPRESENTATION (  '', ( #2478 ), #541 ) ;
#1039 =( LENGTH_UNIT ( ) NAMED_UNIT ( * ) SI_UNIT ( .MILLI., .METRE. ) );
#1040 = CARTESIAN_POINT ( 'NONE',  ( -3.750000000000000000, -1.908218829166499875, 0.0000000000000000000 ) ) ;
#1041 = CYLINDRICAL_SURFACE ( 'NONE', #3281, 0.1499999999999999667 ) ;
#1042 =( LENGTH_UNIT ( ) NAMED_UNIT ( * ) SI_UNIT ( .MILLI., .METRE. ) );
#1043 = EDGE_CURVE ( 'NONE', #2202, #1380, #3887, .T. ) ;
#1044 = EDGE_CURVE ( 'NONE', #2372, #639, #2814, .T. ) ;
#1045 =( NAMED_UNIT ( * ) SI_UNIT ( $, .STERADIAN. ) SOLID_ANGLE_UNIT ( ) );
#1046 =( NAMED_UNIT ( * ) PLANE_ANGLE_UNIT ( ) SI_UNIT ( $, .RADIAN. ) );
#1047 = ORIENTED_EDGE ( 'NONE', *, *, #1114, .F. ) ;
#1048 = VECTOR ( 'NONE', #845, 1000.000000000000000 ) ;
#1049 = FILL_AREA_STYLE ('',( #3113 ) ) ;
#1050 = MECHANICAL_DESIGN_GEOMETRIC_PRESENTATION_REPRESENTATION (  '', ( #4274 ), #2145 ) ;
#1051 = CARTESIAN_POINT ( 'NONE',  ( -3.649999999999999911, 1.891781170833499948, 0.3999999999999999667 ) ) ;
#1052 = VERTEX_POINT ( 'NONE', #1950 ) ;
#1053 = PRESENTATION_LAYER_ASSIGNMENT (  '', '', ( #3336 ) ) ;
#1054 = CARTESIAN_POINT ( 'NONE',  ( -1.649999999999999911, -8.082668874372519433E-17, 4.299999999999999822 ) ) ;
#1055 = DIRECTION ( 'NONE',  ( -0.0000000000000000000, -0.0000000000000000000, -1.000000000000000000 ) ) ;
#1056 = CARTESIAN_POINT ( 'NONE',  ( 3.750000000000000000, -1.137328243749749834, 0.4000000000000000222 ) ) ;
#1057 = VERTEX_POINT ( 'NONE', #4364 ) ;
#1058 =( GEOMETRIC_REPRESENTATION_CONTEXT ( 3 ) GLOBAL_UNCERTAINTY_ASSIGNED_CONTEXT ( ( #2360 ) ) GLOBAL_UNIT_ASSIGNED_CONTEXT ( ( #5008, #4208, #4580 ) ) REPRESENTATION_CONTEXT ( 'NONE', 'WORKASPACE' ) );
#1059 = FACE_OUTER_BOUND ( 'NONE', #2945, .T. ) ;
#1060 = CARTESIAN_POINT ( 'NONE',  ( 0.0000000000000000000, 0.0000000000000000000, 3.449999999999999734 ) ) ;
#1061 = CARTESIAN_POINT ( 'NONE',  ( -3.350000000000000089, 1.891781170833499948, 0.0000000000000000000 ) ) ;
#1062 = DIRECTION ( 'NONE',  ( 0.0000000000000000000, 0.0000000000000000000, 1.000000000000000000 ) ) ;
#1063 = SURFACE_STYLE_FILL_AREA ( #176 ) ;
#1064 = MECHANICAL_DESIGN_GEOMETRIC_PRESENTATION_REPRESENTATION (  '', ( #401 ), #748 ) ;
#1065 = STYLED_ITEM ( 'NONE', ( #4865 ), #2242 ) ;
#1066 = DIRECTION ( 'NONE',  ( -3.231085104332679983E-15, -1.000000000000000000, 0.0000000000000000000 ) ) ;
#1067 = ADVANCED_FACE ( '6', ( #1514 ), #2778, .T. ) ;
#1068 = CARTESIAN_POINT ( 'NONE',  ( -2.000000000000000000, -1.958257569495580608, 3.750000000000000000 ) ) ;
#1069 = UNCERTAINTY_MEASURE_WITH_UNIT (LENGTH_MEASURE( 1.000000000000000082E-05 ), #3874, 'distance_accuracy_value', 'NONE');
#1070 = FILL_AREA_STYLE_COLOUR ( '', #4443 ) ;
#1071 = FACE_OUTER_BOUND ( 'NONE', #863, .T. ) ;
#1072 = PRODUCT_DEFINITION ( 'UNKNOWN', '', #1225, #2608 ) ;
#1073 = EDGE_CURVE ( 'NONE', #753, #475, #3541, .T. ) ;
#1074 = ORIENTED_EDGE ( 'NONE', *, *, #1652, .T. ) ;
#1075 = PRESENTATION_STYLE_ASSIGNMENT (( #1025 ) ) ;
#1076 =( LENGTH_UNIT ( ) NAMED_UNIT ( * ) SI_UNIT ( .MILLI., .METRE. ) );
#1077 = CARTESIAN_POINT ( 'NONE',  ( 3.750000000000000000, 4.483562341667009399, 0.0000000000000000000 ) ) ;
#1078 = UNCERTAINTY_MEASURE_WITH_UNIT (LENGTH_MEASURE( 1.000000000000000082E-05 ), #3171, 'distance_accuracy_value', 'NONE');
#1079 = DIRECTION ( 'NONE',  ( 0.0000000000000000000, 0.0000000000000000000, 1.000000000000000000 ) ) ;
#1080 = EDGE_CURVE ( 'NONE', #48, #1786, #4771, .T. ) ;
#1081 = ORIENTED_EDGE ( 'NONE', *, *, #1173, .T. ) ;
#1082 = SURFACE_STYLE_USAGE ( .BOTH. , #2704 ) ;
#1083 = MECHANICAL_DESIGN_GEOMETRIC_PRESENTATION_REPRESENTATION (  '', ( #2864 ), #499 ) ;
#1084 = CARTESIAN_POINT ( 'NONE',  ( -3.000000000000000000, 2.850000000000000089, 0.0000000000000000000 ) ) ;
#1085 = CARTESIAN_POINT ( 'NONE',  ( -3.250000000000000000, -2.258218829166500186, 0.9000000000000000222 ) ) ;
#1086 = MECHANICAL_DESIGN_GEOMETRIC_PRESENTATION_REPRESENTATION (  '', ( #1090 ), #1677 ) ;
#1087 = ORIENTED_EDGE ( 'NONE', *, *, #2767, .F. ) ;
#1088 = VERTEX_POINT ( 'NONE', #4335 ) ;
#1089 = PRESENTATION_STYLE_ASSIGNMENT (( #1567 ) ) ;
#1090 = STYLED_ITEM ( 'NONE', ( #4117 ), #3307 ) ;
#1091 =( LENGTH_UNIT ( ) NAMED_UNIT ( * ) SI_UNIT ( .MILLI., .METRE. ) );
#1092 = CARTESIAN_POINT ( 'NONE',  ( 4.500000000000000888, -1.908218829166499875, 0.2999999999999999889 ) ) ;
#1093 = AXIS2_PLACEMENT_3D ( 'NONE', #4775, #4313, #1157 ) ;
#1094 = DIRECTION ( 'NONE',  ( 1.000000000000000000, 0.0000000000000000000, 0.0000000000000000000 ) ) ;
#1095 = CARTESIAN_POINT ( 'NONE',  ( -3.000000000000000000, -2.850000000000000089, 3.449999999999999734 ) ) ;
#1096 = APPLICATION_CONTEXT ( 'automotive_design' ) ;
#1097 = CARTESIAN_POINT ( 'NONE',  ( 3.750000000000000000, 3.362671756250250166, 0.4000000000000000222 ) ) ;
#1098 =( NAMED_UNIT ( * ) PLANE_ANGLE_UNIT ( ) SI_UNIT ( $, .RADIAN. ) );
#1099 = SURFACE_STYLE_USAGE ( .BOTH. , #4366 ) ;
#1100 = ORIENTED_EDGE ( 'NONE', *, *, #2696, .T. ) ;
#1101 = ADVANCED_FACE ( 'NONE', ( #2299 ), #2382, .T. ) ;
#1102 = MECHANICAL_DESIGN_GEOMETRIC_PRESENTATION_REPRESENTATION (  '', ( #3126 ), #2037 ) ;
#1103 = SURFACE_STYLE_USAGE ( .BOTH. , #1520 ) ;
#1104 = ADVANCED_FACE ( 'NONE', ( #1596 ), #4126, .T. ) ;
#1105 = FACE_OUTER_BOUND ( 'NONE', #982, .T. ) ;
#1106 = CARTESIAN_POINT ( 'NONE',  ( -4.500000000000000000, 2.591781170833500347, 0.2999999999999999889 ) ) ;
#1107 = FILL_AREA_STYLE_COLOUR ( '', #1519 ) ;
#1108 =( NAMED_UNIT ( * ) PLANE_ANGLE_UNIT ( ) SI_UNIT ( $, .RADIAN. ) );
#1109 = SURFACE_STYLE_USAGE ( .BOTH. , #3526 ) ;
#1110 = STYLED_ITEM ( 'NONE', ( #1931 ), #631 ) ;
#1111 = ORIENTED_EDGE ( 'NONE', *, *, #1241, .T. ) ;
#1112 =( NAMED_UNIT ( * ) PLANE_ANGLE_UNIT ( ) SI_UNIT ( $, .RADIAN. ) );
#1113 = VECTOR ( 'NONE', #1352, 1000.000000000000000 ) ;
#1114 = EDGE_CURVE ( 'NONE', #4936, #1310, #2639, .T. ) ;
#1115 = DIRECTION ( 'NONE',  ( 0.0000000000000000000, 1.000000000000000000, 0.0000000000000000000 ) ) ;
#1116 = PRESENTATION_STYLE_ASSIGNMENT (( #3120 ) ) ;
#1117 = CARTESIAN_POINT ( 'NONE',  ( 3.500000000000000000, -1.908218829166499875, 1.000000000000000000 ) ) ;
#1118 = STYLED_ITEM ( 'NONE', ( #5124 ), #1390 ) ;
#1119 = ORIENTED_EDGE ( 'NONE', *, *, #4352, .T. ) ;
#1120 = ORIENTED_EDGE ( 'NONE', *, *, #2893, .T. ) ;
#1121 = CARTESIAN_POINT ( 'NONE',  ( -2.850000000000000089, 3.000000000000000000, 3.149999999999999911 ) ) ;
#1122 = PRESENTATION_LAYER_ASSIGNMENT (  '', '', ( #1197 ) ) ;
#1123 = DIRECTION ( 'NONE',  ( -3.231085104332679983E-15, -1.000000000000000000, 0.0000000000000000000 ) ) ;
#1124 = FILL_AREA_STYLE_COLOUR ( '', #4911 ) ;
#1125 = AXIS2_PLACEMENT_3D ( 'NONE', #2782, #3266, #4495 ) ;
#1126 = SURFACE_SIDE_STYLE ('',( #2750 ) ) ;
#1127 =( LENGTH_UNIT ( ) NAMED_UNIT ( * ) SI_UNIT ( .MILLI., .METRE. ) );
#1128 = SURFACE_STYLE_FILL_AREA ( #5130 ) ;
#1129 = SURFACE_STYLE_USAGE ( .BOTH. , #5131 ) ;
#1130 = ORIENTED_EDGE ( 'NONE', *, *, #2341, .F. ) ;
#1131 = VECTOR ( 'NONE', #2141, 1000.000000000000000 ) ;
#1132 = CARTESIAN_POINT ( 'NONE',  ( -3.250000000000000000, -2.258218829166500186, 1.000000000000000000 ) ) ;
#1133 = SURFACE_SIDE_STYLE ('',( #4006 ) ) ;
#1134 = SURFACE_STYLE_FILL_AREA ( #323 ) ;
#1135 = UNCERTAINTY_MEASURE_WITH_UNIT (LENGTH_MEASURE( 1.000000000000000082E-05 ), #4024, 'distance_accuracy_value', 'NONE');
#1136 = SURFACE_STYLE_USAGE ( .BOTH. , #2389 ) ;
#1137 = STYLED_ITEM ( 'NONE', ( #4646 ), #3563 ) ;
#1138 = ORIENTED_EDGE ( 'NONE', *, *, #3207, .F. ) ;
#1139 = DIRECTION ( 'NONE',  ( 0.0000000000000000000, 0.0000000000000000000, 1.000000000000000000 ) ) ;
#1140 = STYLED_ITEM ( 'NONE', ( #1404 ), #4651 ) ;
#1141 =( GEOMETRIC_REPRESENTATION_CONTEXT ( 3 ) GLOBAL_UNCERTAINTY_ASSIGNED_CONTEXT ( ( #3938 ) ) GLOBAL_UNIT_ASSIGNED_CONTEXT ( ( #2047, #389, #3226 ) ) REPRESENTATION_CONTEXT ( 'NONE', 'WORKASPACE' ) );
#1142 = CARTESIAN_POINT ( 'NONE',  ( 0.0000000000000000000, -2.608218829166499830, 0.2999999999999999889 ) ) ;
#1143 = FILL_AREA_STYLE ('',( #1611 ) ) ;
#1144 = EDGE_LOOP ( 'NONE', ( #2673, #1906, #5118, #3731 ) ) ;
#1145 = EDGE_CURVE ( 'NONE', #1880, #3338, #1278, .T. ) ;
#1146 = ORIENTED_EDGE ( 'NONE', *, *, #4157, .T. ) ;
#1147 = FILL_AREA_STYLE ('',( #1587 ) ) ;
#1148 = PRESENTATION_STYLE_ASSIGNMENT (( #1999 ) ) ;
#1149 = DIRECTION ( 'NONE',  ( -1.000000000000000000, 0.0000000000000000000, 0.0000000000000000000 ) ) ;
#1150 = LINE ( 'NONE', #255, #2049 ) ;
#1151 = AXIS2_PLACEMENT_3D ( 'NONE', #815, #860, #369 ) ;
#1152 =( LENGTH_UNIT ( ) NAMED_UNIT ( * ) SI_UNIT ( .MILLI., .METRE. ) );
#1153 = FILL_AREA_STYLE_COLOUR ( '', #4119 ) ;
#1154 = DIRECTION ( 'NONE',  ( 0.0000000000000000000, 0.0000000000000000000, 1.000000000000000000 ) ) ;
#1155 =( GEOMETRIC_REPRESENTATION_CONTEXT ( 3 ) GLOBAL_UNCERTAINTY_ASSIGNED_CONTEXT ( ( #3092 ) ) GLOBAL_UNIT_ASSIGNED_CONTEXT ( ( #2574, #3894, #3018 ) ) REPRESENTATION_CONTEXT ( 'NONE', 'WORKASPACE' ) );
#1156 = EDGE_LOOP ( 'NONE', ( #697, #2056, #84, #3153 ) ) ;
#1157 = DIRECTION ( 'NONE',  ( 0.0000000000000000000, 0.0000000000000000000, 1.000000000000000000 ) ) ;
#1158 =( NAMED_UNIT ( * ) PLANE_ANGLE_UNIT ( ) SI_UNIT ( $, .RADIAN. ) );
#1159 = ORIENTED_EDGE ( 'NONE', *, *, #5127, .F. ) ;
#1160 = CARTESIAN_POINT ( 'NONE',  ( 3.250000000000001332, -1.908218829166498987, 0.9000000000000000222 ) ) ;
#1161 = ORIENTED_EDGE ( 'NONE', *, *, #793, .F. ) ;
#1162 = APPLICATION_CONTEXT ( 'automotive_design' ) ;
#1163 = SURFACE_STYLE_USAGE ( .BOTH. , #738 ) ;
#1164 = SURFACE_STYLE_FILL_AREA ( #4019 ) ;
#1165 = ADVANCED_FACE ( 'NONE', ( #2501 ), #1977, .F. ) ;
#1166 = SURFACE_SIDE_STYLE ('',( #1570 ) ) ;
#1167 = LINE ( 'NONE', #3599, #2701 ) ;
#1168 = UNCERTAINTY_MEASURE_WITH_UNIT (LENGTH_MEASURE( 1.000000000000000082E-05 ), #5153, 'distance_accuracy_value', 'NONE');
#1169 = FILL_AREA_STYLE ('',( #4824 ) ) ;
#1170 = COLOUR_RGB ( '',0.7529411764705882248, 0.7529411764705882248, 0.7529411764705882248 ) ;
#1171 = CIRCLE ( 'NONE', #4138, 0.4000000000000001887 ) ;
#1172 = MECHANICAL_DESIGN_GEOMETRIC_PRESENTATION_REPRESENTATION (  '', ( #2959 ), #1678 ) ;
#1173 = EDGE_CURVE ( 'NONE', #2602, #4035, #1808, .T. ) ;
#1174 =( NAMED_UNIT ( * ) PLANE_ANGLE_UNIT ( ) SI_UNIT ( $, .RADIAN. ) );
#1175 = PRESENTATION_STYLE_ASSIGNMENT (( #4852 ) ) ;
#1176 = FILL_AREA_STYLE ('',( #5209 ) ) ;
#1177 = SURFACE_SIDE_STYLE ('',( #687 ) ) ;
#1178 = DIRECTION ( 'NONE',  ( 0.0000000000000000000, 0.0000000000000000000, 1.000000000000000000 ) ) ;
#1179 = VERTEX_POINT ( 'NONE', #3720 ) ;
#1180 = COLOUR_RGB ( '',0.7529411764705882248, 0.7529411764705882248, 0.7529411764705882248 ) ;
#1181 = SURFACE_STYLE_USAGE ( .BOTH. , #1982 ) ;
#1182 = LINE ( 'NONE', #37, #3476 ) ;
#1183 = UNCERTAINTY_MEASURE_WITH_UNIT (LENGTH_MEASURE( 1.000000000000000082E-05 ), #3899, 'distance_accuracy_value', 'NONE');
#1184 = AXIS2_PLACEMENT_3D ( 'NONE', #3428, #5077, #203 ) ;
#1185 = ORIENTED_EDGE ( 'NONE', *, *, #735, .T. ) ;
#1186 = CYLINDRICAL_SURFACE ( 'NONE', #5158, 0.1499999999999999667 ) ;
#1187 =( NAMED_UNIT ( * ) PLANE_ANGLE_UNIT ( ) SI_UNIT ( $, .RADIAN. ) );
#1188 = CIRCLE ( 'NONE', #4762, 0.09999999999999982514 ) ;
#1189 = ORIENTED_EDGE ( 'NONE', *, *, #3116, .F. ) ;
#1190 = ORIENTED_EDGE ( 'NONE', *, *, #3408, .F. ) ;
#1191 = FACE_OUTER_BOUND ( 'NONE', #3117, .T. ) ;
#1192 = CARTESIAN_POINT ( 'NONE',  ( 1.000000000000000000, -3.000000000000000000, 0.2999999999999999889 ) ) ;
#1193 = DIRECTION ( 'NONE',  ( 0.0000000000000000000, 1.000000000000000000, 0.0000000000000000000 ) ) ;
#1194 =( NAMED_UNIT ( * ) SI_UNIT ( $, .STERADIAN. ) SOLID_ANGLE_UNIT ( ) );
#1195 = VECTOR ( 'NONE', #1918, 1000.000000000000000 ) ;
#1196 =( REPRESENTATION_RELATIONSHIP ('NONE','NONE', #251, #2504 ) REPRESENTATION_RELATIONSHIP_WITH_TRANSFORMATION ( #3451 )SHAPE_REPRESENTATION_RELATIONSHIP( ) );
#1197 = STYLED_ITEM ( 'NONE', ( #611 ), #1666 ) ;
#1198 = CARTESIAN_POINT ( 'NONE',  ( 3.249999999999998668, -2.258218829166500186, 1.000000000000000000 ) ) ;
#1199 = FACE_OUTER_BOUND ( 'NONE', #2287, .T. ) ;
#1200 =( NAMED_UNIT ( * ) PLANE_ANGLE_UNIT ( ) SI_UNIT ( $, .RADIAN. ) );
#1201 = DIRECTION ( 'NONE',  ( 0.0000000000000000000, -0.0000000000000000000, 1.000000000000000000 ) ) ;
#1202 = COLOUR_RGB ( '',0.7529411764705882248, 0.7529411764705882248, 0.7529411764705882248 ) ;
#1203 = ADVANCED_FACE ( 'NONE', ( #202 ), #5180, .T. ) ;
#1204 = VERTEX_POINT ( 'NONE', #2129 ) ;
#1205 = EDGE_CURVE ( 'NONE', #11, #1694, #2156, .T. ) ;
#1206 =( LENGTH_UNIT ( ) NAMED_UNIT ( * ) SI_UNIT ( .MILLI., .METRE. ) );
#1207 = MECHANICAL_DESIGN_GEOMETRIC_PRESENTATION_REPRESENTATION (  '', ( #2404 ), #718 ) ;
#1208 = DIRECTION ( 'NONE',  ( 0.0000000000000000000, 1.000000000000000000, 0.0000000000000000000 ) ) ;
#1209 = FILL_AREA_STYLE ('',( #4420 ) ) ;
#1210 =( LENGTH_UNIT ( ) NAMED_UNIT ( * ) SI_UNIT ( .MILLI., .METRE. ) );
#1211 = FACE_OUTER_BOUND ( 'NONE', #1578, .T. ) ;
#1212 = VECTOR ( 'NONE', #3194, 1000.000000000000000 ) ;
#1213 = ORIENTED_EDGE ( 'NONE', *, *, #2888, .T. ) ;
#1214 = SURFACE_SIDE_STYLE ('',( #3659 ) ) ;
#1215 = CARTESIAN_POINT ( 'NONE',  ( 3.500000000000000000, -2.258218829166500186, 1.000000000000000000 ) ) ;
#1216 = PRODUCT_DEFINITION_CONTEXT ( 'detailed design', #1162, 'design' ) ;
#1217 = ORIENTED_EDGE ( 'NONE', *, *, #3475, .T. ) ;
#1218 = MECHANICAL_DESIGN_GEOMETRIC_PRESENTATION_REPRESENTATION (  '', ( #2066 ), #2913 ) ;
#1219 = ORIENTED_EDGE ( 'NONE', *, *, #2570, .F. ) ;
#1220 = VECTOR ( 'NONE', #1317, 1000.000000000000000 ) ;
#1221 =( BOUNDED_SURFACE ( )  B_SPLINE_SURFACE ( 3, 3, ( 
 ( #2652, #3877, #4672, #4172 ),
 ( #2550, #164, #1855, #3365 ),
 ( #3469, #992, #1399, #1775 ),
 ( #2223, #4996, #5092, #939 ) ),
 .UNSPECIFIED., .F., .F., .F. ) 
 B_SPLINE_SURFACE_WITH_KNOTS ( ( 4, 4 ),
 ( 4, 4 ),
 ( 0.0000000000000000000, 1.000000000000000000 ),
 ( 0.0000000000000000000, 1.000000000000000000 ),
 .UNSPECIFIED. ) 
 GEOMETRIC_REPRESENTATION_ITEM ( )  RATIONAL_B_SPLINE_SURFACE ( (
 ( 1.000000000000000000, 0.3333333333333337034, 0.3333333333333337034, 1.000000000000000000),
 ( 0.8911066843560517814, 0.2970355614520175935, 0.2970355614520175935, 0.8911066843560517814),
 ( 0.8911066843560517814, 0.2970355614520175935, 0.2970355614520175935, 0.8911066843560517814),
 ( 1.000000000000000000, 0.3333333333333337034, 0.3333333333333337034, 1.000000000000000000) ) ) 
 REPRESENTATION_ITEM ( '' )  SURFACE ( )  );
#1222 = DIRECTION ( 'NONE',  ( 0.0000000000000000000, 0.0000000000000000000, -1.000000000000000000 ) ) ;
#1223 = COLOUR_RGB ( '',0.0000000000000000000, 0.0000000000000000000, 0.0000000000000000000 ) ;
#1224 =( GEOMETRIC_REPRESENTATION_CONTEXT ( 3 ) GLOBAL_UNCERTAINTY_ASSIGNED_CONTEXT ( ( #5050 ) ) GLOBAL_UNIT_ASSIGNED_CONTEXT ( ( #4026, #1249, #2006 ) ) REPRESENTATION_CONTEXT ( 'NONE', 'WORKASPACE' ) );
#1225 = PRODUCT_DEFINITION_FORMATION_WITH_SPECIFIED_SOURCE ( 'ANY', '', #4143, .NOT_KNOWN. ) ;
#1226 = DIRECTION ( 'NONE',  ( -1.000000000000000000, 4.336808689942025625E-15, 0.0000000000000000000 ) ) ;
#1227 = UNCERTAINTY_MEASURE_WITH_UNIT (LENGTH_MEASURE( 1.000000000000000082E-05 ), #4891, 'distance_accuracy_value', 'NONE');
#1228 = SURFACE_STYLE_FILL_AREA ( #1597 ) ;
#1229 = ORIENTED_EDGE ( 'NONE', *, *, #1721, .T. ) ;
#1230 = COLOUR_RGB ( '',0.7921568627450980005, 0.8196078431372548767, 0.9333333333333333481 ) ;
#1231 = EDGE_CURVE ( 'NONE', #1267, #1960, #2178, .T. ) ;
#1232 =( NAMED_UNIT ( * ) SI_UNIT ( $, .STERADIAN. ) SOLID_ANGLE_UNIT ( ) );
#1233 = DIRECTION ( 'NONE',  ( 3.231085104332679983E-15, 1.000000000000000000, 0.0000000000000000000 ) ) ;
#1234 = UNCERTAINTY_MEASURE_WITH_UNIT (LENGTH_MEASURE( 1.000000000000000082E-05 ), #4389, 'distance_accuracy_value', 'NONE');
#1235 = EDGE_CURVE ( 'NONE', #2137, #4609, #2976, .T. ) ;
#1236 = SURFACE_SIDE_STYLE ('',( #2834 ) ) ;
#1237 = ORIENTED_EDGE ( 'NONE', *, *, #3475, .F. ) ;
#1238 = LINE ( 'NONE', #4477, #3835 ) ;
#1239 = DIRECTION ( 'NONE',  ( -3.231085104332679983E-15, -1.000000000000000000, 2.938735877055720084E-31 ) ) ;
#1240 = DIRECTION ( 'NONE',  ( -0.0000000000000000000, 0.0000000000000000000, 1.000000000000000000 ) ) ;
#1241 = EDGE_CURVE ( 'NONE', #2225, #2446, #1783, .T. ) ;
#1242 = ORIENTED_EDGE ( 'NONE', *, *, #3203, .F. ) ;
#1243 = FILL_AREA_STYLE ('',( #1293 ) ) ;
#1244 = FILL_AREA_STYLE ('',( #390 ) ) ;
#1245 = PRESENTATION_LAYER_ASSIGNMENT (  '', '', ( #3639 ) ) ;
#1246 = CARTESIAN_POINT ( 'NONE',  ( -1.163907813993777296, -2.418046093003110020, 3.637779991155306814 ) ) ;
#1247 = PRESENTATION_LAYER_ASSIGNMENT (  '', '', ( #2024 ) ) ;
#1248 = DIRECTION ( 'NONE',  ( 1.000000000000000000, 0.0000000000000000000, 0.0000000000000000000 ) ) ;
#1249 =( NAMED_UNIT ( * ) PLANE_ANGLE_UNIT ( ) SI_UNIT ( $, .RADIAN. ) );
#1250 = ORIENTED_EDGE ( 'NONE', *, *, #2859, .F. ) ;
#1251 = MECHANICAL_DESIGN_GEOMETRIC_PRESENTATION_REPRESENTATION (  '', ( #427 ), #2791 ) ;
#1252 = VECTOR ( 'NONE', #4696, 1000.000000000000000 ) ;
#1253 = FILL_AREA_STYLE_COLOUR ( '', #1370 ) ;
#1254 = CARTESIAN_POINT ( 'NONE',  ( -3.000000000000000000, 2.850000000000000089, 3.149999999999999911 ) ) ;
#1255 = DIRECTION ( 'NONE',  ( 1.000000000000000000, 0.0000000000000000000, 0.0000000000000000000 ) ) ;
#1256 = PRESENTATION_LAYER_ASSIGNMENT (  '', '', ( #3805 ) ) ;
#1257 = VECTOR ( 'NONE', #904, 1000.000000000000000 ) ;
#1258 = DIRECTION ( 'NONE',  ( 0.0000000000000000000, -0.0000000000000000000, -1.000000000000000000 ) ) ;
#1259 = EDGE_CURVE ( 'NONE', #705, #4240, #4226, .T. ) ;
#1260 = ORIENTED_EDGE ( 'NONE', *, *, #4552, .T. ) ;
#1261 = VECTOR ( 'NONE', #1201, 1000.000000000000000 ) ;
#1262 = EDGE_CURVE ( 'NONE', #1820, #2785, #4502, .T. ) ;
#1263 =( REPRESENTATION_RELATIONSHIP ('NONE','NONE', #251, #887 ) REPRESENTATION_RELATIONSHIP_WITH_TRANSFORMATION ( #2929 )SHAPE_REPRESENTATION_RELATIONSHIP( ) );
#1264 = LINE ( 'NONE', #1290, #7 ) ;
#1265 = CARTESIAN_POINT ( 'NONE',  ( -3.350000000000000089, -1.908218829166499875, 0.9000000000000000222 ) ) ;
#1266 = AXIS2_PLACEMENT_3D ( 'NONE', #4627, #3415, #643 ) ;
#1267 = VERTEX_POINT ( 'NONE', #1946 ) ;
#1268 = EDGE_CURVE ( 'NONE', #4120, #3917, #114, .T. ) ;
#1269 =( GEOMETRIC_REPRESENTATION_CONTEXT ( 3 ) GLOBAL_UNCERTAINTY_ASSIGNED_CONTEXT ( ( #3840 ) ) GLOBAL_UNIT_ASSIGNED_CONTEXT ( ( #4933, #1282, #2833 ) ) REPRESENTATION_CONTEXT ( 'NONE', 'WORKASPACE' ) );
#1270 = LINE ( 'NONE', #1294, #4187 ) ;
#1271 =( NAMED_UNIT ( * ) PLANE_ANGLE_UNIT ( ) SI_UNIT ( $, .RADIAN. ) );
#1272 = PRESENTATION_LAYER_ASSIGNMENT (  '', '', ( #700 ) ) ;
#1273 = ORIENTED_EDGE ( 'NONE', *, *, #1114, .T. ) ;
#1274 = AXIS2_PLACEMENT_3D ( 'NONE', #3081, #3908, #3884 ) ;
#1275 = FACE_OUTER_BOUND ( 'NONE', #4004, .T. ) ;
#1276 = CARTESIAN_POINT ( 'NONE',  ( -2.850000000000000089, -2.850000000000000089, 3.149999999999999911 ) ) ;
#1277 = PRODUCT_CONTEXT ( 'NONE', #1461, 'mechanical' ) ;
#1278 = LINE ( 'NONE', #1650, #4850 ) ;
#1279 = DIRECTION ( 'NONE',  ( -0.0000000000000000000, -0.0000000000000000000, -1.000000000000000000 ) ) ;
#1280 = ORIENTED_EDGE ( 'NONE', *, *, #854, .F. ) ;
#1281 = DIRECTION ( 'NONE',  ( 3.231085104332679983E-15, 1.000000000000000000, 0.0000000000000000000 ) ) ;
#1282 =( NAMED_UNIT ( * ) PLANE_ANGLE_UNIT ( ) SI_UNIT ( $, .RADIAN. ) );
#1283 = CIRCLE ( 'NONE', #197, 0.3999999999999997446 ) ;
#1284 = UNCERTAINTY_MEASURE_WITH_UNIT (LENGTH_MEASURE( 1.000000000000000082E-05 ), #2693, 'distance_accuracy_value', 'NONE');
#1285 = SURFACE_SIDE_STYLE ('',( #4131 ) ) ;
#1286 = DIRECTION ( 'NONE',  ( 0.0000000000000000000, 0.0000000000000000000, 1.000000000000000000 ) ) ;
#1287 = EDGE_LOOP ( 'NONE', ( #665, #1146, #3684, #4761, #4844, #2837, #3855, #2189 ) ) ;
#1288 = STYLED_ITEM ( 'NONE', ( #773 ), #1819 ) ;
#1289 = SURFACE_STYLE_USAGE ( .BOTH. , #4503 ) ;
#1290 = CARTESIAN_POINT ( 'NONE',  ( 0.0000000000000000000, -3.000000000000000000, 3.449999999999999734 ) ) ;
#1291 = PRESENTATION_STYLE_ASSIGNMENT (( #4940 ) ) ;
#1292 = VERTEX_POINT ( 'NONE', #2321 ) ;
#1293 = FILL_AREA_STYLE_COLOUR ( '', #4014 ) ;
#1294 = CARTESIAN_POINT ( 'NONE',  ( 3.000000000000001332, -1.908218829166499875, 1.000000000000000000 ) ) ;
#1295 = EDGE_CURVE ( 'NONE', #4804, #1952, #1150, .T. ) ;
#1296 = AXIS2_PLACEMENT_3D ( 'NONE', #2149, #68, #570 ) ;
#1297 = VERTEX_POINT ( 'NONE', #2747 ) ;
#1298 = CARTESIAN_POINT ( 'NONE',  ( -2.083484861008841005, 1.958257569495580608, 3.750000000000000444 ) ) ;
#1299 = COLOUR_RGB ( '',0.0000000000000000000, 0.0000000000000000000, 0.0000000000000000000 ) ;
#1300 = DIRECTION ( 'NONE',  ( -0.0000000000000000000, -0.0000000000000000000, -1.000000000000000000 ) ) ;
#1301 = DIRECTION ( 'NONE',  ( 1.000000000000000000, 0.0000000000000000000, 0.0000000000000000000 ) ) ;
#1302 = CONTEXT_DEPENDENT_SHAPE_REPRESENTATION ( #2993, #933 ) ;
#1303 = DIRECTION ( 'NONE',  ( 0.0000000000000000000, 0.0000000000000000000, 1.000000000000000000 ) ) ;
#1304 =( LENGTH_UNIT ( ) NAMED_UNIT ( * ) SI_UNIT ( .MILLI., .METRE. ) );
#1305 = ORIENTED_EDGE ( 'NONE', *, *, #1787, .T. ) ;
#1306 = CARTESIAN_POINT ( 'NONE',  ( -2.000000000000000000, 2.041742430504419392, 3.750000000000000000 ) ) ;
#1307 = STYLED_ITEM ( 'NONE', ( #3863 ), #5006 ) ;
#1308 = DIRECTION ( 'NONE',  ( -0.0000000000000000000, -0.0000000000000000000, -1.000000000000000000 ) ) ;
#1309 =( NAMED_UNIT ( * ) SI_UNIT ( $, .STERADIAN. ) SOLID_ANGLE_UNIT ( ) );
#1310 = VERTEX_POINT ( 'NONE', #1458 ) ;
#1311 = DIRECTION ( 'NONE',  ( 1.000000000000000000, -0.0000000000000000000, 0.0000000000000000000 ) ) ;
#1312 = LINE ( 'NONE', #1392, #5114 ) ;
#1313 = FILL_AREA_STYLE ('',( #2401 ) ) ;
#1314 = SURFACE_STYLE_FILL_AREA ( #4964 ) ;
#1315 = VERTEX_POINT ( 'NONE', #2229 ) ;
#1316 = PLANE ( 'NONE',  #2869 ) ;
#1317 = DIRECTION ( 'NONE',  ( 0.0000000000000000000, 0.0000000000000000000, -1.000000000000000000 ) ) ;
#1318 = FACE_OUTER_BOUND ( 'NONE', #3545, .T. ) ;
#1319 =( GEOMETRIC_REPRESENTATION_CONTEXT ( 3 ) GLOBAL_UNCERTAINTY_ASSIGNED_CONTEXT ( ( #1496 ) ) GLOBAL_UNIT_ASSIGNED_CONTEXT ( ( #4316, #5215, #1497 ) ) REPRESENTATION_CONTEXT ( 'NONE', 'WORKASPACE' ) );
#1320 = EDGE_CURVE ( 'NONE', #2876, #2654, #4592, .T. ) ;
#1321 = ADVANCED_FACE ( 'NONE', ( #4332 ), #4734, .T. ) ;
#1322 = CARTESIAN_POINT ( 'NONE',  ( -3.000000000000000444, 1.500000000000001332, 3.450000000000000622 ) ) ;
#1323 = CARTESIAN_POINT ( 'NONE',  ( 1.649999999999999689, 3.299999999999999822, 4.299999999999999822 ) ) ;
#1324 = SURFACE_STYLE_FILL_AREA ( #3373 ) ;
#1325 = APPLICATION_PROTOCOL_DEFINITION ( 'draft international standard', 'automotive_design', 1998, #1162 ) ;
#1326 = DIRECTION ( 'NONE',  ( 0.0000000000000000000, 1.000000000000000000, 0.0000000000000000000 ) ) ;
#1327 = CARTESIAN_POINT ( 'NONE',  ( -3.000000000000010214, -1.500000000000000000, 3.450000000000000622 ) ) ;
#1328 = ORIENTED_EDGE ( 'NONE', *, *, #4309, .F. ) ;
#1329 = EDGE_CURVE ( 'NONE', #2548, #2602, #4359, .T. ) ;
#1330 = CARTESIAN_POINT ( 'NONE',  ( 3.249999999999998668, -2.608218829166499830, 0.9000000000000000222 ) ) ;
#1331 = DIRECTION ( 'NONE',  ( -0.0000000000000000000, -0.0000000000000000000, -1.000000000000000000 ) ) ;
#1332 = PLANE ( 'NONE',  #1569 ) ;
#1333 = UNCERTAINTY_MEASURE_WITH_UNIT (LENGTH_MEASURE( 1.000000000000000082E-05 ), #3088, 'distance_accuracy_value', 'NONE');
#1334 = DIRECTION ( 'NONE',  ( -0.0000000000000000000, 1.000000000000000000, -0.0000000000000000000 ) ) ;
#1335 = MECHANICAL_DESIGN_GEOMETRIC_PRESENTATION_REPRESENTATION (  '', ( #2024 ), #5 ) ;
#1336 = EDGE_LOOP ( 'NONE', ( #4972, #402, #1760, #1586 ) ) ;
#1337 = FILL_AREA_STYLE_COLOUR ( '', #3401 ) ;
#1338 = AXIS2_PLACEMENT_3D ( 'NONE', #2259, #4732, #4330 ) ;
#1339 = DIRECTION ( 'NONE',  ( -0.0000000000000000000, -0.0000000000000000000, -1.000000000000000000 ) ) ;
#1340 = CIRCLE ( 'NONE', #931, 0.5000000000000000000 ) ;
#1341 = SURFACE_STYLE_USAGE ( .BOTH. , #357 ) ;
#1342 = FILL_AREA_STYLE ('',( #187 ) ) ;
#1343 = PRESENTATION_LAYER_ASSIGNMENT (  '', '', ( #508 ) ) ;
#1344 = EDGE_LOOP ( 'NONE', ( #782, #1030, #968, #1138 ) ) ;
#1345 = COLOUR_RGB ( '',0.7529411764705882248, 0.7529411764705882248, 0.7529411764705882248 ) ;
#1346 = DIRECTION ( 'NONE',  ( 0.0000000000000000000, -0.0000000000000000000, -1.000000000000000000 ) ) ;
#1347 = VECTOR ( 'NONE', #1279, 1000.000000000000000 ) ;
#1348 = CARTESIAN_POINT ( 'NONE',  ( -4.500000000000000000, 2.591781170833500347, 0.0000000000000000000 ) ) ;
#1349 = ORIENTED_EDGE ( 'NONE', *, *, #4255, .T. ) ;
#1350 = VECTOR ( 'NONE', #693, 1000.000000000000000 ) ;
#1351 = CARTESIAN_POINT ( 'NONE',  ( 2.836092186006223148, -1.581953906996888426, 3.637779991155306814 ) ) ;
#1352 = DIRECTION ( 'NONE',  ( -0.0000000000000000000, -0.0000000000000000000, -1.000000000000000000 ) ) ;
#1353 = AXIS2_PLACEMENT_3D ( 'NONE', #4632, #130, #1357 ) ;
#1354 = CARTESIAN_POINT ( 'NONE',  ( 3.349999999999999645, 3.362671756250251498, 0.4000000000000000777 ) ) ;
#1355 = EDGE_LOOP ( 'NONE', ( #3363, #4450, #3254, #537 ) ) ;
#1356 = SURFACE_STYLE_USAGE ( .BOTH. , #4554 ) ;
#1357 = DIRECTION ( 'NONE',  ( -1.000000000000000000, 0.0000000000000000000, -0.0000000000000000000 ) ) ;
#1358 = PRESENTATION_STYLE_ASSIGNMENT (( #3063 ) ) ;
#1359 = FACE_OUTER_BOUND ( 'NONE', #3441, .T. ) ;
#1360 = EDGE_CURVE ( 'NONE', #2011, #437, #312, .T. ) ;
#1361 =( REPRESENTATION_RELATIONSHIP ('NONE','NONE', #251, #3902 ) REPRESENTATION_RELATIONSHIP_WITH_TRANSFORMATION ( #1758 )SHAPE_REPRESENTATION_RELATIONSHIP( ) );
#1362 = ORIENTED_EDGE ( 'NONE', *, *, #1483, .T. ) ;
#1363 = SURFACE_STYLE_USAGE ( .BOTH. , #2215 ) ;
#1364 = VECTOR ( 'NONE', #1388, 1000.000000000000000 ) ;
#1365 = CARTESIAN_POINT ( 'NONE',  ( 4.074999999999999289, 1.891781170833499948, 0.0000000000000000000 ) ) ;
#1366 =( LENGTH_UNIT ( ) NAMED_UNIT ( * ) SI_UNIT ( .MILLI., .METRE. ) );
#1367 =( NAMED_UNIT ( * ) SI_UNIT ( $, .STERADIAN. ) SOLID_ANGLE_UNIT ( ) );
#1368 =( NAMED_UNIT ( * ) PLANE_ANGLE_UNIT ( ) SI_UNIT ( $, .RADIAN. ) );
#1369 = SURFACE_SIDE_STYLE ('',( #5044 ) ) ;
#1370 = COLOUR_RGB ( '',0.0000000000000000000, 0.0000000000000000000, 0.0000000000000000000 ) ;
#1371 = EDGE_LOOP ( 'NONE', ( #2755, #409, #2146, #3950 ) ) ;
#1372 = PRESENTATION_LAYER_ASSIGNMENT (  '', '', ( #2478 ) ) ;
#1373 = ORIENTED_EDGE ( 'NONE', *, *, #5034, .T. ) ;
#1374 = CARTESIAN_POINT ( 'NONE',  ( -2.493254395993284689, 1.753372802003358766, 3.749999999999998668 ) ) ;
#1375 = CARTESIAN_POINT ( 'NONE',  ( -1.000000000000000000, -3.000000000000000444, 0.0000000000000000000 ) ) ;
#1376 = DIRECTION ( 'NONE',  ( 0.0000000000000000000, -0.0000000000000000000, 1.000000000000000000 ) ) ;
#1377 = SHAPE_DEFINITION_REPRESENTATION ( #3807, #887 ) ;
#1378 = COLOUR_RGB ( '',0.7529411764705882248, 0.7529411764705882248, 0.7529411764705882248 ) ;
#1379 = DIRECTION ( 'NONE',  ( 3.231085104332679983E-15, 1.000000000000000000, -0.0000000000000000000 ) ) ;
#1380 = VERTEX_POINT ( 'NONE', #280 ) ;
#1381 = PRODUCT_DEFINITION_SHAPE ( 'NONE', 'NONE',  #5228 ) ;
#1382 = DIRECTION ( 'NONE',  ( 0.0000000000000000000, 0.0000000000000000000, 1.000000000000000000 ) ) ;
#1383 = SURFACE_STYLE_USAGE ( .BOTH. , #5032 ) ;
#1384 = LINE ( 'NONE', #4958, #2882 ) ;
#1385 =( NAMED_UNIT ( * ) PLANE_ANGLE_UNIT ( ) SI_UNIT ( $, .RADIAN. ) );
#1386 = PRESENTATION_STYLE_ASSIGNMENT (( #2908 ) ) ;
#1387 = ORIENTED_EDGE ( 'NONE', *, *, #1482, .F. ) ;
#1388 = DIRECTION ( 'NONE',  ( -0.0000000000000000000, -0.0000000000000000000, -1.000000000000000000 ) ) ;
#1389 = PRODUCT_RELATED_PRODUCT_CATEGORY ( 'part', '', ( #4660 ) ) ;
#1390 = ADVANCED_FACE ( 'NONE', ( #2261 ), #2686, .T. ) ;
#1391 = DIRECTION ( 'NONE',  ( -3.231085104332679983E-15, -1.000000000000000000, 2.938735877055720084E-31 ) ) ;
#1392 = CARTESIAN_POINT ( 'NONE',  ( -3.000000000000000000, 2.591781170833500347, 0.0000000000000000000 ) ) ;
#1393 = CARTESIAN_POINT ( 'NONE',  ( -1.916515138991158107, 2.041742430504419392, 3.749999999999999556 ) ) ;
#1394 = UNCERTAINTY_MEASURE_WITH_UNIT (LENGTH_MEASURE( 1.000000000000000082E-05 ), #1366, 'distance_accuracy_value', 'NONE');
#1395 = SURFACE_STYLE_FILL_AREA ( #4690 ) ;
#1396 = AXIS2_PLACEMENT_3D ( 'NONE', #1923, #4049, #1226 ) ;
#1397 = ORIENTED_EDGE ( 'NONE', *, *, #1649, .F. ) ;
#1398 = ADVANCED_FACE ( 'NONE', ( #2000 ), #3624, .F. ) ;
#1399 = CARTESIAN_POINT ( 'NONE',  ( 1.163907813993778406, 1.581953906996890646, 3.637779991155306814 ) ) ;
#1400 = FILL_AREA_STYLE_COLOUR ( '', #3322 ) ;
#1401 = AXIS2_PLACEMENT_3D ( 'NONE', #1850, #1752, #2219 ) ;
#1402 = ORIENTED_EDGE ( 'NONE', *, *, #891, .T. ) ;
#1403 = CARTESIAN_POINT ( 'NONE',  ( 1.749999999999999556, 3.499999999999999112, 4.199999999999999289 ) ) ;
#1404 = PRESENTATION_STYLE_ASSIGNMENT (( #1757 ) ) ;
#1405 = CARTESIAN_POINT ( 'NONE',  ( -3.000000000000000000, -2.850000000000000089, 3.149999999999999911 ) ) ;
#1406 = CARTESIAN_POINT ( 'NONE',  ( 2.000000000000000000, 2.000000000000000000, 3.449999999999999734 ) ) ;
#1407 = CARTESIAN_POINT ( 'NONE',  ( -4.500000000000000000, 2.241781170833500259, 0.0000000000000000000 ) ) ;
#1408 = FILL_AREA_STYLE_COLOUR ( '', #1345 ) ;
#1409 = DIRECTION ( 'NONE',  ( 0.0000000000000000000, 0.0000000000000000000, 1.000000000000000000 ) ) ;
#1410 = ORIENTED_EDGE ( 'NONE', *, *, #4707, .T. ) ;
#1411 = SHAPE_REPRESENTATION ( '3', ( #1401 ), #1319 ) ;
#1412 = LINE ( 'NONE', #4668, #4565 ) ;
#1413 = APPLICATION_PROTOCOL_DEFINITION ( 'draft international standard', 'automotive_design', 1998, #1638 ) ;
#1414 = DIRECTION ( 'NONE',  ( 0.0000000000000000000, 0.0000000000000000000, -1.000000000000000000 ) ) ;
#1415 = VECTOR ( 'NONE', #1991, 1000.000000000000000 ) ;
#1416 =( NAMED_UNIT ( * ) PLANE_ANGLE_UNIT ( ) SI_UNIT ( $, .RADIAN. ) );
#1417 = ORIENTED_EDGE ( 'NONE', *, *, #1626, .T. ) ;
#1418 = PRODUCT_RELATED_PRODUCT_CATEGORY ( 'part', '', ( #4436 ) ) ;
#1419 = PRESENTATION_LAYER_ASSIGNMENT (  '', '', ( #3033 ) ) ;
#1420 = VECTOR ( 'NONE', #4805, 1000.000000000000000 ) ;
#1421 = PRESENTATION_STYLE_ASSIGNMENT (( #4725 ) ) ;
#1422 = DIRECTION ( 'NONE',  ( 1.000000000000000000, -3.252606517456511724E-15, 0.0000000000000000000 ) ) ;
#1423 = COLOUR_RGB ( '',0.7529411764705882248, 0.7529411764705882248, 0.7529411764705882248 ) ;
#1424 = AXIS2_PLACEMENT_3D ( 'NONE', #2720, #258, #1020 ) ;
#1425 = ORIENTED_EDGE ( 'NONE', *, *, #3547, .F. ) ;
#1426 = ADVANCED_FACE ( 'NONE', ( #5205 ), #1572, .F. ) ;
#1427 = PRODUCT_DEFINITION_SHAPE ( 'NONE', 'NONE',  #5229 ) ;
#1428 = MECHANICAL_DESIGN_GEOMETRIC_PRESENTATION_REPRESENTATION (  '', ( #2459 ), #2463 ) ;
#1429 = CARTESIAN_POINT ( 'NONE',  ( 2.000000000000000000, -1.958257569495580164, 3.750000000000000000 ) ) ;
#1430 = FILL_AREA_STYLE ('',( #1835 ) ) ;
#1431 = DIRECTION ( 'NONE',  ( 0.0000000000000000000, 1.000000000000000000, -0.0000000000000000000 ) ) ;
#1432 = CARTESIAN_POINT ( 'NONE',  ( 2.000000000000000000, 1.958257569495580608, 3.750000000000000000 ) ) ;
#1433 = PRESENTATION_STYLE_ASSIGNMENT (( #2687 ) ) ;
#1434 = PRESENTATION_LAYER_ASSIGNMENT (  '', '', ( #3725 ) ) ;
#1435 = VECTOR ( 'NONE', #3267, 1000.000000000000000 ) ;
#1436 = FILL_AREA_STYLE_COLOUR ( '', #1590 ) ;
#1437 =( NAMED_UNIT ( * ) SI_UNIT ( $, .STERADIAN. ) SOLID_ANGLE_UNIT ( ) );
#1438 = MECHANICAL_DESIGN_GEOMETRIC_PRESENTATION_REPRESENTATION (  '', ( #270 ), #4241 ) ;
#1439 = ORIENTED_EDGE ( 'NONE', *, *, #4227, .T. ) ;
#1440 = FILL_AREA_STYLE ('',( #723 ) ) ;
#1441 = SURFACE_STYLE_FILL_AREA ( #5134 ) ;
#1442 = DIRECTION ( 'NONE',  ( 0.0000000000000000000, 0.0000000000000000000, 1.000000000000000000 ) ) ;
#1443 = SURFACE_SIDE_STYLE ('',( #4265 ) ) ;
#1444 = COLOUR_RGB ( '',0.7529411764705882248, 0.7529411764705882248, 0.7529411764705882248 ) ;
#1445 =( NAMED_UNIT ( * ) SI_UNIT ( $, .STERADIAN. ) SOLID_ANGLE_UNIT ( ) );
#1446 = VERTEX_POINT ( 'NONE', #4813 ) ;
#1447 = CARTESIAN_POINT ( 'NONE',  ( 2.850000000000000089, 2.850000000000000089, 0.0000000000000000000 ) ) ;
#1448 = FACE_OUTER_BOUND ( 'NONE', #243, .T. ) ;
#1449 = DIRECTION ( 'NONE',  ( 1.000000000000000000, -2.168404344971012812E-15, -1.084202172485506406E-15 ) ) ;
#1450 = FACE_OUTER_BOUND ( 'NONE', #1634, .T. ) ;
#1451 =( GEOMETRIC_REPRESENTATION_CONTEXT ( 3 ) GLOBAL_UNCERTAINTY_ASSIGNED_CONTEXT ( ( #4526 ) ) GLOBAL_UNIT_ASSIGNED_CONTEXT ( ( #4667, #1929, #3549 ) ) REPRESENTATION_CONTEXT ( 'NONE', 'WORKASPACE' ) );
#1452 = VERTEX_POINT ( 'NONE', #1961 ) ;
#1453 = VECTOR ( 'NONE', #1863, 1000.000000000000000 ) ;
#1454 = PRESENTATION_STYLE_ASSIGNMENT (( #5097 ) ) ;
#1455 = EDGE_CURVE ( 'NONE', #5095, #2032, #2251, .T. ) ;
#1456 = DIRECTION ( 'NONE',  ( 0.0000000000000000000, 0.0000000000000000000, 1.000000000000000000 ) ) ;
#1457 =( LENGTH_UNIT ( ) NAMED_UNIT ( * ) SI_UNIT ( .MILLI., .METRE. ) );
#1458 = CARTESIAN_POINT ( 'NONE',  ( -3.250000000000000000, -1.908218829166499875, 1.300000000000000044 ) ) ;
#1459 = LINE ( 'NONE', #2210, #4405 ) ;
#1460 = VECTOR ( 'NONE', #1346, 1000.000000000000000 ) ;
#1461 = APPLICATION_CONTEXT ( 'automotive_design' ) ;
#1462 = CYLINDRICAL_SURFACE ( 'NONE', #1671, 0.4000000000000001887 ) ;
#1463 = FACE_OUTER_BOUND ( 'NONE', #76, .T. ) ;
#1464 = FILL_AREA_STYLE_COLOUR ( '', #63 ) ;
#1465 = CYLINDRICAL_SURFACE ( 'NONE', #2965, 0.09999999999999982514 ) ;
#1466 = STYLED_ITEM ( 'NONE', ( #4047 ), #4474 ) ;
#1467 = MECHANICAL_DESIGN_GEOMETRIC_PRESENTATION_REPRESENTATION (  '', ( #4695 ), #2582 ) ;
#1468 = VERTEX_POINT ( 'NONE', #4374 ) ;
#1469 =( GEOMETRIC_REPRESENTATION_CONTEXT ( 3 ) GLOBAL_UNCERTAINTY_ASSIGNED_CONTEXT ( ( #1605 ) ) GLOBAL_UNIT_ASSIGNED_CONTEXT ( ( #4932, #36, #1232 ) ) REPRESENTATION_CONTEXT ( 'NONE', 'WORKASPACE' ) );
#1470 =( NAMED_UNIT ( * ) PLANE_ANGLE_UNIT ( ) SI_UNIT ( $, .RADIAN. ) );
#1471 = DIRECTION ( 'NONE',  ( 1.000000000000000000, 0.0000000000000000000, 0.0000000000000000000 ) ) ;
#1472 = ORIENTED_EDGE ( 'NONE', *, *, #3437, .F. ) ;
#1473 =( NAMED_UNIT ( * ) PLANE_ANGLE_UNIT ( ) SI_UNIT ( $, .RADIAN. ) );
#1474 = SURFACE_SIDE_STYLE ('',( #2707 ) ) ;
#1475 = MECHANICAL_DESIGN_GEOMETRIC_PRESENTATION_REPRESENTATION (  '', ( #1998 ), #4036 ) ;
#1476 = ORIENTED_EDGE ( 'NONE', *, *, #1649, .T. ) ;
#1477 = ORIENTED_EDGE ( 'NONE', *, *, #4647, .F. ) ;
#1478 =( NAMED_UNIT ( * ) SI_UNIT ( $, .STERADIAN. ) SOLID_ANGLE_UNIT ( ) );
#1479 = CARTESIAN_POINT ( 'NONE',  ( 1.750000000000000000, 2.143131898507868297E-16, 4.200000000000000178 ) ) ;
#1480 = DIRECTION ( 'NONE',  ( 1.000000000000000000, 0.0000000000000000000, -0.0000000000000000000 ) ) ;
#1481 = FILL_AREA_STYLE_COLOUR ( '', #3196 ) ;
#1482 = EDGE_CURVE ( 'NONE', #2583, #2198, #483, .T. ) ;
#1483 = EDGE_CURVE ( 'NONE', #1179, #587, #3557, .T. ) ;
#1484 = MECHANICAL_DESIGN_GEOMETRIC_PRESENTATION_REPRESENTATION (  '', ( #2771 ), #4039 ) ;
#1485 = VECTOR ( 'NONE', #781, 1000.000000000000000 ) ;
#1486 = FILL_AREA_STYLE ('',( #1436 ) ) ;
#1487 =( NAMED_UNIT ( * ) SI_UNIT ( $, .STERADIAN. ) SOLID_ANGLE_UNIT ( ) );
#1488 = DIRECTION ( 'NONE',  ( 1.000000000000000000, -0.0000000000000000000, 0.0000000000000000000 ) ) ;
#1489 = ADVANCED_BREP_SHAPE_REPRESENTATION ( '', ( #70, #1401 ), #1579 ) ;
#1490 = EDGE_LOOP ( 'NONE', ( #1190, #4042 ) ) ;
#1491 = EDGE_CURVE ( 'NONE', #1773, #705, #2674, .T. ) ;
#1492 = DIRECTION ( 'NONE',  ( 0.0000000000000000000, 0.0000000000000000000, -1.000000000000000000 ) ) ;
#1493 = FILL_AREA_STYLE_COLOUR ( '', #594 ) ;
#1494 = PRESENTATION_STYLE_ASSIGNMENT (( #3607 ) ) ;
#1495 = CARTESIAN_POINT ( 'NONE',  ( 1.999999999999997558, 1.753372802003358544, 3.749999999999998224 ) ) ;
#1496 = UNCERTAINTY_MEASURE_WITH_UNIT (LENGTH_MEASURE( 1.000000000000000082E-05 ), #4316, 'distance_accuracy_value', 'NONE');
#1497 =( NAMED_UNIT ( * ) SI_UNIT ( $, .STERADIAN. ) SOLID_ANGLE_UNIT ( ) );
#1498 = DIRECTION ( 'NONE',  ( -0.0000000000000000000, -1.000000000000000000, -0.0000000000000000000 ) ) ;
#1499 = ORIENTED_EDGE ( 'NONE', *, *, #3337, .T. ) ;
#1500 = DIRECTION ( 'NONE',  ( -0.0000000000000000000, 0.0000000000000000000, 1.000000000000000000 ) ) ;
#1501 = FILL_AREA_STYLE ('',( #2632 ) ) ;
#1502 = SURFACE_SIDE_STYLE ('',( #2422 ) ) ;
#1503 = ORIENTED_EDGE ( 'NONE', *, *, #1626, .F. ) ;
#1504 = ORIENTED_EDGE ( 'NONE', *, *, #115, .F. ) ;
#1505 = CARTESIAN_POINT ( 'NONE',  ( 0.0000000000000000000, -3.000000000000000000, 3.149999999999999911 ) ) ;
#1506 = CARTESIAN_POINT ( 'NONE',  ( -1.750000000000000000, 3.499999999999999112, 4.199999999999999289 ) ) ;
#1507 = SURFACE_STYLE_USAGE ( .BOTH. , #5148 ) ;
#1508 = PRESENTATION_LAYER_ASSIGNMENT (  '', '', ( #2027 ) ) ;
#1509 = CARTESIAN_POINT ( 'NONE',  ( 3.000000000000000000, 2.850000000000000089, 3.149999999999999911 ) ) ;
#1510 = COLOUR_RGB ( '',0.7529411764705882248, 0.7529411764705882248, 0.7529411764705882248 ) ;
#1511 = COLOUR_RGB ( '',0.7529411764705882248, 0.7529411764705882248, 0.7529411764705882248 ) ;
#1512 = PRESENTATION_STYLE_ASSIGNMENT (( #3463 ) ) ;
#1513 = FILL_AREA_STYLE ('',( #1153 ) ) ;
#1514 = FACE_OUTER_BOUND ( 'NONE', #783, .T. ) ;
#1515 = STYLED_ITEM ( 'NONE', ( #4587 ), #565 ) ;
#1516 = FILL_AREA_STYLE ('',( #1464 ) ) ;
#1517 = SURFACE_STYLE_FILL_AREA ( #3107 ) ;
#1518 = ORIENTED_EDGE ( 'NONE', *, *, #3507, .F. ) ;
#1519 = COLOUR_RGB ( '',0.0000000000000000000, 0.0000000000000000000, 0.0000000000000000000 ) ;
#1520 = SURFACE_SIDE_STYLE ('',( #3066 ) ) ;
#1521 = FACE_OUTER_BOUND ( 'NONE', #3501, .T. ) ;
#1522 = EDGE_CURVE ( 'NONE', #1292, #2011, #2555, .T. ) ;
#1523 = SURFACE_STYLE_FILL_AREA ( #3553 ) ;
#1524 = VECTOR ( 'NONE', #2618, 1000.000000000000000 ) ;
#1525 = ORIENTED_EDGE ( 'NONE', *, *, #3544, .F. ) ;
#1526 = CARTESIAN_POINT ( 'NONE',  ( 1.649999999999999911, 1.212400331155879702E-16, 4.299999999999999822 ) ) ;
#1527 =( GEOMETRIC_REPRESENTATION_CONTEXT ( 3 ) GLOBAL_UNCERTAINTY_ASSIGNED_CONTEXT ( ( #2084 ) ) GLOBAL_UNIT_ASSIGNED_CONTEXT ( ( #2805, #2457, #4516 ) ) REPRESENTATION_CONTEXT ( 'NONE', 'WORKASPACE' ) );
#1528 = CARTESIAN_POINT ( 'NONE',  ( -3.750000000000000000, -2.608218829166499830, 0.0000000000000000000 ) ) ;
#1529 = CARTESIAN_POINT ( 'NONE',  ( 0.0000000000000000000, 0.0000000000000000000, 3.750000000000000000 ) ) ;
#1530 = PRESENTATION_STYLE_ASSIGNMENT (( #3149 ) ) ;
#1531 = FILL_AREA_STYLE ('',( #4013 ) ) ;
#1532 = VECTOR ( 'NONE', #355, 1000.000000000000000 ) ;
#1533 = VERTEX_POINT ( 'NONE', #1935 ) ;
#1534 = ORIENTED_EDGE ( 'NONE', *, *, #2978, .F. ) ;
#1535 = CARTESIAN_POINT ( 'NONE',  ( 3.650000000000001243, -1.908218829166499875, 0.9000000000000000222 ) ) ;
#1536 = SURFACE_STYLE_USAGE ( .BOTH. , #4794 ) ;
#1537 = MECHANICAL_DESIGN_GEOMETRIC_PRESENTATION_REPRESENTATION (  '', ( #3584 ), #2644 ) ;
#1538 =( NAMED_UNIT ( * ) SI_UNIT ( $, .STERADIAN. ) SOLID_ANGLE_UNIT ( ) );
#1539 = DIRECTION ( 'NONE',  ( 0.0000000000000000000, 0.0000000000000000000, 1.000000000000000000 ) ) ;
#1540 = CARTESIAN_POINT ( 'NONE',  ( 4.500000000000000000, 1.891781170833498837, 0.0000000000000000000 ) ) ;
#1541 =( GEOMETRIC_REPRESENTATION_CONTEXT ( 3 ) GLOBAL_UNCERTAINTY_ASSIGNED_CONTEXT ( ( #496 ) ) GLOBAL_UNIT_ASSIGNED_CONTEXT ( ( #4773, #1954, #2668 ) ) REPRESENTATION_CONTEXT ( 'NONE', 'WORKASPACE' ) );
#1542 = PRESENTATION_LAYER_ASSIGNMENT (  '', '', ( #3228 ) ) ;
#1543 = CARTESIAN_POINT ( 'NONE',  ( 0.0000000000000000000, 0.0000000000000000000, 3.449999999999999734 ) ) ;
#1544 = PRESENTATION_STYLE_ASSIGNMENT (( #3913 ) ) ;
#1545 = CARTESIAN_POINT ( 'NONE',  ( 6.938893903907229955E-15, 2.591781170833500347, 0.0000000000000000000 ) ) ;
#1546 = DIRECTION ( 'NONE',  ( 0.0000000000000000000, 0.0000000000000000000, 1.000000000000000000 ) ) ;
#1547 = ORIENTED_EDGE ( 'NONE', *, *, #3702, .T. ) ;
#1548 = FILL_AREA_STYLE_COLOUR ( '', #1299 ) ;
#1549 = SURFACE_SIDE_STYLE ('',( #2305 ) ) ;
#1550 = UNCERTAINTY_MEASURE_WITH_UNIT (LENGTH_MEASURE( 1.000000000000000082E-05 ), #4686, 'distance_accuracy_value', 'NONE');
#1551 = CARTESIAN_POINT ( 'NONE',  ( 1.750000000000000222, -3.499999999999999112, 4.199999999999999289 ) ) ;
#1552 = VECTOR ( 'NONE', #3830, 1000.000000000000000 ) ;
#1553 = EDGE_LOOP ( 'NONE', ( #3964, #5045, #2079, #1713 ) ) ;
#1554 = EDGE_CURVE ( 'NONE', #2222, #4819, #3986, .T. ) ;
#1555 = CYLINDRICAL_SURFACE ( 'NONE', #2973, 0.1499999999999999667 ) ;
#1556 = MECHANICAL_DESIGN_GEOMETRIC_PRESENTATION_REPRESENTATION (  '', ( #2663 ), #1469 ) ;
#1557 = PRESENTATION_LAYER_ASSIGNMENT (  '', '', ( #638 ) ) ;
#1558 =( BOUNDED_SURFACE ( )  B_SPLINE_SURFACE ( 3, 3, ( 
 ( #1672, #812, #2847, #1621 ),
 ( #3670, #836, #4078, #1647 ),
 ( #4896, #1246, #2872, #3287 ),
 ( #4175, #2613, #574, #600 ) ),
 .UNSPECIFIED., .F., .F., .F. ) 
 B_SPLINE_SURFACE_WITH_KNOTS ( ( 4, 4 ),
 ( 4, 4 ),
 ( 0.0000000000000000000, 1.000000000000000000 ),
 ( 0.0000000000000000000, 1.000000000000000000 ),
 .UNSPECIFIED. ) 
 GEOMETRIC_REPRESENTATION_ITEM ( )  RATIONAL_B_SPLINE_SURFACE ( (
 ( 1.000000000000000000, 0.3333333333333337034, 0.3333333333333337034, 1.000000000000000000),
 ( 0.8911066843560517814, 0.2970355614520175935, 0.2970355614520175935, 0.8911066843560517814),
 ( 0.8911066843560517814, 0.2970355614520175935, 0.2970355614520175935, 0.8911066843560517814),
 ( 1.000000000000000000, 0.3333333333333337034, 0.3333333333333337034, 1.000000000000000000) ) ) 
 REPRESENTATION_ITEM ( '' )  SURFACE ( )  );
#1559 = CARTESIAN_POINT ( 'NONE',  ( 3.249999999999998668, 2.241781170833500259, 1.000000000000000000 ) ) ;
#1560 = CARTESIAN_POINT ( 'NONE',  ( -3.750000000000000000, 2.591781170833500347, 0.3000000000000000444 ) ) ;
#1561 = SURFACE_SIDE_STYLE ('',( #757 ) ) ;
#1562 = STYLED_ITEM ( 'NONE', ( #792 ), #811 ) ;
#1563 = ORIENTED_EDGE ( 'NONE', *, *, #1268, .T. ) ;
#1564 = ORIENTED_EDGE ( 'NONE', *, *, #2827, .F. ) ;
#1565 = ADVANCED_FACE ( 'NONE', ( #299 ), #1555, .T. ) ;
#1566 = PRODUCT_DEFINITION_FORMATION_WITH_SPECIFIED_SOURCE ( 'ANY', '', #888, .NOT_KNOWN. ) ;
#1567 = SURFACE_STYLE_USAGE ( .BOTH. , #2399 ) ;
#1568 = LINE ( 'NONE', #2450, #3163 ) ;
#1569 = AXIS2_PLACEMENT_3D ( 'NONE', #5104, #2777, #1896 ) ;
#1570 = SURFACE_STYLE_FILL_AREA ( #833 ) ;
#1571 =( LENGTH_UNIT ( ) NAMED_UNIT ( * ) SI_UNIT ( .MILLI., .METRE. ) );
#1572 = PLANE ( 'NONE',  #3829 ) ;
#1573 = FILL_AREA_STYLE ('',( #3626 ) ) ;
#1574 = PLANE ( 'NONE',  #4300 ) ;
#1575 = FILL_AREA_STYLE_COLOUR ( '', #3432 ) ;
#1576 =( LENGTH_UNIT ( ) NAMED_UNIT ( * ) SI_UNIT ( .MILLI., .METRE. ) );
#1577 = PRESENTATION_LAYER_ASSIGNMENT (  '', '', ( #1661 ) ) ;
#1578 = EDGE_LOOP ( 'NONE', ( #4720, #2363, #4790, #673 ) ) ;
#1579 =( GEOMETRIC_REPRESENTATION_CONTEXT ( 3 ) GLOBAL_UNCERTAINTY_ASSIGNED_CONTEXT ( ( #3585 ) ) GLOBAL_UNIT_ASSIGNED_CONTEXT ( ( #3383, #582, #1437 ) ) REPRESENTATION_CONTEXT ( 'NONE', 'WORKASPACE' ) );
#1580 = CARTESIAN_POINT ( 'NONE',  ( 1.749999999999999556, 2.143131898507868051E-16, 4.258578643762690241 ) ) ;
#1581 = ORIENTED_EDGE ( 'NONE', *, *, #1043, .F. ) ;
#1582 = FILL_AREA_STYLE ('',( #477 ) ) ;
#1583 = DIRECTION ( 'NONE',  ( -0.0000000000000000000, -1.000000000000000000, 0.0000000000000000000 ) ) ;
#1584 = MANIFOLD_SOLID_BREP ( 'Imported1', #4658 ) ;
#1585 = VERTEX_POINT ( 'NONE', #2884 ) ;
#1586 = ORIENTED_EDGE ( 'NONE', *, *, #4642, .T. ) ;
#1587 = FILL_AREA_STYLE_COLOUR ( '', #2477 ) ;
#1588 = ADVANCED_FACE ( 'NONE', ( #2858 ), #269, .T. ) ;
#1589 =( NAMED_UNIT ( * ) PLANE_ANGLE_UNIT ( ) SI_UNIT ( $, .RADIAN. ) );
#1590 = COLOUR_RGB ( '',0.7529411764705882248, 0.7529411764705882248, 0.7529411764705882248 ) ;
#1591 = ADVANCED_FACE ( 'NONE', ( #2039 ), #1988, .F. ) ;
#1592 =( GEOMETRIC_REPRESENTATION_CONTEXT ( 3 ) GLOBAL_UNCERTAINTY_ASSIGNED_CONTEXT ( ( #4414 ) ) GLOBAL_UNIT_ASSIGNED_CONTEXT ( ( #2366, #701, #2705 ) ) REPRESENTATION_CONTEXT ( 'NONE', 'WORKASPACE' ) );
#1593 = AXIS2_PLACEMENT_3D ( 'NONE', #653, #3129, #4250 ) ;
#1594 = VECTOR ( 'NONE', #4115, 1000.000000000000000 ) ;
#1595 = PRESENTATION_STYLE_ASSIGNMENT (( #2405 ) ) ;
#1596 = FACE_OUTER_BOUND ( 'NONE', #2892, .T. ) ;
#1597 = FILL_AREA_STYLE ('',( #840 ) ) ;
#1598 = CLOSED_SHELL ( 'NONE', ( #856, #5069, #4065, #5006, #4097, #1887, #3513, #956, #2733, #179, #1398, #5164, #4474, #2958 ) ) ;
#1599 = CIRCLE ( 'NONE', #4485, 0.5000000000000000000 ) ;
#1600 = VERTEX_POINT ( 'NONE', #4889 ) ;
#1601 = STYLED_ITEM ( 'NONE', ( #2874 ), #274 ) ;
#1602 = SURFACE_STYLE_FILL_AREA ( #864 ) ;
#1603 = DIRECTION ( 'NONE',  ( -1.000000000000000000, 0.0000000000000000000, -0.0000000000000000000 ) ) ;
#1604 = PRESENTATION_STYLE_ASSIGNMENT (( #6 ) ) ;
#1605 = UNCERTAINTY_MEASURE_WITH_UNIT (LENGTH_MEASURE( 1.000000000000000082E-05 ), #4932, 'distance_accuracy_value', 'NONE');
#1606 = FILL_AREA_STYLE ('',( #10 ) ) ;
#1607 = COLOUR_RGB ( '',0.7529411764705882248, 0.7529411764705882248, 0.7529411764705882248 ) ;
#1608 = ORIENTED_EDGE ( 'NONE', *, *, #2313, .F. ) ;
#1609 = DIRECTION ( 'NONE',  ( 1.000000000000000000, 0.0000000000000000000, 0.0000000000000000000 ) ) ;
#1610 = DIRECTION ( 'NONE',  ( 3.231085104332679983E-15, 1.000000000000000000, 0.0000000000000000000 ) ) ;
#1611 = FILL_AREA_STYLE_COLOUR ( '', #3848 ) ;
#1612 = FACE_OUTER_BOUND ( 'NONE', #1344, .T. ) ;
#1613 = ORIENTED_EDGE ( 'NONE', *, *, #4099, .F. ) ;
#1614 = ORIENTED_EDGE ( 'NONE', *, *, #965, .T. ) ;
#1615 = COLOUR_RGB ( '',0.0000000000000000000, 0.0000000000000000000, 0.0000000000000000000 ) ;
#1616 = LINE ( 'NONE', #4846, #4344 ) ;
#1617 = ADVANCED_BREP_SHAPE_REPRESENTATION ( '', ( #3482, #1401 ), #4708 ) ;
#1618 =( GEOMETRIC_REPRESENTATION_CONTEXT ( 3 ) GLOBAL_UNCERTAINTY_ASSIGNED_CONTEXT ( ( #2510 ) ) GLOBAL_UNIT_ASSIGNED_CONTEXT ( ( #2717, #25, #3668 ) ) REPRESENTATION_CONTEXT ( 'NONE', 'WORKASPACE' ) );
#1619 = EDGE_CURVE ( 'NONE', #2214, #4337, #4196, .T. ) ;
#1620 = EDGE_CURVE ( 'NONE', #3723, #1052, #4840, .T. ) ;
#1621 = CARTESIAN_POINT ( 'NONE',  ( -2.000000000000000000, -1.958257569495580608, 3.750000000000000000 ) ) ;
#1622 = CARTESIAN_POINT ( 'NONE',  ( 0.0000000000000000000, 0.0000000000000000000, 3.449999999999999734 ) ) ;
#1623 = FILL_AREA_STYLE ('',( #4025 ) ) ;
#1624 = STYLED_ITEM ( 'NONE', ( #1089 ), #1959 ) ;
#1625 = ORIENTED_EDGE ( 'NONE', *, *, #1729, .F. ) ;
#1626 = EDGE_CURVE ( 'NONE', #2479, #4052, #3145, .T. ) ;
#1627 =( NAMED_UNIT ( * ) PLANE_ANGLE_UNIT ( ) SI_UNIT ( $, .RADIAN. ) );
#1628 = COLOUR_RGB ( '',0.7529411764705882248, 0.7529411764705882248, 0.7529411764705882248 ) ;
#1629 =( LENGTH_UNIT ( ) NAMED_UNIT ( * ) SI_UNIT ( .MILLI., .METRE. ) );
#1630 = FACE_OUTER_BOUND ( 'NONE', #3045, .T. ) ;
#1631 = CARTESIAN_POINT ( 'NONE',  ( -4.500000000000000000, 0.0000000000000000000, 0.2999999999999999889 ) ) ;
#1632 = FILL_AREA_STYLE_COLOUR ( '', #431 ) ;
#1633 = MECHANICAL_DESIGN_GEOMETRIC_PRESENTATION_REPRESENTATION (  '', ( #49 ), #4869 ) ;
#1634 = EDGE_LOOP ( 'NONE', ( #4507, #706, #4744, #805 ) ) ;
#1635 = CARTESIAN_POINT ( 'NONE',  ( -3.649999999999999911, -2.258218829166500186, 0.1499999999999999944 ) ) ;
#1636 = PRESENTATION_STYLE_ASSIGNMENT (( #1689 ) ) ;
#1637 = SURFACE_STYLE_FILL_AREA ( #44 ) ;
#1638 = APPLICATION_CONTEXT ( 'automotive_design' ) ;
#1639 = MECHANICAL_DESIGN_GEOMETRIC_PRESENTATION_REPRESENTATION (  '', ( #2577 ), #2835 ) ;
#1640 = DIRECTION ( 'NONE',  ( -3.231085104332679983E-15, -1.000000000000000000, 2.938735877055720084E-31 ) ) ;
#1641 = VERTEX_POINT ( 'NONE', #2838 ) ;
#1642 = CIRCLE ( 'NONE', #884, 0.5000000000000000000 ) ;
#1643 = VECTOR ( 'NONE', #2226, 1000.000000000000000 ) ;
#1644 = CARTESIAN_POINT ( 'NONE',  ( -3.350000000000000089, -2.608218829166499830, 0.0000000000000000000 ) ) ;
#1645 = SURFACE_SIDE_STYLE ('',( #3179 ) ) ;
#1646 = MECHANICAL_DESIGN_GEOMETRIC_PRESENTATION_REPRESENTATION (  '', ( #2074 ), #2753 ) ;
#1647 = CARTESIAN_POINT ( 'NONE',  ( -2.000000000000000000, -1.753372802003358766, 3.749999999999998224 ) ) ;
#1648 = PLANE ( 'NONE',  #4472 ) ;
#1649 = EDGE_CURVE ( 'NONE', #1468, #3137, #1238, .T. ) ;
#1650 = CARTESIAN_POINT ( 'NONE',  ( 0.0000000000000000000, 3.000000000000000000, 3.149999999999999911 ) ) ;
#1651 = SURFACE_STYLE_USAGE ( .BOTH. , #770 ) ;
#1652 = EDGE_CURVE ( 'NONE', #3197, #3184, #5065, .T. ) ;
#1653 = VERTEX_POINT ( 'NONE', #4531 ) ;
#1654 = DIRECTION ( 'NONE',  ( 1.000000000000000000, -3.252606517456511724E-15, 0.0000000000000000000 ) ) ;
#1655 = SURFACE_STYLE_USAGE ( .BOTH. , #4884 ) ;
#1656 = DIRECTION ( 'NONE',  ( -1.000000000000000000, 2.168404344971012812E-15, 0.0000000000000000000 ) ) ;
#1657 = UNCERTAINTY_MEASURE_WITH_UNIT (LENGTH_MEASURE( 1.000000000000000082E-05 ), #872, 'distance_accuracy_value', 'NONE');
#1658 = SURFACE_STYLE_USAGE ( .BOTH. , #1236 ) ;
#1659 = ADVANCED_FACE ( '1', ( #3844 ), #1766, .T. ) ;
#1660 = ORIENTED_EDGE ( 'NONE', *, *, #2540, .T. ) ;
#1661 = STYLED_ITEM ( 'NONE', ( #1291 ), #3861 ) ;
#1662 = FILL_AREA_STYLE ('',( #43 ) ) ;
#1663 = LINE ( 'NONE', #5173, #3798 ) ;
#1664 = SURFACE_SIDE_STYLE ('',( #66 ) ) ;
#1665 = VERTEX_POINT ( 'NONE', #4637 ) ;
#1666 = MANIFOLD_SOLID_BREP ( 'Imported1', #92 ) ;
#1667 = SURFACE_STYLE_FILL_AREA ( #4140 ) ;
#1668 = SURFACE_STYLE_USAGE ( .BOTH. , #4509 ) ;
#1669 = VERTEX_POINT ( 'NONE', #2190 ) ;
#1670 =( NAMED_UNIT ( * ) PLANE_ANGLE_UNIT ( ) SI_UNIT ( $, .RADIAN. ) );
#1671 = AXIS2_PLACEMENT_3D ( 'NONE', #1097, #1066, #2324 ) ;
#1672 = CARTESIAN_POINT ( 'NONE',  ( -1.999999999999999556, -2.041742430504419836, 3.750000000000000000 ) ) ;
#1673 = CARTESIAN_POINT ( 'NONE',  ( 4.074999999999999289, -1.908218829166499875, 0.0000000000000000000 ) ) ;
#1674 = COLOUR_RGB ( '',0.7529411764705882248, 0.7529411764705882248, 0.7529411764705882248 ) ;
#1675 = CYLINDRICAL_SURFACE ( 'NONE', #2513, 0.4000000000000001887 ) ;
#1676 = ORIENTED_EDGE ( 'NONE', *, *, #2767, .T. ) ;
#1677 =( GEOMETRIC_REPRESENTATION_CONTEXT ( 3 ) GLOBAL_UNCERTAINTY_ASSIGNED_CONTEXT ( ( #2716 ) ) GLOBAL_UNIT_ASSIGNED_CONTEXT ( ( #1571, #739, #1538 ) ) REPRESENTATION_CONTEXT ( 'NONE', 'WORKASPACE' ) );
#1678 =( GEOMETRIC_REPRESENTATION_CONTEXT ( 3 ) GLOBAL_UNCERTAINTY_ASSIGNED_CONTEXT ( ( #3628 ) ) GLOBAL_UNIT_ASSIGNED_CONTEXT ( ( #504, #2013, #2140 ) ) REPRESENTATION_CONTEXT ( 'NONE', 'WORKASPACE' ) );
#1679 = CARTESIAN_POINT ( 'NONE',  ( 2.000000000000002220, -2.246627197996641900, 3.749999999999998224 ) ) ;
#1680 = CARTESIAN_POINT ( 'NONE',  ( -3.750000000000000000, -3.379109414583250093, 0.3000000000000000444 ) ) ;
#1681 = CARTESIAN_POINT ( 'NONE',  ( -3.750000000000000000, 1.891781170833499948, 0.4000000000000000222 ) ) ;
#1682 = COLOUR_RGB ( '',0.7529411764705882248, 0.7529411764705882248, 0.7529411764705882248 ) ;
#1683 = AXIS2_PLACEMENT_3D ( 'NONE', #4717, #691, #2304 ) ;
#1684 = SURFACE_STYLE_USAGE ( .BOTH. , #1285 ) ;
#1685 = FILL_AREA_STYLE_COLOUR ( '', #1510 ) ;
#1686 = ORIENTED_EDGE ( 'NONE', *, *, #3904, .F. ) ;
#1687 = COLOUR_RGB ( '',0.0000000000000000000, 0.0000000000000000000, 0.0000000000000000000 ) ;
#1688 = EDGE_CURVE ( 'NONE', #4240, #48, #1881, .T. ) ;
#1689 = SURFACE_STYLE_USAGE ( .BOTH. , #2817 ) ;
#1690 = DIRECTION ( 'NONE',  ( 1.000000000000000000, 0.0000000000000000000, 0.0000000000000000000 ) ) ;
#1691 = CARTESIAN_POINT ( 'NONE',  ( 2.000000000000000000, 2.000000000000000000, 3.449999999999999734 ) ) ;
#1692 =( NAMED_UNIT ( * ) PLANE_ANGLE_UNIT ( ) SI_UNIT ( $, .RADIAN. ) );
#1693 = CIRCLE ( 'NONE', #3292, 1.750000000000000000 ) ;
#1694 = VERTEX_POINT ( 'NONE', #4236 ) ;
#1695 = CIRCLE ( 'NONE', #267, 1.750000000000000000 ) ;
#1696 = DIRECTION ( 'NONE',  ( 1.000000000000000000, 0.0000000000000000000, 0.0000000000000000000 ) ) ;
#1697 = CARTESIAN_POINT ( 'NONE',  ( -4.500000000000000000, -1.908218829166499875, 0.0000000000000000000 ) ) ;
#1698 = FILL_AREA_STYLE_COLOUR ( '', #4258 ) ;
#1699 =( GEOMETRIC_REPRESENTATION_CONTEXT ( 3 ) GLOBAL_UNCERTAINTY_ASSIGNED_CONTEXT ( ( #3681 ) ) GLOBAL_UNIT_ASSIGNED_CONTEXT ( ( #2103, #3004, #948 ) ) REPRESENTATION_CONTEXT ( 'NONE', 'WORKASPACE' ) );
#1700 = CARTESIAN_POINT ( 'NONE',  ( 2.083484861008841005, -1.958257569495579720, 3.750000000000000444 ) ) ;
#1701 = STYLED_ITEM ( 'NONE', ( #4782 ), #1565 ) ;
#1702 = DIRECTION ( 'NONE',  ( -0.0000000000000000000, -1.000000000000000000, -0.0000000000000000000 ) ) ;
#1703 = FILL_AREA_STYLE ('',( #2207 ) ) ;
#1704 = APPLICATION_PROTOCOL_DEFINITION ( 'draft international standard', 'automotive_design', 1998, #1746 ) ;
#1705 = SURFACE_STYLE_USAGE ( .BOTH. , #2588 ) ;
#1706 = SURFACE_STYLE_USAGE ( .BOTH. , #5003 ) ;
#1707 = ORIENTED_EDGE ( 'NONE', *, *, #2025, .F. ) ;
#1708 = CARTESIAN_POINT ( 'NONE',  ( 1.163907813993769080, -1.581953906996888648, 3.637779991155306369 ) ) ;
#1709 =( NAMED_UNIT ( * ) PLANE_ANGLE_UNIT ( ) SI_UNIT ( $, .RADIAN. ) );
#1710 = DIRECTION ( 'NONE',  ( 1.000000000000000000, -4.336808689942025625E-15, -1.084202172485506406E-15 ) ) ;
#1711 = AXIS2_PLACEMENT_3D ( 'NONE', #5160, #4467, #1654 ) ;
#1712 = FILL_AREA_STYLE ('',( #1745 ) ) ;
#1713 = ORIENTED_EDGE ( 'NONE', *, *, #4879, .F. ) ;
#1714 = VECTOR ( 'NONE', #4121, 1000.000000000000000 ) ;
#1715 =( NAMED_UNIT ( * ) SI_UNIT ( $, .STERADIAN. ) SOLID_ANGLE_UNIT ( ) );
#1716 = CARTESIAN_POINT ( 'NONE',  ( 2.850000000000000089, -3.000000000000000000, 0.0000000000000000000 ) ) ;
#1717 =( LENGTH_UNIT ( ) NAMED_UNIT ( * ) SI_UNIT ( .MILLI., .METRE. ) );
#1718 = FACE_OUTER_BOUND ( 'NONE', #3218, .T. ) ;
#1719 = PLANE ( 'NONE',  #3691 ) ;
#1720 = ORIENTED_EDGE ( 'NONE', *, *, #3234, .T. ) ;
#1721 = EDGE_CURVE ( 'NONE', #3338, #999, #5178, .T. ) ;
#1722 = CIRCLE ( 'NONE', #3931, 0.1499999999999999667 ) ;
#1723 =( LENGTH_UNIT ( ) NAMED_UNIT ( * ) SI_UNIT ( .MILLI., .METRE. ) );
#1724 = DIRECTION ( 'NONE',  ( 0.0000000000000000000, 0.0000000000000000000, 1.000000000000000000 ) ) ;
#1725 = CARTESIAN_POINT ( 'NONE',  ( 2.850000000000000089, -3.000000000000000000, 3.149999999999999911 ) ) ;
#1726 = CIRCLE ( 'NONE', #2416, 0.5000000000000000000 ) ;
#1727 = VECTOR ( 'NONE', #117, 1000.000000000000000 ) ;
#1728 = ORIENTED_EDGE ( 'NONE', *, *, #2540, .F. ) ;
#1729 = EDGE_CURVE ( 'NONE', #2011, #999, #2940, .T. ) ;
#1730 = PRODUCT ( '9', '9', '', ( #4201 ) ) ;
#1731 = CARTESIAN_POINT ( 'NONE',  ( 2.000000000000000000, -1.958257569495579720, 3.750000000000000000 ) ) ;
#1732 =( GEOMETRIC_REPRESENTATION_CONTEXT ( 3 ) GLOBAL_UNCERTAINTY_ASSIGNED_CONTEXT ( ( #2247 ) ) GLOBAL_UNIT_ASSIGNED_CONTEXT ( ( #916, #2523, #120 ) ) REPRESENTATION_CONTEXT ( 'NONE', 'WORKASPACE' ) );
#1733 = AXIS2_PLACEMENT_3D ( 'NONE', #4293, #3444, #669 ) ;
#1734 = MANIFOLD_SOLID_BREP ( 'Imported1', #4144 ) ;
#1735 = SURFACE_STYLE_FILL_AREA ( #1703 ) ;
#1736 = SHAPE_DEFINITION_REPRESENTATION ( #1772, #3902 ) ;
#1737 = DIRECTION ( 'NONE',  ( 1.000000000000000000, 0.0000000000000000000, -0.0000000000000000000 ) ) ;
#1738 = DIRECTION ( 'NONE',  ( 0.0000000000000000000, 0.0000000000000000000, 1.000000000000000000 ) ) ;
#1739 = EDGE_LOOP ( 'NONE', ( #4621, #595 ) ) ;
#1740 = AXIS2_PLACEMENT_3D ( 'NONE', #533, #2142, #3759 ) ;
#1741 = SURFACE_STYLE_FILL_AREA ( #2532 ) ;
#1742 = CARTESIAN_POINT ( 'NONE',  ( -3.649999999999999911, -1.908218829166499875, 0.9000000000000000222 ) ) ;
#1743 = DIRECTION ( 'NONE',  ( -3.231085104332679983E-15, -1.000000000000000000, 0.0000000000000000000 ) ) ;
#1744 =( LENGTH_UNIT ( ) NAMED_UNIT ( * ) SI_UNIT ( .MILLI., .METRE. ) );
#1745 = FILL_AREA_STYLE_COLOUR ( '', #97 ) ;
#1746 = APPLICATION_CONTEXT ( 'automotive_design' ) ;
#1747 = ORIENTED_EDGE ( 'NONE', *, *, #1756, .T. ) ;
#1748 = PRESENTATION_STYLE_ASSIGNMENT (( #640 ) ) ;
#1749 = FACE_OUTER_BOUND ( 'NONE', #3930, .T. ) ;
#1750 = CARTESIAN_POINT ( 'NONE',  ( 0.0000000000000000000, 0.0000000000000000000, 0.0000000000000000000 ) ) ;
#1751 = CARTESIAN_POINT ( 'NONE',  ( -1.999999999999999556, 2.041742430504420280, 3.750000000000000000 ) ) ;
#1752 = DIRECTION ( 'NONE',  ( 0.0000000000000000000, 0.0000000000000000000, 1.000000000000000000 ) ) ;
#1753 = ORIENTED_EDGE ( 'NONE', *, *, #2267, .T. ) ;
#1754 = CARTESIAN_POINT ( 'NONE',  ( 0.0000000000000000000, -3.000000000000000000, 3.149999999999999911 ) ) ;
#1755 = SURFACE_SIDE_STYLE ('',( #592 ) ) ;
#1756 = EDGE_CURVE ( 'NONE', #1952, #2361, #929, .T. ) ;
#1757 = SURFACE_STYLE_USAGE ( .BOTH. , #4546 ) ;
#1758 = ITEM_DEFINED_TRANSFORMATION ( 'NONE', 'NONE', #470,  #1401 ) ;
#1759 = CARTESIAN_POINT ( 'NONE',  ( -2.493254395993284689, -2.246627197996645897, 3.749999999999998224 ) ) ;
#1760 = ORIENTED_EDGE ( 'NONE', *, *, #2147, .T. ) ;
#1761 = LINE ( 'NONE', #205, #4922 ) ;
#1762 = PLANE ( 'NONE',  #4402 ) ;
#1763 = MANIFOLD_SOLID_BREP ( 'Imported1', #4566 ) ;
#1764 = VECTOR ( 'NONE', #2310, 1000.000000000000000 ) ;
#1765 = EDGE_LOOP ( 'NONE', ( #4457, #430, #4403, #1608 ) ) ;
#1766 = PLANE ( 'NONE',  #4506 ) ;
#1767 = CARTESIAN_POINT ( 'NONE',  ( -2.000000000000000000, -2.000000000000000000, 3.449999999999999734 ) ) ;
#1768 = LINE ( 'NONE', #2985, #729 ) ;
#1769 = CARTESIAN_POINT ( 'NONE',  ( 0.0000000000000000000, 0.0000000000000000000, 0.0000000000000000000 ) ) ;
#1770 = CARTESIAN_POINT ( 'NONE',  ( -1.999999999999999556, 2.500000000000000444, 3.449999999999999734 ) ) ;
#1771 = UNCERTAINTY_MEASURE_WITH_UNIT (LENGTH_MEASURE( 1.000000000000000082E-05 ), #4220, 'distance_accuracy_value', 'NONE');
#1772 = PRODUCT_DEFINITION_SHAPE ( 'NONE', 'NONE',  #3506 ) ;
#1773 = VERTEX_POINT ( 'NONE', #5133 ) ;
#1774 = CIRCLE ( 'NONE', #597, 0.4000000000000001887 ) ;
#1775 = CARTESIAN_POINT ( 'NONE',  ( 1.999999999999999334, 1.581953906996889314, 3.637779991155306369 ) ) ;
#1776 = SURFACE_STYLE_USAGE ( .BOTH. , #3739 ) ;
#1777 = AXIS2_PLACEMENT_3D ( 'NONE', #2983, #3813, #1003 ) ;
#1778 = FILL_AREA_STYLE ('',( #1698 ) ) ;
#1779 = MECHANICAL_DESIGN_GEOMETRIC_PRESENTATION_REPRESENTATION (  '', ( #3725 ), #1867 ) ;
#1780 = CARTESIAN_POINT ( 'NONE',  ( -1.649999999999999911, 3.299999999999999822, 4.299999999999999822 ) ) ;
#1781 = FILL_AREA_STYLE_COLOUR ( '', #1940 ) ;
#1782 = PRODUCT_CONTEXT ( 'NONE', #4252, 'mechanical' ) ;
#1783 = LINE ( 'NONE', #5026, #4494 ) ;
#1784 =( GEOMETRIC_REPRESENTATION_CONTEXT ( 3 ) GLOBAL_UNCERTAINTY_ASSIGNED_CONTEXT ( ( #4685 ) ) GLOBAL_UNIT_ASSIGNED_CONTEXT ( ( #3864, #3752, #5033 ) ) REPRESENTATION_CONTEXT ( 'NONE', 'WORKASPACE' ) );
#1785 = CARTESIAN_POINT ( 'NONE',  ( 0.0000000000000000000, -3.000000000000000000, 3.149999999999999911 ) ) ;
#1786 = VERTEX_POINT ( 'NONE', #4310 ) ;
#1787 = EDGE_CURVE ( 'NONE', #4519, #112, #5084, .T. ) ;
#1788 = VECTOR ( 'NONE', #2325, 1000.000000000000000 ) ;
#1789 = LINE ( 'NONE', #2159, #5078 ) ;
#1790 = SURFACE_STYLE_USAGE ( .BOTH. , #4156 ) ;
#1791 = CARTESIAN_POINT ( 'NONE',  ( -2.850000000000000089, 2.850000000000000089, 3.149999999999999911 ) ) ;
#1792 = ORIENTED_EDGE ( 'NONE', *, *, #1329, .F. ) ;
#1793 = EDGE_CURVE ( 'NONE', #989, #4345, #4135, .T. ) ;
#1794 = CARTESIAN_POINT ( 'NONE',  ( -3.250000000000000000, 2.591781170833500347, 0.9000000000000000222 ) ) ;
#1795 = VECTOR ( 'NONE', #237, 1000.000000000000000 ) ;
#1796 = CARTESIAN_POINT ( 'NONE',  ( 2.850000000000000089, 2.850000000000000089, 3.149999999999999911 ) ) ;
#1797 = DIRECTION ( 'NONE',  ( 0.0000000000000000000, 1.000000000000000000, 0.0000000000000000000 ) ) ;
#1798 = STYLED_ITEM ( 'NONE', ( #249 ), #1883 ) ;
#1799 = ORIENTED_EDGE ( 'NONE', *, *, #3106, .F. ) ;
#1800 =( NAMED_UNIT ( * ) PLANE_ANGLE_UNIT ( ) SI_UNIT ( $, .RADIAN. ) );
#1801 = CARTESIAN_POINT ( 'NONE',  ( 0.0000000000000000000, 0.0000000000000000000, 4.200000000000000178 ) ) ;
#1802 =( LENGTH_UNIT ( ) NAMED_UNIT ( * ) SI_UNIT ( .MILLI., .METRE. ) );
#1803 = ORIENTED_EDGE ( 'NONE', *, *, #4642, .F. ) ;
#1804 = STYLED_ITEM ( 'NONE', ( #506 ), #4283 ) ;
#1805 = MANIFOLD_SOLID_BREP ( 'Imported1', #1598 ) ;
#1806 = CARTESIAN_POINT ( 'NONE',  ( 1.649999999999999911, 1.212400331155879702E-16, 4.299999999999999822 ) ) ;
#1807 =( GEOMETRIC_REPRESENTATION_CONTEXT ( 3 ) GLOBAL_UNCERTAINTY_ASSIGNED_CONTEXT ( ( #3524 ) ) GLOBAL_UNIT_ASSIGNED_CONTEXT ( ( #1974, #4488, #3259 ) ) REPRESENTATION_CONTEXT ( 'NONE', 'WORKASPACE' ) );
#1808 = LINE ( 'NONE', #2559, #3217 ) ;
#1809 = MECHANICAL_DESIGN_GEOMETRIC_PRESENTATION_REPRESENTATION (  '', ( #1137 ), #4517 ) ;
#1810 = SURFACE_SIDE_STYLE ('',( #1063 ) ) ;
#1811 = VECTOR ( 'NONE', #5147, 1000.000000000000000 ) ;
#1812 = PRODUCT_DEFINITION_SHAPE ( 'NONE', 'NONE',  #698 ) ;
#1813 = EDGE_CURVE ( 'NONE', #4636, #457, #4508, .T. ) ;
#1814 = DIRECTION ( 'NONE',  ( 1.000000000000000000, 0.0000000000000000000, 0.0000000000000000000 ) ) ;
#1815 = FILL_AREA_STYLE_COLOUR ( '', #4194 ) ;
#1816 = DIRECTION ( 'NONE',  ( -0.0000000000000000000, 1.000000000000000000, 0.0000000000000000000 ) ) ;
#1817 = UNCERTAINTY_MEASURE_WITH_UNIT (LENGTH_MEASURE( 1.000000000000000082E-05 ), #3009, 'distance_accuracy_value', 'NONE');
#1818 = EDGE_CURVE ( 'NONE', #3331, #3989, #2980, .T. ) ;
#1819 = MANIFOLD_SOLID_BREP ( 'Imported1', #5000 ) ;
#1820 = VERTEX_POINT ( 'NONE', #4154 ) ;
#1821 = SURFACE_STYLE_USAGE ( .BOTH. , #2569 ) ;
#1822 = MECHANICAL_DESIGN_GEOMETRIC_PRESENTATION_REPRESENTATION (  '', ( #1307 ), #2337 ) ;
#1823 = FILL_AREA_STYLE_COLOUR ( '', #1378 ) ;
#1824 =( NAMED_UNIT ( * ) PLANE_ANGLE_UNIT ( ) SI_UNIT ( $, .RADIAN. ) );
#1825 = EDGE_CURVE ( 'NONE', #3224, #3270, #1283, .T. ) ;
#1826 = EDGE_CURVE ( 'NONE', #178, #1179, #4096, .T. ) ;
#1827 = EDGE_LOOP ( 'NONE', ( #5198, #902, #161, #1660 ) ) ;
#1828 = MANIFOLD_SOLID_BREP ( 'Imported1', #680 ) ;
#1829 = PLANE ( 'NONE',  #3886 ) ;
#1830 = LINE ( 'NONE', #2606, #5206 ) ;
#1831 =( NAMED_UNIT ( * ) PLANE_ANGLE_UNIT ( ) SI_UNIT ( $, .RADIAN. ) );
#1832 = ORIENTED_EDGE ( 'NONE', *, *, #1011, .F. ) ;
#1833 = CIRCLE ( 'NONE', #2087, 0.09999999999999982514 ) ;
#1834 = SURFACE_STYLE_USAGE ( .BOTH. , #4955 ) ;
#1835 = FILL_AREA_STYLE_COLOUR ( '', #3760 ) ;
#1836 = PLANE ( 'NONE',  #4015 ) ;
#1837 = CARTESIAN_POINT ( 'NONE',  ( -4.074999999999999289, 2.591781170833500347, 0.2999999999999999889 ) ) ;
#1838 = PRESENTATION_STYLE_ASSIGNMENT (( #3860 ) ) ;
#1839 = SURFACE_SIDE_STYLE ('',( #743 ) ) ;
#1840 = SURFACE_STYLE_FILL_AREA ( #2751 ) ;
#1841 = LINE ( 'NONE', #3810, #4239 ) ;
#1842 = SURFACE_STYLE_FILL_AREA ( #182 ) ;
#1843 = ORIENTED_EDGE ( 'NONE', *, *, #4912, .F. ) ;
#1844 = FILL_AREA_STYLE_COLOUR ( '', #3741 ) ;
#1845 =( LENGTH_UNIT ( ) NAMED_UNIT ( * ) SI_UNIT ( .MILLI., .METRE. ) );
#1846 = CARTESIAN_POINT ( 'NONE',  ( -3.649999999999999911, -1.908218829166499875, 0.3999999999999999667 ) ) ;
#1847 = DIRECTION ( 'NONE',  ( 0.0000000000000000000, 0.0000000000000000000, 1.000000000000000000 ) ) ;
#1848 = CARTESIAN_POINT ( 'NONE',  ( -1.163907813993768858, 2.418046093003110908, 3.637779991155306369 ) ) ;
#1849 = COLOUR_RGB ( '',0.7529411764705882248, 0.7529411764705882248, 0.7529411764705882248 ) ;
#1850 = CARTESIAN_POINT ( 'NONE',  ( 0.0000000000000000000, 0.0000000000000000000, 0.0000000000000000000 ) ) ;
#1851 = CARTESIAN_POINT ( 'NONE',  ( 3.000000000000000000, 2.241781170833500259, 1.000000000000000000 ) ) ;
#1852 = VERTEX_POINT ( 'NONE', #3448 ) ;
#1853 = EDGE_CURVE ( 'NONE', #4441, #296, #2646, .T. ) ;
#1854 =( GEOMETRIC_REPRESENTATION_CONTEXT ( 3 ) GLOBAL_UNCERTAINTY_ASSIGNED_CONTEXT ( ( #2354 ) ) GLOBAL_UNIT_ASSIGNED_CONTEXT ( ( #1076, #3112, #2386 ) ) REPRESENTATION_CONTEXT ( 'NONE', 'WORKASPACE' ) );
#1855 = CARTESIAN_POINT ( 'NONE',  ( 1.506745604006717310, 1.753372802003359654, 3.749999999999998668 ) ) ;
#1856 = PRESENTATION_STYLE_ASSIGNMENT (( #246 ) ) ;
#1857 = PRODUCT_DEFINITION_CONTEXT ( 'detailed design', #569, 'design' ) ;
#1858 = STYLED_ITEM ( 'NONE', ( #3983 ), #19 ) ;
#1859 = AXIS2_PLACEMENT_3D ( 'NONE', #4302, #284, #232 ) ;
#1860 = ORIENTED_EDGE ( 'NONE', *, *, #3236, .T. ) ;
#1861 = DIRECTION ( 'NONE',  ( 0.0000000000000000000, 0.0000000000000000000, -1.000000000000000000 ) ) ;
#1862 = LINE ( 'NONE', #2319, #2233 ) ;
#1863 = DIRECTION ( 'NONE',  ( 0.0000000000000000000, 0.0000000000000000000, 1.000000000000000000 ) ) ;
#1864 = FILL_AREA_STYLE ('',( #1781 ) ) ;
#1865 = SURFACE_STYLE_FILL_AREA ( #3056 ) ;
#1866 = DIRECTION ( 'NONE',  ( -1.000000000000000000, 0.0000000000000000000, -0.0000000000000000000 ) ) ;
#1867 =( GEOMETRIC_REPRESENTATION_CONTEXT ( 3 ) GLOBAL_UNCERTAINTY_ASSIGNED_CONTEXT ( ( #2239 ) ) GLOBAL_UNIT_ASSIGNED_CONTEXT ( ( #281, #679, #3833 ) ) REPRESENTATION_CONTEXT ( 'NONE', 'WORKASPACE' ) );
#1868 = STYLED_ITEM ( 'NONE', ( #1604 ), #851 ) ;
#1869 = CARTESIAN_POINT ( 'NONE',  ( -3.000000000000000000, 2.850000000000000089, 3.149999999999999911 ) ) ;
#1870 = UNCERTAINTY_MEASURE_WITH_UNIT (LENGTH_MEASURE( 1.000000000000000082E-05 ), #85, 'distance_accuracy_value', 'NONE');
#1871 =( NAMED_UNIT ( * ) SI_UNIT ( $, .STERADIAN. ) SOLID_ANGLE_UNIT ( ) );
#1872 =( LENGTH_UNIT ( ) NAMED_UNIT ( * ) SI_UNIT ( .MILLI., .METRE. ) );
#1873 = AXIS2_PLACEMENT_3D ( 'NONE', #419, #4413, #791 ) ;
#1874 = VERTEX_POINT ( 'NONE', #3077 ) ;
#1875 = FACE_OUTER_BOUND ( 'NONE', #3391, .T. ) ;
#1876 = CARTESIAN_POINT ( 'NONE',  ( -3.649999999999999911, 2.241781170833500259, 0.8999999999999999112 ) ) ;
#1877 = UNCERTAINTY_MEASURE_WITH_UNIT (LENGTH_MEASURE( 1.000000000000000082E-05 ), #2840, 'distance_accuracy_value', 'NONE');
#1878 =( NAMED_UNIT ( * ) SI_UNIT ( $, .STERADIAN. ) SOLID_ANGLE_UNIT ( ) );
#1879 = CARTESIAN_POINT ( 'NONE',  ( -2.850000000000000089, -3.000000000000000000, 3.149999999999999911 ) ) ;
#1880 = VERTEX_POINT ( 'NONE', #524 ) ;
#1881 = CIRCLE ( 'NONE', #3310, 0.1000000000000000472 ) ;
#1882 = CARTESIAN_POINT ( 'NONE',  ( -3.649999999999999911, -2.608218829166499830, 0.9000000000000000222 ) ) ;
#1883 = ADVANCED_FACE ( 'NONE', ( #1059 ), #3419, .T. ) ;
#1884 =( NAMED_UNIT ( * ) SI_UNIT ( $, .STERADIAN. ) SOLID_ANGLE_UNIT ( ) );
#1885 = SURFACE_STYLE_USAGE ( .BOTH. , #648 ) ;
#1886 = STYLED_ITEM ( 'NONE', ( #2132 ), #1828 ) ;
#1887 = ADVANCED_FACE ( 'NONE', ( #1191 ), #3201, .T. ) ;
#1888 = ORIENTED_EDGE ( 'NONE', *, *, #2313, .T. ) ;
#1889 = ORIENTED_EDGE ( 'NONE', *, *, #878, .T. ) ;
#1890 = SURFACE_SIDE_STYLE ('',( #3053 ) ) ;
#1891 = FACE_OUTER_BOUND ( 'NONE', #4426, .T. ) ;
#1892 = SURFACE_STYLE_FILL_AREA ( #678 ) ;
#1893 = EDGE_CURVE ( 'NONE', #3500, #3402, #1996, .T. ) ;
#1894 = PRODUCT_DEFINITION_SHAPE ( 'NONE', 'NONE',  #1989 ) ;
#1895 = CARTESIAN_POINT ( 'NONE',  ( -2.083484861008839673, 1.958257569495581052, 3.750000000000000000 ) ) ;
#1896 = DIRECTION ( 'NONE',  ( -3.231085104332679983E-15, -1.000000000000000000, 0.0000000000000000000 ) ) ;
#1897 = PRESENTATION_STYLE_ASSIGNMENT (( #745 ) ) ;
#1898 = MECHANICAL_DESIGN_GEOMETRIC_PRESENTATION_REPRESENTATION (  '', ( #4521 ), #301 ) ;
#1899 = ORIENTED_EDGE ( 'NONE', *, *, #1554, .F. ) ;
#1900 =( GEOMETRIC_REPRESENTATION_CONTEXT ( 3 ) GLOBAL_UNCERTAINTY_ASSIGNED_CONTEXT ( ( #2766 ) ) GLOBAL_UNIT_ASSIGNED_CONTEXT ( ( #2807, #3674, #2458 ) ) REPRESENTATION_CONTEXT ( 'NONE', 'WORKASPACE' ) );
#1901 = FILL_AREA_STYLE ('',( #1844 ) ) ;
#1902 = SURFACE_STYLE_USAGE ( .BOTH. , #5039 ) ;
#1903 = PRESENTATION_LAYER_ASSIGNMENT (  '', '', ( #2074 ) ) ;
#1904 = CARTESIAN_POINT ( 'NONE',  ( 2.000000000000000444, 2.041742430504419392, 3.750000000000000000 ) ) ;
#1905 = PRODUCT_DEFINITION_SHAPE ( 'NONE', 'NONE',  #2078 ) ;
#1906 = ORIENTED_EDGE ( 'NONE', *, *, #2448, .F. ) ;
#1907 = DIRECTION ( 'NONE',  ( -1.000000000000000000, 0.0000000000000000000, -0.0000000000000000000 ) ) ;
#1908 = CARTESIAN_POINT ( 'NONE',  ( -1.649999999999999911, -8.082668874372519433E-17, 4.299999999999999822 ) ) ;
#1909 = EDGE_LOOP ( 'NONE', ( #2595, #3867, #2909, #3562 ) ) ;
#1910 = CARTESIAN_POINT ( 'NONE',  ( -3.000000000000000000, 2.241781170833500259, 1.300000000000000044 ) ) ;
#1911 =( NAMED_UNIT ( * ) SI_UNIT ( $, .STERADIAN. ) SOLID_ANGLE_UNIT ( ) );
#1912 = ORIENTED_EDGE ( 'NONE', *, *, #310, .T. ) ;
#1913 = ORIENTED_EDGE ( 'NONE', *, *, #2179, .F. ) ;
#1914 = APPLICATION_CONTEXT ( 'automotive_design' ) ;
#1915 = CARTESIAN_POINT ( 'NONE',  ( -1.708578643762690641, 0.0000000000000000000, 4.299999999999999822 ) ) ;
#1916 = LINE ( 'NONE', #3078, #4779 ) ;
#1917 = UNCERTAINTY_MEASURE_WITH_UNIT (LENGTH_MEASURE( 1.000000000000000082E-05 ), #940, 'distance_accuracy_value', 'NONE');
#1918 = DIRECTION ( 'NONE',  ( 0.0000000000000000000, -1.000000000000000000, -0.0000000000000000000 ) ) ;
#1919 =( NAMED_UNIT ( * ) PLANE_ANGLE_UNIT ( ) SI_UNIT ( $, .RADIAN. ) );
#1920 = MECHANICAL_DESIGN_GEOMETRIC_PRESENTATION_REPRESENTATION (  '', ( #4810 ), #2347 ) ;
#1921 = EDGE_CURVE ( 'NONE', #4337, #1533, #2135, .T. ) ;
#1922 = CARTESIAN_POINT ( 'NONE',  ( -2.083484861008838784, 2.041742430504419836, 3.750000000000000000 ) ) ;
#1923 = CARTESIAN_POINT ( 'NONE',  ( 3.250000000000000000, -2.258218829166500186, 0.9000000000000000222 ) ) ;
#1924 = DIRECTION ( 'NONE',  ( 1.000000000000000000, 0.0000000000000000000, -0.0000000000000000000 ) ) ;
#1925 = UNCERTAINTY_MEASURE_WITH_UNIT (LENGTH_MEASURE( 1.000000000000000082E-05 ), #1206, 'distance_accuracy_value', 'NONE');
#1926 = SHAPE_DEFINITION_REPRESENTATION ( #4914, #251 ) ;
#1927 = FACE_OUTER_BOUND ( 'NONE', #268, .T. ) ;
#1928 = ORIENTED_EDGE ( 'NONE', *, *, #3865, .F. ) ;
#1929 =( NAMED_UNIT ( * ) PLANE_ANGLE_UNIT ( ) SI_UNIT ( $, .RADIAN. ) );
#1930 =( LENGTH_UNIT ( ) NAMED_UNIT ( * ) SI_UNIT ( .MILLI., .METRE. ) );
#1931 = PRESENTATION_STYLE_ASSIGNMENT (( #4287 ) ) ;
#1932 = UNCERTAINTY_MEASURE_WITH_UNIT (LENGTH_MEASURE( 1.000000000000000082E-05 ), #1985, 'distance_accuracy_value', 'NONE');
#1933 = CYLINDRICAL_SURFACE ( 'NONE', #3985, 0.1499999999999999667 ) ;
#1934 = ORIENTED_EDGE ( 'NONE', *, *, #3337, .F. ) ;
#1935 = CARTESIAN_POINT ( 'NONE',  ( -2.850000000000000089, -3.000000000000000000, 0.0000000000000000000 ) ) ;
#1936 = PRESENTATION_LAYER_ASSIGNMENT (  '', '', ( #4222 ) ) ;
#1937 = FILL_AREA_STYLE_COLOUR ( '', #1849 ) ;
#1938 = STYLED_ITEM ( 'NONE', ( #4242 ), #2051 ) ;
#1939 =( NAMED_UNIT ( * ) PLANE_ANGLE_UNIT ( ) SI_UNIT ( $, .RADIAN. ) );
#1940 = COLOUR_RGB ( '',0.7529411764705882248, 0.7529411764705882248, 0.7529411764705882248 ) ;
#1941 = ORIENTED_EDGE ( 'NONE', *, *, #1826, .T. ) ;
#1942 = ORIENTED_EDGE ( 'NONE', *, *, #882, .T. ) ;
#1943 =( GEOMETRIC_REPRESENTATION_CONTEXT ( 3 ) GLOBAL_UNCERTAINTY_ASSIGNED_CONTEXT ( ( #5061 ) ) GLOBAL_UNIT_ASSIGNED_CONTEXT ( ( #4034, #2010, #2086 ) ) REPRESENTATION_CONTEXT ( 'NONE', 'WORKASPACE' ) );
#1944 = CARTESIAN_POINT ( 'NONE',  ( -3.349999999999999645, 1.891781170833499948, 0.4000000000000000222 ) ) ;
#1945 =( NAMED_UNIT ( * ) PLANE_ANGLE_UNIT ( ) SI_UNIT ( $, .RADIAN. ) );
#1946 = CARTESIAN_POINT ( 'NONE',  ( 3.650000000000001243, 2.591781170833500347, 0.9000000000000000222 ) ) ;
#1947 = PRESENTATION_LAYER_ASSIGNMENT (  '', '', ( #2459 ) ) ;
#1948 = MECHANICAL_DESIGN_GEOMETRIC_PRESENTATION_REPRESENTATION (  '', ( #2536 ), #682 ) ;
#1949 = PLANE ( 'NONE',  #3610 ) ;
#1950 = CARTESIAN_POINT ( 'NONE',  ( -2.850000000000000089, 3.000000000000000000, 0.0000000000000000000 ) ) ;
#1951 = EDGE_CURVE ( 'NONE', #1533, #4560, #3566, .T. ) ;
#1952 = VERTEX_POINT ( 'NONE', #1535 ) ;
#1953 = STYLED_ITEM ( 'NONE', ( #525 ), #956 ) ;
#1954 =( NAMED_UNIT ( * ) PLANE_ANGLE_UNIT ( ) SI_UNIT ( $, .RADIAN. ) );
#1955 = PRESENTATION_STYLE_ASSIGNMENT (( #349 ) ) ;
#1956 = CARTESIAN_POINT ( 'NONE',  ( 4.074999999999999289, -2.608218829166499830, 1.300000000000000044 ) ) ;
#1957 = CARTESIAN_POINT ( 'NONE',  ( -3.000000000000000444, -2.608218829166499830, 1.000000000000000000 ) ) ;
#1958 = EDGE_LOOP ( 'NONE', ( #1563, #1260, #5073, #1799 ) ) ;
#1959 = ADVANCED_FACE ( 'NONE', ( #3597 ), #3533, .T. ) ;
#1960 = VERTEX_POINT ( 'NONE', #761 ) ;
#1961 = CARTESIAN_POINT ( 'NONE',  ( -1.750000000000000000, 2.143131898507868297E-16, 3.449999999999999734 ) ) ;
#1962 = COLOUR_RGB ( '',0.0000000000000000000, 0.0000000000000000000, 0.0000000000000000000 ) ;
#1963 = DIRECTION ( 'NONE',  ( 0.0000000000000000000, 0.0000000000000000000, -1.000000000000000000 ) ) ;
#1964 = DIRECTION ( 'NONE',  ( 1.000000000000000000, -1.224646799147353207E-16, 0.0000000000000000000 ) ) ;
#1965 = VECTOR ( 'NONE', #4864, 1000.000000000000000 ) ;
#1966 = VERTEX_POINT ( 'NONE', #1121 ) ;
#1967 = ORIENTED_EDGE ( 'NONE', *, *, #2018, .T. ) ;
#1968 = SHAPE_REPRESENTATION ( '8', ( #1401 ), #4890 ) ;
#1969 = PRESENTATION_STYLE_ASSIGNMENT (( #1536 ) ) ;
#1970 = STYLED_ITEM ( 'NONE', ( #4338 ), #1805 ) ;
#1971 =( NAMED_UNIT ( * ) SI_UNIT ( $, .STERADIAN. ) SOLID_ANGLE_UNIT ( ) );
#1972 =( NAMED_UNIT ( * ) PLANE_ANGLE_UNIT ( ) SI_UNIT ( $, .RADIAN. ) );
#1973 = STYLED_ITEM ( 'NONE', ( #3393 ), #3513 ) ;
#1974 =( LENGTH_UNIT ( ) NAMED_UNIT ( * ) SI_UNIT ( .MILLI., .METRE. ) );
#1975 = SURFACE_STYLE_USAGE ( .BOTH. , #4048 ) ;
#1976 =( NAMED_UNIT ( * ) SI_UNIT ( $, .STERADIAN. ) SOLID_ANGLE_UNIT ( ) );
#1977 = PLANE ( 'NONE',  #188 ) ;
#1978 = EDGE_LOOP ( 'NONE', ( #3618, #4028, #3493, #1373, #2963, #4431, #2567, #2592, #4960, #3316, #2447, #3764 ) ) ;
#1979 = VECTOR ( 'NONE', #4534, 1000.000000000000000 ) ;
#1980 = PRESENTATION_LAYER_ASSIGNMENT (  '', '', ( #211 ) ) ;
#1981 = EDGE_CURVE ( 'NONE', #4636, #1267, #3992, .T. ) ;
#1982 = SURFACE_SIDE_STYLE ('',( #3550 ) ) ;
#1983 = CARTESIAN_POINT ( 'NONE',  ( 2.000000000000000444, 2.246627197996641012, 3.749999999999998224 ) ) ;
#1984 = UNCERTAINTY_MEASURE_WITH_UNIT (LENGTH_MEASURE( 1.000000000000000082E-05 ), #3404, 'distance_accuracy_value', 'NONE');
#1985 =( LENGTH_UNIT ( ) NAMED_UNIT ( * ) SI_UNIT ( .MILLI., .METRE. ) );
#1986 = DIRECTION ( 'NONE',  ( 0.0000000000000000000, -1.000000000000000000, 0.0000000000000000000 ) ) ;
#1987 = ORIENTED_EDGE ( 'NONE', *, *, #854, .T. ) ;
#1988 = PLANE ( 'NONE',  #4859 ) ;
#1989 = PRODUCT_DEFINITION ( 'UNKNOWN', '', #3772, #5144 ) ;
#1990 = EDGE_CURVE ( 'NONE', #4180, #2327, #2865, .T. ) ;
#1991 = DIRECTION ( 'NONE',  ( -1.000000000000000000, -0.0000000000000000000, 0.0000000000000000000 ) ) ;
#1992 =( LENGTH_UNIT ( ) NAMED_UNIT ( * ) SI_UNIT ( .MILLI., .METRE. ) );
#1993 =( GEOMETRIC_REPRESENTATION_CONTEXT ( 3 ) GLOBAL_UNCERTAINTY_ASSIGNED_CONTEXT ( ( #593 ) ) GLOBAL_UNIT_ASSIGNED_CONTEXT ( ( #3087, #4365, #316 ) ) REPRESENTATION_CONTEXT ( 'NONE', 'WORKASPACE' ) );
#1994 = ORIENTED_EDGE ( 'NONE', *, *, #530, .T. ) ;
#1995 = ORIENTED_EDGE ( 'NONE', *, *, #1921, .F. ) ;
#1996 = LINE ( 'NONE', #3934, #536 ) ;
#1997 = DIRECTION ( 'NONE',  ( 0.0000000000000000000, 0.0000000000000000000, 1.000000000000000000 ) ) ;
#1998 = STYLED_ITEM ( 'NONE', ( #1175 ), #5011 ) ;
#1999 = SURFACE_STYLE_USAGE ( .BOTH. , #1645 ) ;
#2000 = FACE_OUTER_BOUND ( 'NONE', #4558, .T. ) ;
#2001 = PRESENTATION_LAYER_ASSIGNMENT (  '', '', ( #901 ) ) ;
#2002 = PRESENTATION_STYLE_ASSIGNMENT (( #72 ) ) ;
#2003 = AXIS2_PLACEMENT_3D ( 'NONE', #4699, #1303, #1737 ) ;
#2004 = FILL_AREA_STYLE ('',( #1575 ) ) ;
#2005 = SURFACE_STYLE_USAGE ( .BOTH. , #75 ) ;
#2006 =( NAMED_UNIT ( * ) SI_UNIT ( $, .STERADIAN. ) SOLID_ANGLE_UNIT ( ) );
#2007 = EDGE_LOOP ( 'NONE', ( #2991, #3932, #2529, #3189 ) ) ;
#2008 = STYLED_ITEM ( 'NONE', ( #5143 ), #5164 ) ;
#2009 = CARTESIAN_POINT ( 'NONE',  ( 1.750000000000000000, 0.0000000000000000000, 3.449999999999999734 ) ) ;
#2010 =( NAMED_UNIT ( * ) PLANE_ANGLE_UNIT ( ) SI_UNIT ( $, .RADIAN. ) );
#2011 = VERTEX_POINT ( 'NONE', #3225 ) ;
#2012 = SURFACE_STYLE_USAGE ( .BOTH. , #1214 ) ;
#2013 =( NAMED_UNIT ( * ) PLANE_ANGLE_UNIT ( ) SI_UNIT ( $, .RADIAN. ) );
#2014 = FACE_OUTER_BOUND ( 'NONE', #3291, .T. ) ;
#2015 =( REPRESENTATION_RELATIONSHIP ('NONE','NONE', #251, #4299 ) REPRESENTATION_RELATIONSHIP_WITH_TRANSFORMATION ( #3907 )SHAPE_REPRESENTATION_RELATIONSHIP( ) );
#2016 = EDGE_CURVE ( 'NONE', #1653, #4887, #2650, .T. ) ;
#2017 = ORIENTED_EDGE ( 'NONE', *, *, #28, .F. ) ;
#2018 = EDGE_CURVE ( 'NONE', #48, #1088, #21, .T. ) ;
#2019 = ORIENTED_EDGE ( 'NONE', *, *, #2170, .T. ) ;
#2020 = FILL_AREA_STYLE_COLOUR ( '', #4528 ) ;
#2021 =( NAMED_UNIT ( * ) PLANE_ANGLE_UNIT ( ) SI_UNIT ( $, .RADIAN. ) );
#2022 = DIRECTION ( 'NONE',  ( 1.000000000000000000, 0.0000000000000000000, 0.0000000000000000000 ) ) ;
#2023 = CIRCLE ( 'NONE', #4735, 0.1499999999999999667 ) ;
#2024 = STYLED_ITEM ( 'NONE', ( #539 ), #2110 ) ;
#2025 = EDGE_CURVE ( 'NONE', #3423, #2137, #4044, .T. ) ;
#2026 = CIRCLE ( 'NONE', #842, 0.5000000000000000000 ) ;
#2027 = STYLED_ITEM ( 'NONE', ( #4746 ), #2568 ) ;
#2028 = DIRECTION ( 'NONE',  ( -3.231085104332679983E-15, -1.000000000000000000, -0.0000000000000000000 ) ) ;
#2029 = SURFACE_SIDE_STYLE ('',( #4827 ) ) ;
#2030 = UNCERTAINTY_MEASURE_WITH_UNIT (LENGTH_MEASURE( 1.000000000000000082E-05 ), #411, 'distance_accuracy_value', 'NONE');
#2031 = CIRCLE ( 'NONE', #257, 0.1499999999999999667 ) ;
#2032 = VERTEX_POINT ( 'NONE', #4095 ) ;
#2033 = CARTESIAN_POINT ( 'NONE',  ( -3.649999999999999911, 2.591781170833500347, 0.9000000000000000222 ) ) ;
#2034 = FILL_AREA_STYLE ('',( #3294 ) ) ;
#2035 = UNCERTAINTY_MEASURE_WITH_UNIT (LENGTH_MEASURE( 1.000000000000000082E-05 ), #3988, 'distance_accuracy_value', 'NONE');
#2036 = SURFACE_STYLE_USAGE ( .BOTH. , #4056 ) ;
#2037 =( GEOMETRIC_REPRESENTATION_CONTEXT ( 3 ) GLOBAL_UNCERTAINTY_ASSIGNED_CONTEXT ( ( #4633 ) ) GLOBAL_UNIT_ASSIGNED_CONTEXT ( ( #3059, #1919, #4333 ) ) REPRESENTATION_CONTEXT ( 'NONE', 'WORKASPACE' ) );
#2038 = EDGE_LOOP ( 'NONE', ( #1024, #2883, #721, #2105 ) ) ;
#2039 = FACE_OUTER_BOUND ( 'NONE', #236, .T. ) ;
#2040 = CARTESIAN_POINT ( 'NONE',  ( 2.850000000000000089, 3.000000000000000000, 3.149999999999999911 ) ) ;
#2041 = STYLED_ITEM ( 'NONE', ( #4207 ), #856 ) ;
#2042 =( NAMED_UNIT ( * ) SI_UNIT ( $, .STERADIAN. ) SOLID_ANGLE_UNIT ( ) );
#2043 = VERTEX_POINT ( 'NONE', #912 ) ;
#2044 = ORIENTED_EDGE ( 'NONE', *, *, #2609, .T. ) ;
#2045 = ADVANCED_FACE ( 'NONE', ( #50 ), #2844, .F. ) ;
#2046 = CARTESIAN_POINT ( 'NONE',  ( 2.850000000000000089, 3.000000000000000000, 0.0000000000000000000 ) ) ;
#2047 =( LENGTH_UNIT ( ) NAMED_UNIT ( * ) SI_UNIT ( .MILLI., .METRE. ) );
#2048 = ADVANCED_FACE ( 'NONE', ( #2919 ), #1316, .T. ) ;
#2049 = VECTOR ( 'NONE', #629, 1000.000000000000000 ) ;
#2050 =( GEOMETRIC_REPRESENTATION_CONTEXT ( 3 ) GLOBAL_UNCERTAINTY_ASSIGNED_CONTEXT ( ( #3888 ) ) GLOBAL_UNIT_ASSIGNED_CONTEXT ( ( #3924, #1112, #454 ) ) REPRESENTATION_CONTEXT ( 'NONE', 'WORKASPACE' ) );
#2051 = ADVANCED_FACE ( 'NONE', ( #4943 ), #1221, .T. ) ;
#2052 = PLANE ( 'NONE',  #4874 ) ;
#2053 = LINE ( 'NONE', #4079, #4058 ) ;
#2054 = SURFACE_SIDE_STYLE ('',( #790 ) ) ;
#2055 = AXIS2_PLACEMENT_3D ( 'NONE', #1330, #1281, #2657 ) ;
#2056 = ORIENTED_EDGE ( 'NONE', *, *, #3268, .F. ) ;
#2057 = VECTOR ( 'NONE', #4921, 1000.000000000000000 ) ;
#2058 = CARTESIAN_POINT ( 'NONE',  ( 2.850000000000000089, -2.850000000000000089, 0.0000000000000000000 ) ) ;
#2059 = LINE ( 'NONE', #3680, #2297 ) ;
#2060 = SHAPE_REPRESENTATION_RELATIONSHIP ( 'NONE' , 'NONE' ,  #3902, #2063 ) ;
#2061 =( GEOMETRIC_REPRESENTATION_CONTEXT ( 3 ) GLOBAL_UNCERTAINTY_ASSIGNED_CONTEXT ( ( #399 ) ) GLOBAL_UNIT_ASSIGNED_CONTEXT ( ( #1717, #2065, #2544 ) ) REPRESENTATION_CONTEXT ( 'NONE', 'WORKASPACE' ) );
#2062 = ORIENTED_EDGE ( 'NONE', *, *, #990, .F. ) ;
#2063 = ADVANCED_BREP_SHAPE_REPRESENTATION ( '', ( #1584, #1401 ), #4539 ) ;
#2064 = DIRECTION ( 'NONE',  ( 0.0000000000000000000, 1.000000000000000000, 0.0000000000000000000 ) ) ;
#2065 =( NAMED_UNIT ( * ) PLANE_ANGLE_UNIT ( ) SI_UNIT ( $, .RADIAN. ) );
#2066 = STYLED_ITEM ( 'NONE', ( #4264 ), #4418 ) ;
#2067 = VECTOR ( 'NONE', #2552, 1000.000000000000000 ) ;
#2068 = CARTESIAN_POINT ( 'NONE',  ( -3.250000000000000000, -1.908218829166499875, 1.000000000000000000 ) ) ;
#2069 = ORIENTED_EDGE ( 'NONE', *, *, #2441, .F. ) ;
#2070 = DIRECTION ( 'NONE',  ( 1.000000000000000000, 0.0000000000000000000, 0.0000000000000000000 ) ) ;
#2072 = PRESENTATION_STYLE_ASSIGNMENT (( #1776 ) ) ;
#2071 = AXIS2_PLACEMENT_3D ( 'NONE', #3788, #216, #2217 ) ;
#2073 = DIRECTION ( 'NONE',  ( 0.0000000000000000000, 0.0000000000000000000, -1.000000000000000000 ) ) ;
#2074 = STYLED_ITEM ( 'NONE', ( #3491 ), #4705 ) ;
#2075 = PRESENTATION_STYLE_ASSIGNMENT (( #4897 ) ) ;
#2076 = FILL_AREA_STYLE_COLOUR ( '', #3008 ) ;
#2077 = SURFACE_STYLE_FILL_AREA ( #1176 ) ;
#2078 = PRODUCT_DEFINITION ( 'UNKNOWN', '', #5126, #758 ) ;
#2079 = ORIENTED_EDGE ( 'NONE', *, *, #462, .F. ) ;
#2080 = EDGE_CURVE ( 'NONE', #112, #5107, #4652, .T. ) ;
#2081 = LINE ( 'NONE', #4444, #4074 ) ;
#2082 = DIRECTION ( 'NONE',  ( 1.000000000000000000, 0.0000000000000000000, 0.0000000000000000000 ) ) ;
#2083 = FACE_OUTER_BOUND ( 'NONE', #1909, .T. ) ;
#2084 = UNCERTAINTY_MEASURE_WITH_UNIT (LENGTH_MEASURE( 1.000000000000000082E-05 ), #2805, 'distance_accuracy_value', 'NONE');
#2085 = FILL_AREA_STYLE_COLOUR ( '', #4721 ) ;
#2086 =( NAMED_UNIT ( * ) SI_UNIT ( $, .STERADIAN. ) SOLID_ANGLE_UNIT ( ) );
#2087 = AXIS2_PLACEMENT_3D ( 'NONE', #4463, #838, #3261 ) ;
#2088 = ORIENTED_EDGE ( 'NONE', *, *, #2666, .T. ) ;
#2089 = SURFACE_STYLE_FILL_AREA ( #1582 ) ;
#2090 = FACE_OUTER_BOUND ( 'NONE', #3780, .T. ) ;
#2091 = PRESENTATION_STYLE_ASSIGNMENT (( #1341 ) ) ;
#2092 = DIRECTION ( 'NONE',  ( 0.0000000000000000000, 0.0000000000000000000, 1.000000000000000000 ) ) ;
#2093 = FILL_AREA_STYLE_COLOUR ( '', #4812 ) ;
#2094 = ORIENTED_EDGE ( 'NONE', *, *, #1241, .F. ) ;
#2095 = DIRECTION ( 'NONE',  ( -1.000000000000000000, 0.0000000000000000000, -0.0000000000000000000 ) ) ;
#2096 = FACE_OUTER_BOUND ( 'NONE', #3958, .T. ) ;
#2097 = VERTEX_POINT ( 'NONE', #2629 ) ;
#2098 = SURFACE_STYLE_FILL_AREA ( #2612 ) ;
#2099 =( BOUNDED_SURFACE ( )  B_SPLINE_SURFACE ( 3, 3, ( 
 ( #4545, #4224, #1700, #1731 ),
 ( #544, #3312, #3396, #3340 ),
 ( #5023, #4146, #1351, #2174 ),
 ( #4197, #2152, #3797, #3000 ) ),
 .UNSPECIFIED., .F., .F., .F. ) 
 B_SPLINE_SURFACE_WITH_KNOTS ( ( 4, 4 ),
 ( 4, 4 ),
 ( 0.0000000000000000000, 1.000000000000000000 ),
 ( 0.0000000000000000000, 1.000000000000000000 ),
 .UNSPECIFIED. ) 
 GEOMETRIC_REPRESENTATION_ITEM ( )  RATIONAL_B_SPLINE_SURFACE ( (
 ( 1.000000000000000000, 0.3333333333333337034, 0.3333333333333337034, 1.000000000000000000),
 ( 0.8911066843560517814, 0.2970355614520175935, 0.2970355614520175935, 0.8911066843560517814),
 ( 0.8911066843560517814, 0.2970355614520175935, 0.2970355614520175935, 0.8911066843560517814),
 ( 1.000000000000000000, 0.3333333333333337034, 0.3333333333333337034, 1.000000000000000000) ) ) 
 REPRESENTATION_ITEM ( '' )  SURFACE ( )  );
#2100 = AXIS2_PLACEMENT_3D ( 'NONE', #3987, #356, #1963 ) ;
#2101 = APPLICATION_PROTOCOL_DEFINITION ( 'draft international standard', 'automotive_design', 1998, #3991 ) ;
#2102 = SURFACE_STYLE_USAGE ( .BOTH. , #947 ) ;
#2103 =( LENGTH_UNIT ( ) NAMED_UNIT ( * ) SI_UNIT ( .MILLI., .METRE. ) );
#2104 = DIRECTION ( 'NONE',  ( 3.231085104332679983E-15, 1.000000000000000000, -0.0000000000000000000 ) ) ;
#2105 = ORIENTED_EDGE ( 'NONE', *, *, #2474, .T. ) ;
#2106 = CIRCLE ( 'NONE', #2793, 0.3999999999999997446 ) ;
#2107 = PRODUCT ( '5', '5', '', ( #2155 ) ) ;
#2108 = DIRECTION ( 'NONE',  ( 1.000000000000000000, 0.0000000000000000000, 0.0000000000000000000 ) ) ;
#2109 = PRESENTATION_LAYER_ASSIGNMENT (  '', '', ( #2870 ) ) ;
#2110 = ADVANCED_FACE ( 'NONE', ( #1448 ), #1829, .T. ) ;
#2111 = STYLED_ITEM ( 'NONE', ( #4362 ), #2921 ) ;
#2112 = VERTEX_POINT ( 'NONE', #3046 ) ;
#2113 = MECHANICAL_DESIGN_GEOMETRIC_PRESENTATION_REPRESENTATION (  '', ( #16 ), #5081 ) ;
#2114 = FILL_AREA_STYLE ('',( #1337 ) ) ;
#2115 = CARTESIAN_POINT ( 'NONE',  ( 0.0000000000000000000, -3.000000000000000000, 0.0000000000000000000 ) ) ;
#2116 = CARTESIAN_POINT ( 'NONE',  ( 3.649999999999999911, 1.891781170833501280, 0.0000000000000000000 ) ) ;
#2117 = DIRECTION ( 'NONE',  ( 1.000000000000000000, 0.0000000000000000000, -0.0000000000000000000 ) ) ;
#2118 = EDGE_CURVE ( 'NONE', #4800, #178, #1032, .T. ) ;
#2119 = ORIENTED_EDGE ( 'NONE', *, *, #1320, .T. ) ;
#2120 = VECTOR ( 'NONE', #80, 1000.000000000000000 ) ;
#2121 = SURFACE_SIDE_STYLE ('',( #3333 ) ) ;
#2122 = CARTESIAN_POINT ( 'NONE',  ( -1.000000000000000000, 0.0000000000000000000, 0.0000000000000000000 ) ) ;
#2123 = DIRECTION ( 'NONE',  ( -0.0000000000000000000, 1.000000000000000000, -0.0000000000000000000 ) ) ;
#2124 = AXIS2_PLACEMENT_3D ( 'NONE', #4710, #1154, #3516 ) ;
#2125 = CARTESIAN_POINT ( 'NONE',  ( -2.836092186006223592, 1.581953906996889980, 3.637779991155306814 ) ) ;
#2126 = MECHANICAL_DESIGN_GEOMETRIC_PRESENTATION_REPRESENTATION (  '', ( #4854 ), #4003 ) ;
#2127 = APPLICATION_PROTOCOL_DEFINITION ( 'draft international standard', 'automotive_design', 1998, #1914 ) ;
#2128 =( LENGTH_UNIT ( ) NAMED_UNIT ( * ) SI_UNIT ( .MILLI., .METRE. ) );
#2129 = CARTESIAN_POINT ( 'NONE',  ( -3.000000000000000000, -2.850000000000000089, 3.149999999999999911 ) ) ;
#2130 = VECTOR ( 'NONE', #961, 1000.000000000000000 ) ;
#2131 = VERTEX_POINT ( 'NONE', #2787 ) ;
#2132 = PRESENTATION_STYLE_ASSIGNMENT (( #1834 ) ) ;
#2133 = PRESENTATION_STYLE_ASSIGNMENT (( #633 ) ) ;
#2134 = DIRECTION ( 'NONE',  ( 0.0000000000000000000, 1.000000000000000000, 0.0000000000000000000 ) ) ;
#2135 = CIRCLE ( 'NONE', #5102, 0.1499999999999999667 ) ;
#2136 =( NAMED_UNIT ( * ) PLANE_ANGLE_UNIT ( ) SI_UNIT ( $, .RADIAN. ) );
#2137 = VERTEX_POINT ( 'NONE', #1528 ) ;
#2138 = PRESENTATION_LAYER_ASSIGNMENT (  '', '', ( #46 ) ) ;
#2139 = CARTESIAN_POINT ( 'NONE',  ( -3.000000000000000000, 2.850000000000000089, 3.149999999999999911 ) ) ;
#2140 =( NAMED_UNIT ( * ) SI_UNIT ( $, .STERADIAN. ) SOLID_ANGLE_UNIT ( ) );
#2141 = DIRECTION ( 'NONE',  ( 0.0000000000000000000, 0.0000000000000000000, 1.000000000000000000 ) ) ;
#2142 = DIRECTION ( 'NONE',  ( 0.0000000000000000000, 0.0000000000000000000, 1.000000000000000000 ) ) ;
#2143 = FILL_AREA_STYLE_COLOUR ( '', #262 ) ;
#2144 = FACE_OUTER_BOUND ( 'NONE', #2398, .T. ) ;
#2145 =( GEOMETRIC_REPRESENTATION_CONTEXT ( 3 ) GLOBAL_UNCERTAINTY_ASSIGNED_CONTEXT ( ( #2035 ) ) GLOBAL_UNIT_ASSIGNED_CONTEXT ( ( #3988, #1187, #2335 ) ) REPRESENTATION_CONTEXT ( 'NONE', 'WORKASPACE' ) );
#2146 = ORIENTED_EDGE ( 'NONE', *, *, #1787, .F. ) ;
#2147 = EDGE_CURVE ( 'NONE', #3277, #2198, #83, .T. ) ;
#2148 = STYLED_ITEM ( 'NONE', ( #1421 ), #3619 ) ;
#2149 = CARTESIAN_POINT ( 'NONE',  ( 3.000000000000000000, 2.241781170833500259, 1.000000000000000000 ) ) ;
#2150 = DIRECTION ( 'NONE',  ( 1.000000000000000000, -0.0000000000000000000, 0.0000000000000000000 ) ) ;
#2151 = PRODUCT_DEFINITION_SHAPE ( 'NONE', 'NONE',  #4910 ) ;
#2152 = CARTESIAN_POINT ( 'NONE',  ( 3.000000000000000000, -2.499999999999998668, 3.450000000000000622 ) ) ;
#2153 = PRESENTATION_LAYER_ASSIGNMENT (  '', '', ( #2663 ) ) ;
#2154 = DIRECTION ( 'NONE',  ( -0.0000000000000000000, -1.000000000000000000, -0.0000000000000000000 ) ) ;
#2155 = PRODUCT_CONTEXT ( 'NONE', #835, 'mechanical' ) ;
#2156 = LINE ( 'NONE', #4980, #3136 ) ;
#2157 = CARTESIAN_POINT ( 'NONE',  ( 2.000000000000000000, -1.958257569495580608, 3.750000000000000000 ) ) ;
#2158 = EDGE_LOOP ( 'NONE', ( #4098, #3896, #2017, #4501 ) ) ;
#2159 = CARTESIAN_POINT ( 'NONE',  ( -4.500000000000000000, -2.258218829166500186, 0.0000000000000000000 ) ) ;
#2160 = SURFACE_STYLE_USAGE ( .BOTH. , #555 ) ;
#2161 = LINE ( 'NONE', #2186, #4742 ) ;
#2162 =( GEOMETRIC_REPRESENTATION_CONTEXT ( 3 ) GLOBAL_UNCERTAINTY_ASSIGNED_CONTEXT ( ( #2784 ) ) GLOBAL_UNIT_ASSIGNED_CONTEXT ( ( #719, #1046, #2723 ) ) REPRESENTATION_CONTEXT ( 'NONE', 'WORKASPACE' ) );
#2163 = ORIENTED_EDGE ( 'NONE', *, *, #3174, .T. ) ;
#2164 =( LENGTH_UNIT ( ) NAMED_UNIT ( * ) SI_UNIT ( .MILLI., .METRE. ) );
#2165 = FILL_AREA_STYLE_COLOUR ( '', #2748 ) ;
#2166 = SURFACE_STYLE_USAGE ( .BOTH. , #1443 ) ;
#2167 = COLOUR_RGB ( '',0.0000000000000000000, 0.0000000000000000000, 0.0000000000000000000 ) ;
#2168 = ORIENTED_EDGE ( 'NONE', *, *, #2211, .F. ) ;
#2169 =( NAMED_UNIT ( * ) SI_UNIT ( $, .STERADIAN. ) SOLID_ANGLE_UNIT ( ) );
#2170 = EDGE_CURVE ( 'NONE', #1057, #3646, #3119, .T. ) ;
#2171 = DIRECTION ( 'NONE',  ( -1.000000000000000000, 0.0000000000000000000, -0.0000000000000000000 ) ) ;
#2172 = SURFACE_STYLE_FILL_AREA ( #571 ) ;
#2173 = EDGE_CURVE ( 'NONE', #999, #1204, #4757, .T. ) ;
#2174 = CARTESIAN_POINT ( 'NONE',  ( 2.000000000000000000, -1.581953906996888426, 3.637779991155306369 ) ) ;
#2175 = CARTESIAN_POINT ( 'NONE',  ( 2.850000000000000089, 3.000000000000000000, 3.449999999999999734 ) ) ;
#2176 = FACE_OUTER_BOUND ( 'NONE', #4845, .T. ) ;
#2177 = SHAPE_DEFINITION_REPRESENTATION ( #1905, #283 ) ;
#2178 = LINE ( 'NONE', #5002, #1113 ) ;
#2179 = EDGE_CURVE ( 'NONE', #4288, #3197, #3592, .T. ) ;
#2180 = PLANE ( 'NONE',  #1184 ) ;
#2181 = ORIENTED_EDGE ( 'NONE', *, *, #2893, .F. ) ;
#2182 = CARTESIAN_POINT ( 'NONE',  ( 3.749999999999996447, -2.608218829166499386, 0.3000000000000000444 ) ) ;
#2183 = DIRECTION ( 'NONE',  ( 0.0000000000000000000, -0.0000000000000000000, 1.000000000000000000 ) ) ;
#2184 = LINE ( 'NONE', #2564, #3822 ) ;
#2185 = UNCERTAINTY_MEASURE_WITH_UNIT (LENGTH_MEASURE( 1.000000000000000082E-05 ), #285, 'distance_accuracy_value', 'NONE');
#2186 = CARTESIAN_POINT ( 'NONE',  ( -3.250000000000000000, 2.241781170833500259, 1.000000000000000000 ) ) ;
#2187 = STYLED_ITEM ( 'NONE', ( #4765 ), #3084 ) ;
#2188 = AXIS2_PLACEMENT_3D ( 'NONE', #3279, #1222, #2095 ) ;
#2189 = ORIENTED_EDGE ( 'NONE', *, *, #2978, .T. ) ;
#2190 = CARTESIAN_POINT ( 'NONE',  ( 3.249999999999999556, -2.608218829166498942, 1.300000000000000044 ) ) ;
#2191 = VECTOR ( 'NONE', #2249, 1000.000000000000000 ) ;
#2192 = PLANE ( 'NONE',  #4998 ) ;
#2193 =( LENGTH_UNIT ( ) NAMED_UNIT ( * ) SI_UNIT ( .MILLI., .METRE. ) );
#2194 = FACE_OUTER_BOUND ( 'NONE', #41, .T. ) ;
#2195 = UNCERTAINTY_MEASURE_WITH_UNIT (LENGTH_MEASURE( 1.000000000000000082E-05 ), #2804, 'distance_accuracy_value', 'NONE');
#2196 = PRODUCT_DEFINITION_SHAPE ( 'NONE', 'NONE',  #1072 ) ;
#2197 = STYLED_ITEM ( 'NONE', ( #1386 ), #144 ) ;
#2198 = VERTEX_POINT ( 'NONE', #1908 ) ;
#2199 = AXIS2_PLACEMENT_3D ( 'NONE', #4030, #1208, #4005 ) ;
#2200 = SURFACE_STYLE_USAGE ( .BOTH. , #5018 ) ;
#2201 =( NAMED_UNIT ( * ) SI_UNIT ( $, .STERADIAN. ) SOLID_ANGLE_UNIT ( ) );
#2202 = VERTEX_POINT ( 'NONE', #1882 ) ;
#2203 = EDGE_CURVE ( 'NONE', #1786, #3331, #5141, .T. ) ;
#2204 = COLOUR_RGB ( '',0.7529411764705882248, 0.7529411764705882248, 0.7529411764705882248 ) ;
#2205 = CYLINDRICAL_SURFACE ( 'NONE', #217, 0.3999999999999999667 ) ;
#2206 = LINE ( 'NONE', #545, #300 ) ;
#2207 = FILL_AREA_STYLE_COLOUR ( '', #4392 ) ;
#2208 = DIRECTION ( 'NONE',  ( -1.000000000000000000, -0.0000000000000000000, 0.0000000000000000000 ) ) ;
#2209 = MECHANICAL_DESIGN_GEOMETRIC_PRESENTATION_REPRESENTATION (  '', ( #4410 ), #1527 ) ;
#2210 = CARTESIAN_POINT ( 'NONE',  ( 3.000000000000000000, 0.0000000000000000000, 3.149999999999999911 ) ) ;
#2211 = EDGE_CURVE ( 'NONE', #527, #3137, #2737, .T. ) ;
#2212 = FILL_AREA_STYLE_COLOUR ( '', #4327 ) ;
#2213 = SURFACE_STYLE_USAGE ( .BOTH. , #608 ) ;
#2214 = VERTEX_POINT ( 'NONE', #1084 ) ;
#2215 = SURFACE_SIDE_STYLE ('',( #4610 ) ) ;
#2216 = LINE ( 'NONE', #3846, #4520 ) ;
#2217 = DIRECTION ( 'NONE',  ( 1.000000000000000000, 0.0000000000000000000, 0.0000000000000000000 ) ) ;
#2218 = CARTESIAN_POINT ( 'NONE',  ( -1.000000000000000000, -3.000000000000000000, 0.0000000000000000000 ) ) ;
#2219 = DIRECTION ( 'NONE',  ( 1.000000000000000000, 0.0000000000000000000, 0.0000000000000000000 ) ) ;
#2220 = COLOUR_RGB ( '',0.0000000000000000000, 0.0000000000000000000, 0.0000000000000000000 ) ;
#2221 = AXIS2_PLACEMENT_3D ( 'NONE', #2258, #1123, #4680 ) ;
#2222 = VERTEX_POINT ( 'NONE', #271 ) ;
#2223 = CARTESIAN_POINT ( 'NONE',  ( 2.000000000000000000, 2.500000000000000000, 3.449999999999999734 ) ) ;
#2224 = SURFACE_STYLE_FILL_AREA ( #621 ) ;
#2225 = VERTEX_POINT ( 'NONE', #5116 ) ;
#2226 = DIRECTION ( 'NONE',  ( -0.0000000000000000000, 0.0000000000000000000, 1.000000000000000000 ) ) ;
#2227 = DIRECTION ( 'NONE',  ( -0.0000000000000000000, 1.000000000000000000, 0.0000000000000000000 ) ) ;
#2228 = PRESENTATION_LAYER_ASSIGNMENT (  '', '', ( #2066 ) ) ;
#2229 = CARTESIAN_POINT ( 'NONE',  ( 3.649999999999999467, 1.891781170833500614, 0.3999999999999999667 ) ) ;
#2230 = MECHANICAL_DESIGN_GEOMETRIC_PRESENTATION_REPRESENTATION (  '', ( #4271 ), #3941 ) ;
#2231 = FILL_AREA_STYLE ('',( #5125 ) ) ;
#2232 = COLOUR_RGB ( '',0.7529411764705882248, 0.7529411764705882248, 0.7529411764705882248 ) ;
#2233 = VECTOR ( 'NONE', #3505, 1000.000000000000000 ) ;
#2234 = PRODUCT_DEFINITION_SHAPE ( 'NONE', 'NONE',  #5226 ) ;
#2235 = CARTESIAN_POINT ( 'NONE',  ( -2.000000000000000000, 2.041742430504419392, 3.750000000000000000 ) ) ;
#2236 = PRESENTATION_LAYER_ASSIGNMENT (  '', '', ( #4530 ) ) ;
#2237 =( LENGTH_UNIT ( ) NAMED_UNIT ( * ) SI_UNIT ( .MILLI., .METRE. ) );
#2238 = SURFACE_SIDE_STYLE ('',( #3031 ) ) ;
#2239 = UNCERTAINTY_MEASURE_WITH_UNIT (LENGTH_MEASURE( 1.000000000000000082E-05 ), #281, 'distance_accuracy_value', 'NONE');
#2240 = EDGE_CURVE ( 'NONE', #4551, #1292, #4347, .T. ) ;
#2241 = EDGE_LOOP ( 'NONE', ( #886, #2332, #1518, #5017 ) ) ;
#2242 = ADVANCED_FACE ( '3', ( #2144 ), #1719, .T. ) ;
#2243 = SURFACE_SIDE_STYLE ('',( #3460 ) ) ;
#2244 = CARTESIAN_POINT ( 'NONE',  ( -3.750000000000000000, 1.120890585416750129, 0.4000000000000000222 ) ) ;
#2245 = CARTESIAN_POINT ( 'NONE',  ( 0.0000000000000000000, 0.0000000000000000000, 0.0000000000000000000 ) ) ;
#2246 = CARTESIAN_POINT ( 'NONE',  ( -2.000000000000002665, 1.753372802003358544, 3.749999999999998224 ) ) ;
#2247 = UNCERTAINTY_MEASURE_WITH_UNIT (LENGTH_MEASURE( 1.000000000000000082E-05 ), #916, 'distance_accuracy_value', 'NONE');
#2248 = PRESENTATION_STYLE_ASSIGNMENT (( #2599 ) ) ;
#2249 = DIRECTION ( 'NONE',  ( -0.0000000000000000000, -1.000000000000000000, -0.0000000000000000000 ) ) ;
#2250 = ORIENTED_EDGE ( 'NONE', *, *, #472, .T. ) ;
#2251 = LINE ( 'NONE', #754, #3578 ) ;
#2252 = APPLICATION_CONTEXT ( 'automotive_design' ) ;
#2253 = FACE_OUTER_BOUND ( 'NONE', #2863, .T. ) ;
#2254 =( NAMED_UNIT ( * ) SI_UNIT ( $, .STERADIAN. ) SOLID_ANGLE_UNIT ( ) );
#2255 = MECHANICAL_DESIGN_GEOMETRIC_PRESENTATION_REPRESENTATION (  '', ( #1661 ), #3959 ) ;
#2256 = ORIENTED_EDGE ( 'NONE', *, *, #5042, .F. ) ;
#2257 = LINE ( 'NONE', #4730, #1811 ) ;
#2258 = CARTESIAN_POINT ( 'NONE',  ( 3.749999999999997335, -1.908218829166500319, 0.4000000000000000222 ) ) ;
#2259 = CARTESIAN_POINT ( 'NONE',  ( 3.500000000000000000, 2.241781170833500259, 1.000000000000000000 ) ) ;
#2260 = CONTEXT_DEPENDENT_SHAPE_REPRESENTATION ( #2288, #1427 ) ;
#2261 = FACE_OUTER_BOUND ( 'NONE', #2956, .T. ) ;
#2262 = DIRECTION ( 'NONE',  ( 0.0000000000000000000, 0.0000000000000000000, -1.000000000000000000 ) ) ;
#2263 =( NAMED_UNIT ( * ) SI_UNIT ( $, .STERADIAN. ) SOLID_ANGLE_UNIT ( ) );
#2264 = FILL_AREA_STYLE ('',( #3998 ) ) ;
#2265 = DIRECTION ( 'NONE',  ( -3.231085104332679983E-15, -1.000000000000000000, 0.0000000000000000000 ) ) ;
#2266 = EDGE_LOOP ( 'NONE', ( #737, #140, #5119, #3901, #4811, #3265, #1912, #951, #2645, #1676, #4391, #196 ) ) ;
#2267 = EDGE_CURVE ( 'NONE', #2614, #5166, #3495, .T. ) ;
#2268 = ADVANCED_FACE ( '1', ( #2280 ), #4011, .T. ) ;
#2269 = CARTESIAN_POINT ( 'NONE',  ( 3.649999999999999911, -2.258218829166500186, 0.3999999999999999667 ) ) ;
#2270 = DIRECTION ( 'NONE',  ( 3.231085104332679983E-15, 1.000000000000000000, -0.0000000000000000000 ) ) ;
#2271 = CARTESIAN_POINT ( 'NONE',  ( 2.083484861008840117, 1.958257569495579498, 3.749999999999999556 ) ) ;
#2272 =( BOUNDED_SURFACE ( )  B_SPLINE_SURFACE ( 3, 3, ( 
 ( #4948, #2972, #1298, #3774 ),
 ( #514, #4974, #1374, #2948 ),
 ( #2925, #3370, #2125, #3742 ),
 ( #488, #4123, #1322, #2497 ) ),
 .UNSPECIFIED., .F., .F., .F. ) 
 B_SPLINE_SURFACE_WITH_KNOTS ( ( 4, 4 ),
 ( 4, 4 ),
 ( 0.0000000000000000000, 1.000000000000000000 ),
 ( 0.0000000000000000000, 1.000000000000000000 ),
 .UNSPECIFIED. ) 
 GEOMETRIC_REPRESENTATION_ITEM ( )  RATIONAL_B_SPLINE_SURFACE ( (
 ( 1.000000000000000000, 0.3333333333333337034, 0.3333333333333337034, 1.000000000000000000),
 ( 0.8911066843560517814, 0.2970355614520175935, 0.2970355614520175935, 0.8911066843560517814),
 ( 0.8911066843560517814, 0.2970355614520175935, 0.2970355614520175935, 0.8911066843560517814),
 ( 1.000000000000000000, 0.3333333333333337034, 0.3333333333333337034, 1.000000000000000000) ) ) 
 REPRESENTATION_ITEM ( '' )  SURFACE ( )  );
#2273 = STYLED_ITEM ( 'NONE', ( #3661 ), #2345 ) ;
#2274 = ORIENTED_EDGE ( 'NONE', *, *, #4511, .F. ) ;
#2275 = ORIENTED_EDGE ( 'NONE', *, *, #238, .T. ) ;
#2276 = VECTOR ( 'NONE', #2770, 1000.000000000000000 ) ;
#2277 =( GEOMETRIC_REPRESENTATION_CONTEXT ( 3 ) GLOBAL_UNCERTAINTY_ASSIGNED_CONTEXT ( ( #3133 ) ) GLOBAL_UNIT_ASSIGNED_CONTEXT ( ( #1845, #3140, #3461 ) ) REPRESENTATION_CONTEXT ( 'NONE', 'WORKASPACE' ) );
#2278 = FILL_AREA_STYLE ('',( #2364 ) ) ;
#2279 = EDGE_CURVE ( 'NONE', #3184, #4800, #765, .T. ) ;
#2280 = FACE_OUTER_BOUND ( 'NONE', #1978, .T. ) ;
#2281 = LINE ( 'NONE', #1910, #4701 ) ;
#2282 = FILL_AREA_STYLE_COLOUR ( '', #2167 ) ;
#2283 =( GEOMETRIC_REPRESENTATION_CONTEXT ( 3 ) GLOBAL_UNCERTAINTY_ASSIGNED_CONTEXT ( ( #2565 ) ) GLOBAL_UNIT_ASSIGNED_CONTEXT ( ( #266, #4719, #1445 ) ) REPRESENTATION_CONTEXT ( 'NONE', 'WORKASPACE' ) );
#2284 = CIRCLE ( 'NONE', #2460, 0.3999999999999999667 ) ;
#2285 = EDGE_LOOP ( 'NONE', ( #4380, #928, #183, #800 ) ) ;
#2286 = PRODUCT_DEFINITION_SHAPE ( 'NONE', 'NONE',  #5219 ) ;
#2287 = EDGE_LOOP ( 'NONE', ( #4702, #4245, #3849, #1100, #752, #1720, #93, #2316 ) ) ;
#2288 =( REPRESENTATION_RELATIONSHIP ('NONE','NONE', #251, #352 ) REPRESENTATION_RELATIONSHIP_WITH_TRANSFORMATION ( #654 )SHAPE_REPRESENTATION_RELATIONSHIP( ) );
#2289 = COLOUR_RGB ( '',0.7529411764705882248, 0.7529411764705882248, 0.7529411764705882248 ) ;
#2290 = CARTESIAN_POINT ( 'NONE',  ( 1.163907813993773077, -2.418046093003118902, 3.637779991155306369 ) ) ;
#2291 = CARTESIAN_POINT ( 'NONE',  ( 1.000000000000000000, 3.000000000000000444, 0.0000000000000000000 ) ) ;
#2292 = SURFACE_STYLE_FILL_AREA ( #677 ) ;
#2293 = UNCERTAINTY_MEASURE_WITH_UNIT (LENGTH_MEASURE( 1.000000000000000082E-05 ), #147, 'distance_accuracy_value', 'NONE');
#2294 = SURFACE_SIDE_STYLE ('',( #1865 ) ) ;
#2295 = CARTESIAN_POINT ( 'NONE',  ( 0.0000000000000000000, 1.891781170833499948, 0.2999999999999999889 ) ) ;
#2296 = AXIS2_PLACEMENT_3D ( 'NONE', #603, #256, #3537 ) ;
#2297 = VECTOR ( 'NONE', #4421, 1000.000000000000000 ) ;
#2298 = DIRECTION ( 'NONE',  ( 3.231085104332679983E-15, 1.000000000000000000, 0.0000000000000000000 ) ) ;
#2299 = FACE_OUTER_BOUND ( 'NONE', #3658, .T. ) ;
#2300 = UNCERTAINTY_MEASURE_WITH_UNIT (LENGTH_MEASURE( 1.000000000000000082E-05 ), #3980, 'distance_accuracy_value', 'NONE');
#2301 = FILL_AREA_STYLE ('',( #3135 ) ) ;
#2302 = COLOUR_RGB ( '',0.0000000000000000000, 0.0000000000000000000, 0.0000000000000000000 ) ;
#2303 = EDGE_LOOP ( 'NONE', ( #438, #567, #109, #1525 ) ) ;
#2304 = DIRECTION ( 'NONE',  ( 0.0000000000000000000, 0.0000000000000000000, 1.000000000000000000 ) ) ;
#2305 = SURFACE_STYLE_FILL_AREA ( #5214 ) ;
#2306 =( GEOMETRIC_REPRESENTATION_CONTEXT ( 3 ) GLOBAL_UNCERTAINTY_ASSIGNED_CONTEXT ( ( #3783 ) ) GLOBAL_UNIT_ASSIGNED_CONTEXT ( ( #1042, #2661, #5174 ) ) REPRESENTATION_CONTEXT ( 'NONE', 'WORKASPACE' ) );
#2307 = FILL_AREA_STYLE_COLOUR ( '', #2796 ) ;
#2308 = ORIENTED_EDGE ( 'NONE', *, *, #3139, .F. ) ;
#2309 = MECHANICAL_DESIGN_GEOMETRIC_PRESENTATION_REPRESENTATION (  '', ( #2894 ), #709 ) ;
#2310 = DIRECTION ( 'NONE',  ( 0.0000000000000000000, -1.000000000000000000, -0.0000000000000000000 ) ) ;
#2311 = DIRECTION ( 'NONE',  ( 0.0000000000000000000, -1.000000000000000000, 0.0000000000000000000 ) ) ;
#2312 = CARTESIAN_POINT ( 'NONE',  ( 4.500000000000000000, -2.258218829166500186, 0.0000000000000000000 ) ) ;
#2313 = EDGE_CURVE ( 'NONE', #4284, #5166, #5193, .T. ) ;
#2314 = ORIENTED_EDGE ( 'NONE', *, *, #1073, .T. ) ;
#2315 = EDGE_CURVE ( 'NONE', #1952, #4203, #1171, .T. ) ;
#2316 = ORIENTED_EDGE ( 'NONE', *, *, #4617, .T. ) ;
#2317 = PRESENTATION_LAYER_ASSIGNMENT (  '', '', ( #4179 ) ) ;
#2318 = DIRECTION ( 'NONE',  ( 1.000000000000000000, 0.0000000000000000000, 0.0000000000000000000 ) ) ;
#2319 = CARTESIAN_POINT ( 'NONE',  ( -3.649999999999999911, -2.258218829166500186, 0.8999999999999999112 ) ) ;
#2320 = FACE_OUTER_BOUND ( 'NONE', #960, .T. ) ;
#2321 = CARTESIAN_POINT ( 'NONE',  ( -2.850000000000000089, 3.000000000000000000, 3.449999999999999734 ) ) ;
#2322 = CARTESIAN_POINT ( 'NONE',  ( 3.249999999999999556, 1.891781170833501280, 1.300000000000000044 ) ) ;
#2323 = STYLED_ITEM ( 'NONE', ( #1116 ), #4190 ) ;
#2324 = DIRECTION ( 'NONE',  ( 1.000000000000000000, -3.252606517456511724E-15, 0.0000000000000000000 ) ) ;
#2325 = DIRECTION ( 'NONE',  ( -3.231085104332679983E-15, -1.000000000000000000, 0.0000000000000000000 ) ) ;
#2326 = SURFACE_STYLE_USAGE ( .BOTH. , #3134 ) ;
#2327 = VERTEX_POINT ( 'NONE', #3300 ) ;
#2328 = CARTESIAN_POINT ( 'NONE',  ( -2.850000000000000089, -2.850000000000000089, 3.449999999999999734 ) ) ;
#2329 = CARTESIAN_POINT ( 'NONE',  ( -3.750000000000000000, 1.891781170833499948, 0.3000000000000000444 ) ) ;
#2330 = PLANE ( 'NONE',  #5167 ) ;
#2331 = FACE_OUTER_BOUND ( 'NONE', #794, .T. ) ;
#2332 = ORIENTED_EDGE ( 'NONE', *, *, #2414, .T. ) ;
#2333 = STYLED_ITEM ( 'NONE', ( #1001 ), #4942 ) ;
#2334 = DIRECTION ( 'NONE',  ( 3.231085104332679983E-15, 1.000000000000000000, -0.0000000000000000000 ) ) ;
#2335 =( NAMED_UNIT ( * ) SI_UNIT ( $, .STERADIAN. ) SOLID_ANGLE_UNIT ( ) );
#2336 = FACE_OUTER_BOUND ( 'NONE', #4862, .T. ) ;
#2337 =( GEOMETRIC_REPRESENTATION_CONTEXT ( 3 ) GLOBAL_UNCERTAINTY_ASSIGNED_CONTEXT ( ( #3241 ) ) GLOBAL_UNIT_ASSIGNED_CONTEXT ( ( #1127, #3454, #2263 ) ) REPRESENTATION_CONTEXT ( 'NONE', 'WORKASPACE' ) );
#2338 = ORIENTED_EDGE ( 'NONE', *, *, #4442, .T. ) ;
#2339 = MECHANICAL_DESIGN_GEOMETRIC_PRESENTATION_REPRESENTATION (  '', ( #818 ), #2162 ) ;
#2340 = VERTEX_POINT ( 'NONE', #2469 ) ;
#2341 = EDGE_CURVE ( 'NONE', #2654, #527, #2861, .T. ) ;
#2342 = CARTESIAN_POINT ( 'NONE',  ( 0.9999999999999900080, -1.500000000000000000, 3.450000000000000622 ) ) ;
#2343 = DIRECTION ( 'NONE',  ( -1.000000000000000000, 4.336808689942025625E-15, 0.0000000000000000000 ) ) ;
#2344 = PRODUCT_RELATED_PRODUCT_CATEGORY ( 'part', '', ( #2107 ) ) ;
#2345 = ADVANCED_FACE ( 'NONE', ( #873 ), #2442, .T. ) ;
#2346 = SURFACE_STYLE_USAGE ( .BOTH. , #2294 ) ;
#2347 =( GEOMETRIC_REPRESENTATION_CONTEXT ( 3 ) GLOBAL_UNCERTAINTY_ASSIGNED_CONTEXT ( ( #2625 ) ) GLOBAL_UNIT_ASSIGNED_CONTEXT ( ( #2930, #1831, #3719 ) ) REPRESENTATION_CONTEXT ( 'NONE', 'WORKASPACE' ) );
#2348 = MECHANICAL_DESIGN_GEOMETRIC_PRESENTATION_REPRESENTATION (  '', ( #2775 ), #3253 ) ;
#2349 = COLOUR_RGB ( '',0.7529411764705882248, 0.7529411764705882248, 0.7529411764705882248 ) ;
#2350 = EDGE_CURVE ( 'NONE', #261, #2887, #4533, .T. ) ;
#2351 = SURFACE_STYLE_USAGE ( .BOTH. , #1839 ) ;
#2352 = FILL_AREA_STYLE_COLOUR ( '', #3773 ) ;
#2353 = DIRECTION ( 'NONE',  ( 0.0000000000000000000, 0.0000000000000000000, 1.000000000000000000 ) ) ;
#2354 = UNCERTAINTY_MEASURE_WITH_UNIT (LENGTH_MEASURE( 1.000000000000000082E-05 ), #1076, 'distance_accuracy_value', 'NONE');
#2355 =( NAMED_UNIT ( * ) PLANE_ANGLE_UNIT ( ) SI_UNIT ( $, .RADIAN. ) );
#2356 = ORIENTED_EDGE ( 'NONE', *, *, #4076, .T. ) ;
#2357 = CARTESIAN_POINT ( 'NONE',  ( -2.000000000000000000, -2.041742430504419392, 3.750000000000000000 ) ) ;
#2358 = DIRECTION ( 'NONE',  ( -3.231085104332679983E-15, -1.000000000000000000, 0.0000000000000000000 ) ) ;
#2359 = DIRECTION ( 'NONE',  ( 0.0000000000000000000, 1.000000000000000000, -0.0000000000000000000 ) ) ;
#2360 = UNCERTAINTY_MEASURE_WITH_UNIT (LENGTH_MEASURE( 1.000000000000000082E-05 ), #5008, 'distance_accuracy_value', 'NONE');
#2361 = VERTEX_POINT ( 'NONE', #2421 ) ;
#2362 =( REPRESENTATION_RELATIONSHIP ('NONE','NONE', #251, #655 ) REPRESENTATION_RELATIONSHIP_WITH_TRANSFORMATION ( #3693 )SHAPE_REPRESENTATION_RELATIONSHIP( ) );
#2363 = ORIENTED_EDGE ( 'NONE', *, *, #3021, .T. ) ;
#2364 = FILL_AREA_STYLE_COLOUR ( '', #1962 ) ;
#2365 = MECHANICAL_DESIGN_GEOMETRIC_PRESENTATION_REPRESENTATION (  '', ( #159 ), #82 ) ;
#2366 =( LENGTH_UNIT ( ) NAMED_UNIT ( * ) SI_UNIT ( .MILLI., .METRE. ) );
#2367 = VECTOR ( 'NONE', #1583, 1000.000000000000000 ) ;
#2368 = SURFACE_STYLE_FILL_AREA ( #1143 ) ;
#2369 = FACE_OUTER_BOUND ( 'NONE', #2158, .T. ) ;
#2370 = ORIENTED_EDGE ( 'NONE', *, *, #5181, .F. ) ;
#2371 = VECTOR ( 'NONE', #2064, 1000.000000000000000 ) ;
#2372 = VERTEX_POINT ( 'NONE', #4841 ) ;
#2373 = CARTESIAN_POINT ( 'NONE',  ( 3.649999999999999911, 2.241781170833498926, 0.9000000000000000222 ) ) ;
#2374 = FILL_AREA_STYLE ('',( #2020 ) ) ;
#2375 = FACE_OUTER_BOUND ( 'NONE', #47, .T. ) ;
#2376 = CARTESIAN_POINT ( 'NONE',  ( 3.350000000000000089, 2.241781170833500259, 0.9000000000000000222 ) ) ;
#2377 = STYLED_ITEM ( 'NONE', ( #4577 ), #2860 ) ;
#2378 = PRESENTATION_STYLE_ASSIGNMENT (( #414 ) ) ;
#2379 = AXIS2_PLACEMENT_3D ( 'NONE', #3675, #3629, #5177 ) ;
#2380 = EDGE_CURVE ( 'NONE', #2548, #4881, #3250, .T. ) ;
#2381 = FILL_AREA_STYLE_COLOUR ( '', #909 ) ;
#2382 = CYLINDRICAL_SURFACE ( 'NONE', #2391, 0.1499999999999999667 ) ;
#2383 = EDGE_CURVE ( 'NONE', #2340, #2654, #478, .T. ) ;
#2384 = ORIENTED_EDGE ( 'NONE', *, *, #347, .F. ) ;
#2385 = EDGE_CURVE ( 'NONE', #1446, #2842, #3192, .T. ) ;
#2386 =( NAMED_UNIT ( * ) SI_UNIT ( $, .STERADIAN. ) SOLID_ANGLE_UNIT ( ) );
#2387 = DIRECTION ( 'NONE',  ( -0.0000000000000000000, -0.0000000000000000000, -1.000000000000000000 ) ) ;
#2388 = LINE ( 'NONE', #1876, #1350 ) ;
#2389 = SURFACE_SIDE_STYLE ('',( #1523 ) ) ;
#2390 = CARTESIAN_POINT ( 'NONE',  ( 1.750000000000000000, 2.143131898507868297E-16, 4.200000000000000178 ) ) ;
#2391 = AXIS2_PLACEMENT_3D ( 'NONE', #4081, #3602, #1248 ) ;
#2392 = ORIENTED_EDGE ( 'NONE', *, *, #4817, .F. ) ;
#2393 = FILL_AREA_STYLE ('',( #3685 ) ) ;
#2394 =( GEOMETRIC_REPRESENTATION_CONTEXT ( 3 ) GLOBAL_UNCERTAINTY_ASSIGNED_CONTEXT ( ( #287 ) ) GLOBAL_UNIT_ASSIGNED_CONTEXT ( ( #3876, #327, #3468 ) ) REPRESENTATION_CONTEXT ( 'NONE', 'WORKASPACE' ) );
#2395 = DIRECTION ( 'NONE',  ( 1.000000000000000000, 0.0000000000000000000, -0.0000000000000000000 ) ) ;
#2396 = MECHANICAL_DESIGN_GEOMETRIC_PRESENTATION_REPRESENTATION (  '', ( #4678 ), #788 ) ;
#2397 = ORIENTED_EDGE ( 'NONE', *, *, #2741, .F. ) ;
#2398 = EDGE_LOOP ( 'NONE', ( #1387, #1803 ) ) ;
#2399 = SURFACE_SIDE_STYLE ('',( #3905 ) ) ;
#2400 =( NAMED_UNIT ( * ) PLANE_ANGLE_UNIT ( ) SI_UNIT ( $, .RADIAN. ) );
#2401 = FILL_AREA_STYLE_COLOUR ( '', #3457 ) ;
#2402 = CARTESIAN_POINT ( 'NONE',  ( 6.938893903907229955E-15, -0.01643765833298820034, 0.2999999999999999889 ) ) ;
#2403 = AXIS2_PLACEMENT_3D ( 'NONE', #1505, #3127, #3620 ) ;
#2404 = STYLED_ITEM ( 'NONE', ( #3794 ), #3503 ) ;
#2405 = SURFACE_STYLE_USAGE ( .BOTH. , #2054 ) ;
#2406 = SURFACE_STYLE_FILL_AREA ( #1623 ) ;
#2407 = UNCERTAINTY_MEASURE_WITH_UNIT (LENGTH_MEASURE( 1.000000000000000082E-05 ), #2634, 'distance_accuracy_value', 'NONE');
#2408 = ORIENTED_EDGE ( 'NONE', *, *, #3299, .F. ) ;
#2409 = SURFACE_STYLE_USAGE ( .BOTH. , #3698 ) ;
#2410 = FACE_OUTER_BOUND ( 'NONE', #4381, .T. ) ;
#2411 = PLANE ( 'NONE',  #3001 ) ;
#2412 = SURFACE_SIDE_STYLE ('',( #2509 ) ) ;
#2413 = UNCERTAINTY_MEASURE_WITH_UNIT (LENGTH_MEASURE( 1.000000000000000082E-05 ), #2193, 'distance_accuracy_value', 'NONE');
#2414 = EDGE_CURVE ( 'NONE', #4188, #3791, #64, .T. ) ;
#2415 =( LENGTH_UNIT ( ) NAMED_UNIT ( * ) SI_UNIT ( .MILLI., .METRE. ) );
#2416 = AXIS2_PLACEMENT_3D ( 'NONE', #4199, #995, #3800 ) ;
#2417 = STYLED_ITEM ( 'NONE', ( #1454 ), #3733 ) ;
#2418 = ORIENTED_EDGE ( 'NONE', *, *, #4679, .F. ) ;
#2419 = CARTESIAN_POINT ( 'NONE',  ( -2.000000000000000000, 2.000000000000000000, 3.449999999999999734 ) ) ;
#2420 = VECTOR ( 'NONE', #3559, 1000.000000000000000 ) ;
#2421 = CARTESIAN_POINT ( 'NONE',  ( 3.650000000000001243, -1.908218829166499875, 0.3999999999999999667 ) ) ;
#2422 = SURFACE_STYLE_FILL_AREA ( #3642 ) ;
#2423 = ORIENTED_EDGE ( 'NONE', *, *, #141, .F. ) ;
#2424 = ORIENTED_EDGE ( 'NONE', *, *, #4309, .T. ) ;
#2425 = DIRECTION ( 'NONE',  ( -0.0000000000000000000, 0.0000000000000000000, -1.000000000000000000 ) ) ;
#2426 = STYLED_ITEM ( 'NONE', ( #342 ), #4975 ) ;
#2427 = DIRECTION ( 'NONE',  ( 0.0000000000000000000, -0.0000000000000000000, 1.000000000000000000 ) ) ;
#2428 = DIRECTION ( 'NONE',  ( 0.0000000000000000000, 0.0000000000000000000, -1.000000000000000000 ) ) ;
#2429 = FACE_OUTER_BOUND ( 'NONE', #2740, .T. ) ;
#2430 = DIRECTION ( 'NONE',  ( 1.000000000000000000, 0.0000000000000000000, -0.0000000000000000000 ) ) ;
#2431 =( NAMED_UNIT ( * ) PLANE_ANGLE_UNIT ( ) SI_UNIT ( $, .RADIAN. ) );
#2432 = SURFACE_STYLE_USAGE ( .BOTH. , #1177 ) ;
#2433 = AXIS2_PLACEMENT_3D ( 'NONE', #2738, #5195, #4040 ) ;
#2434 = ORIENTED_EDGE ( 'NONE', *, *, #1826, .F. ) ;
#2435 =( GEOMETRIC_REPRESENTATION_CONTEXT ( 3 ) GLOBAL_UNCERTAINTY_ASSIGNED_CONTEXT ( ( #1078 ) ) GLOBAL_UNIT_ASSIGNED_CONTEXT ( ( #3171, #15, #1911 ) ) REPRESENTATION_CONTEXT ( 'NONE', 'WORKASPACE' ) );
#2436 = STYLED_ITEM ( 'NONE', ( #1358 ), #1489 ) ;
#2437 = SURFACE_STYLE_FILL_AREA ( #9 ) ;
#2438 = CARTESIAN_POINT ( 'NONE',  ( 1.708578643762690863, -3.417157287525379505, 4.299999999999999822 ) ) ;
#2439 = ADVANCED_FACE ( 'NONE', ( #2090 ), #1186, .T. ) ;
#2440 = ORIENTED_EDGE ( 'NONE', *, *, #3275, .T. ) ;
#2441 = EDGE_CURVE ( 'NONE', #3175, #33, #1412, .T. ) ;
#2442 = PLANE ( 'NONE',  #340 ) ;
#2443 = CARTESIAN_POINT ( 'NONE',  ( 2.000000000000000000, 2.041742430504419392, 3.750000000000000000 ) ) ;
#2444 =( NAMED_UNIT ( * ) PLANE_ANGLE_UNIT ( ) SI_UNIT ( $, .RADIAN. ) );
#2445 = PRODUCT_DEFINITION_CONTEXT ( 'detailed design', #1914, 'design' ) ;
#2446 = VERTEX_POINT ( 'NONE', #4989 ) ;
#2447 = ORIENTED_EDGE ( 'NONE', *, *, #1017, .T. ) ;
#2448 = EDGE_CURVE ( 'NONE', #3270, #2548, #3438, .T. ) ;
#2449 =( NAMED_UNIT ( * ) PLANE_ANGLE_UNIT ( ) SI_UNIT ( $, .RADIAN. ) );
#2450 = CARTESIAN_POINT ( 'NONE',  ( 4.500000000000000000, -0.01643765833298820034, 0.2999999999999999889 ) ) ;
#2451 = PRESENTATION_LAYER_ASSIGNMENT (  '', '', ( #1090 ) ) ;
#2452 = PRESENTATION_LAYER_ASSIGNMENT (  '', '', ( #3548 ) ) ;
#2453 = MECHANICAL_DESIGN_GEOMETRIC_PRESENTATION_REPRESENTATION (  '', ( #1858 ), #2283 ) ;
#2454 = MECHANICAL_DESIGN_GEOMETRIC_PRESENTATION_REPRESENTATION (  '', ( #4743 ), #1854 ) ;
#2455 = SURFACE_SIDE_STYLE ('',( #789 ) ) ;
#2456 =( NAMED_UNIT ( * ) SI_UNIT ( $, .STERADIAN. ) SOLID_ANGLE_UNIT ( ) );
#2457 =( NAMED_UNIT ( * ) PLANE_ANGLE_UNIT ( ) SI_UNIT ( $, .RADIAN. ) );
#2458 =( NAMED_UNIT ( * ) SI_UNIT ( $, .STERADIAN. ) SOLID_ANGLE_UNIT ( ) );
#2459 = STYLED_ITEM ( 'NONE', ( #2619 ), #149 ) ;
#2460 = AXIS2_PLACEMENT_3D ( 'NONE', #979, #4205, #1382 ) ;
#2461 = VERTEX_POINT ( 'NONE', #156 ) ;
#2462 = APPLICATION_CONTEXT ( 'automotive_design' ) ;
#2463 =( GEOMETRIC_REPRESENTATION_CONTEXT ( 3 ) GLOBAL_UNCERTAINTY_ASSIGNED_CONTEXT ( ( #658 ) ) GLOBAL_UNIT_ASSIGNED_CONTEXT ( ( #3729, #108, #4934 ) ) REPRESENTATION_CONTEXT ( 'NONE', 'WORKASPACE' ) );
#2464 = DIRECTION ( 'NONE',  ( 0.0000000000000000000, 0.0000000000000000000, 1.000000000000000000 ) ) ;
#2465 = DIRECTION ( 'NONE',  ( 1.000000000000000000, 0.0000000000000000000, 0.0000000000000000000 ) ) ;
#2466 = PRESENTATION_LAYER_ASSIGNMENT (  '', '', ( #4666 ) ) ;
#2467 = ORIENTED_EDGE ( 'NONE', *, *, #3843, .F. ) ;
#2468 =( NAMED_UNIT ( * ) SI_UNIT ( $, .STERADIAN. ) SOLID_ANGLE_UNIT ( ) );
#2469 = CARTESIAN_POINT ( 'NONE',  ( 3.749999999999997335, -2.608218829166499386, 0.0000000000000000000 ) ) ;
#2470 = ORIENTED_EDGE ( 'NONE', *, *, #3544, .T. ) ;
#2471 = FILL_AREA_STYLE_COLOUR ( '', #1674 ) ;
#2472 = FILL_AREA_STYLE_COLOUR ( '', #3328 ) ;
#2473 = PRESENTATION_LAYER_ASSIGNMENT (  '', '', ( #4854 ) ) ;
#2474 = EDGE_CURVE ( 'NONE', #1267, #5211, #3198, .T. ) ;
#2475 = PRESENTATION_LAYER_ASSIGNMENT (  '', '', ( #2894 ) ) ;
#2476 = DIRECTION ( 'NONE',  ( 0.0000000000000000000, 1.000000000000000000, 0.0000000000000000000 ) ) ;
#2477 = COLOUR_RGB ( '',0.7529411764705882248, 0.7529411764705882248, 0.7529411764705882248 ) ;
#2478 = STYLED_ITEM ( 'NONE', ( #1148 ), #3473 ) ;
#2479 = VERTEX_POINT ( 'NONE', #3845 ) ;
#2480 =( LENGTH_UNIT ( ) NAMED_UNIT ( * ) SI_UNIT ( .MILLI., .METRE. ) );
#2481 = CARTESIAN_POINT ( 'NONE',  ( -2.850000000000000089, -2.850000000000000089, 3.149999999999999911 ) ) ;
#2482 =( NAMED_UNIT ( * ) PLANE_ANGLE_UNIT ( ) SI_UNIT ( $, .RADIAN. ) );
#2483 = CARTESIAN_POINT ( 'NONE',  ( 3.000000000000000000, -2.850000000000000089, 0.0000000000000000000 ) ) ;
#2484 = ORIENTED_EDGE ( 'NONE', *, *, #1620, .F. ) ;
#2485 = CARTESIAN_POINT ( 'NONE',  ( 4.074999999999999289, -2.608218829166499830, 0.2999999999999999889 ) ) ;
#2486 = CARTESIAN_POINT ( 'NONE',  ( -3.250000000000000000, 2.591781170833500347, 1.000000000000000000 ) ) ;
#2487 = VECTOR ( 'NONE', #3182, 1000.000000000000000 ) ;
#2488 = SURFACE_SIDE_STYLE ('',( #875 ) ) ;
#2489 = DIRECTION ( 'NONE',  ( 1.000000000000000000, -3.252606517456511724E-15, 0.0000000000000000000 ) ) ;
#2490 = ORIENTED_EDGE ( 'NONE', *, *, #1652, .F. ) ;
#2491 = VECTOR ( 'NONE', #2387, 1000.000000000000000 ) ;
#2492 = VECTOR ( 'NONE', #2520, 1000.000000000000000 ) ;
#2493 = DIRECTION ( 'NONE',  ( 0.0000000000000000000, 0.0000000000000000000, 1.000000000000000000 ) ) ;
#2494 = CARTESIAN_POINT ( 'NONE',  ( -2.000000000000000000, -1.958257569495580608, 3.750000000000000000 ) ) ;
#2495 = ORIENTED_EDGE ( 'NONE', *, *, #81, .F. ) ;
#2496 = EDGE_CURVE ( 'NONE', #5107, #2112, #3757, .T. ) ;
#2497 = CARTESIAN_POINT ( 'NONE',  ( -2.000000000000000888, 1.499999999999999556, 3.449999999999999734 ) ) ;
#2498 = DIRECTION ( 'NONE',  ( 0.0000000000000000000, 0.0000000000000000000, -1.000000000000000000 ) ) ;
#2499 = SURFACE_SIDE_STYLE ('',( #1735 ) ) ;
#2500 = ITEM_DEFINED_TRANSFORMATION ( 'NONE', 'NONE', #5207,  #1401 ) ;
#2501 = FACE_OUTER_BOUND ( 'NONE', #3804, .T. ) ;
#2502 = CARTESIAN_POINT ( 'NONE',  ( -3.000000000000000000, -2.258218829166500186, 1.300000000000000044 ) ) ;
#2503 = ORIENTED_EDGE ( 'NONE', *, *, #89, .F. ) ;
#2504 = SHAPE_REPRESENTATION ( '10', ( #1401 ), #1993 ) ;
#2505 = EDGE_CURVE ( 'NONE', #4887, #1653, #1340, .T. ) ;
#2506 = DIRECTION ( 'NONE',  ( -3.231085104332679983E-15, -1.000000000000000000, 0.0000000000000000000 ) ) ;
#2507 =( LENGTH_UNIT ( ) NAMED_UNIT ( * ) SI_UNIT ( .MILLI., .METRE. ) );
#2508 = CARTESIAN_POINT ( 'NONE',  ( 3.000000000000000444, -2.608218829166496722, 1.000000000000000000 ) ) ;
#2509 = SURFACE_STYLE_FILL_AREA ( #2034 ) ;
#2510 = UNCERTAINTY_MEASURE_WITH_UNIT (LENGTH_MEASURE( 1.000000000000000082E-05 ), #2717, 'distance_accuracy_value', 'NONE');
#2511 = MECHANICAL_DESIGN_GEOMETRIC_PRESENTATION_REPRESENTATION (  '', ( #3264 ), #2604 ) ;
#2512 = FILL_AREA_STYLE ('',( #3784 ) ) ;
#2513 = AXIS2_PLACEMENT_3D ( 'NONE', #1056, #893, #1422 ) ;
#2514 = ORIENTED_EDGE ( 'NONE', *, *, #5185, .T. ) ;
#2515 = CARTESIAN_POINT ( 'NONE',  ( 4.500000000000000000, 2.241781170833500259, 0.0000000000000000000 ) ) ;
#2516 = DIRECTION ( 'NONE',  ( -1.000000000000000000, 3.231085104332679983E-15, -0.0000000000000000000 ) ) ;
#2517 = PRESENTATION_STYLE_ASSIGNMENT (( #335 ) ) ;
#2518 = UNCERTAINTY_MEASURE_WITH_UNIT (LENGTH_MEASURE( 1.000000000000000082E-05 ), #4433, 'distance_accuracy_value', 'NONE');
#2519 = ORIENTED_EDGE ( 'NONE', *, *, #2826, .F. ) ;
#2520 = DIRECTION ( 'NONE',  ( -0.0000000000000000000, 1.000000000000000000, 0.0000000000000000000 ) ) ;
#2521 = SURFACE_STYLE_FILL_AREA ( #1778 ) ;
#2522 = PRESENTATION_STYLE_ASSIGNMENT (( #4512 ) ) ;
#2523 =( NAMED_UNIT ( * ) PLANE_ANGLE_UNIT ( ) SI_UNIT ( $, .RADIAN. ) );
#2524 = STYLED_ITEM ( 'NONE', ( #4870 ), #2045 ) ;
#2525 = ITEM_DEFINED_TRANSFORMATION ( 'NONE', 'NONE', #3424,  #1401 ) ;
#2526 = CARTESIAN_POINT ( 'NONE',  ( -3.750000000000000000, 2.591781170833500347, 0.4000000000000000222 ) ) ;
#2527 = CARTESIAN_POINT ( 'NONE',  ( -2.083484861008840561, -1.958257569495580164, 3.749999999999999556 ) ) ;
#2528 = CYLINDRICAL_SURFACE ( 'NONE', #3471, 0.1499999999999999667 ) ;
#2529 = ORIENTED_EDGE ( 'NONE', *, *, #664, .F. ) ;
#2530 = CIRCLE ( 'NONE', #1593, 0.5000000000000000000 ) ;
#2531 = PRODUCT_DEFINITION_SHAPE ( 'NONE', 'NONE',  #5220 ) ;
#2532 = FILL_AREA_STYLE ('',( #4575 ) ) ;
#2533 = CARTESIAN_POINT ( 'NONE',  ( -2.000000000000000000, 1.958257569495580608, 3.750000000000000000 ) ) ;
#2534 = FILL_AREA_STYLE ('',( #181 ) ) ;
#2535 = AXIS2_PLACEMENT_3D ( 'NONE', #4008, #1986, #1258 ) ;
#2536 = STYLED_ITEM ( 'NONE', ( #448 ), #2733 ) ;
#2537 = SHAPE_REPRESENTATION_RELATIONSHIP ( 'NONE' , 'NONE' ,  #887, #681 ) ;
#2538 =( NAMED_UNIT ( * ) SI_UNIT ( $, .STERADIAN. ) SOLID_ANGLE_UNIT ( ) );
#2539 = ADVANCED_FACE ( 'NONE', ( #4263 ), #531, .T. ) ;
#2540 = EDGE_CURVE ( 'NONE', #4180, #475, #4307, .T. ) ;
#2541 = ORIENTED_EDGE ( 'NONE', *, *, #4246, .F. ) ;
#2542 = FILL_AREA_STYLE_COLOUR ( '', #4336 ) ;
#2543 = CARTESIAN_POINT ( 'NONE',  ( -2.850000000000000089, -2.850000000000000089, 3.149999999999999911 ) ) ;
#2544 =( NAMED_UNIT ( * ) SI_UNIT ( $, .STERADIAN. ) SOLID_ANGLE_UNIT ( ) );
#2545 = CARTESIAN_POINT ( 'NONE',  ( 0.0000000000000000000, 0.0000000000000000000, 0.0000000000000000000 ) ) ;
#2546 = CARTESIAN_POINT ( 'NONE',  ( 2.000000000000000000, -2.000000000000000000, 3.449999999999999734 ) ) ;
#2547 =( NAMED_UNIT ( * ) SI_UNIT ( $, .STERADIAN. ) SOLID_ANGLE_UNIT ( ) );
#2548 = VERTEX_POINT ( 'NONE', #184 ) ;
#2549 = PRESENTATION_LAYER_ASSIGNMENT (  '', '', ( #1868 ) ) ;
#2550 = CARTESIAN_POINT ( 'NONE',  ( 2.000000000000000000, 2.246627197996641900, 3.749999999999998224 ) ) ;
#2551 = CARTESIAN_POINT ( 'NONE',  ( -3.349999999999999645, -2.608218829166499830, 0.4000000000000000222 ) ) ;
#2552 = DIRECTION ( 'NONE',  ( 0.0000000000000000000, -0.0000000000000000000, 1.000000000000000000 ) ) ;
#2553 = ORIENTED_EDGE ( 'NONE', *, *, #3765, .F. ) ;
#2554 = FILL_AREA_STYLE_COLOUR ( '', #4873 ) ;
#2555 = CIRCLE ( 'NONE', #862, 0.1499999999999999667 ) ;
#2556 = CARTESIAN_POINT ( 'NONE',  ( -3.000000000000000000, 1.891781170833499948, 1.000000000000000000 ) ) ;
#2557 = SHAPE_DEFINITION_REPRESENTATION ( #3761, #1411 ) ;
#2558 = PLANE ( 'NONE',  #4210 ) ;
#2559 = CARTESIAN_POINT ( 'NONE',  ( 4.074999999999999289, 1.891781170833499948, 0.2999999999999999889 ) ) ;
#2560 = VECTOR ( 'NONE', #3190, 1000.000000000000000 ) ;
#2561 = ORIENTED_EDGE ( 'NONE', *, *, #1793, .F. ) ;
#2562 = CARTESIAN_POINT ( 'NONE',  ( 3.349999999999999201, -1.908218829166499875, 0.4000000000000000777 ) ) ;
#2563 = FILL_AREA_STYLE_COLOUR ( '', #3949 ) ;
#2564 = CARTESIAN_POINT ( 'NONE',  ( 3.649999999999999911, 2.591781170833500347, 1.300000000000000044 ) ) ;
#2565 = UNCERTAINTY_MEASURE_WITH_UNIT (LENGTH_MEASURE( 1.000000000000000082E-05 ), #266, 'distance_accuracy_value', 'NONE');
#2566 = SURFACE_STYLE_FILL_AREA ( #2512 ) ;
#2567 = ORIENTED_EDGE ( 'NONE', *, *, #882, .F. ) ;
#2568 = ADVANCED_FACE ( '6', ( #4237 ), #2192, .T. ) ;
#2569 = SURFACE_SIDE_STYLE ('',( #3357 ) ) ;
#2570 = EDGE_CURVE ( 'NONE', #2361, #1874, #3165, .T. ) ;
#2571 =( LENGTH_UNIT ( ) NAMED_UNIT ( * ) SI_UNIT ( .MILLI., .METRE. ) );
#2572 =( LENGTH_UNIT ( ) NAMED_UNIT ( * ) SI_UNIT ( .MILLI., .METRE. ) );
#2573 = UNCERTAINTY_MEASURE_WITH_UNIT (LENGTH_MEASURE( 1.000000000000000082E-05 ), #1091, 'distance_accuracy_value', 'NONE');
#2574 =( LENGTH_UNIT ( ) NAMED_UNIT ( * ) SI_UNIT ( .MILLI., .METRE. ) );
#2575 = COLOUR_RGB ( '',0.7529411764705882248, 0.7529411764705882248, 0.7529411764705882248 ) ;
#2576 = ORIENTED_EDGE ( 'NONE', *, *, #3116, .T. ) ;
#2577 = STYLED_ITEM ( 'NONE', ( #2522 ), #3669 ) ;
#2578 = EDGE_CURVE ( 'NONE', #5145, #2340, #2106, .T. ) ;
#2579 = CARTESIAN_POINT ( 'NONE',  ( -3.750000000000000000, 1.891781170833499948, 0.0000000000000000000 ) ) ;
#2580 = CARTESIAN_POINT ( 'NONE',  ( 1.000000000000000000, 0.0000000000000000000, 0.2999999999999999889 ) ) ;
#2581 = VECTOR ( 'NONE', #1300, 1000.000000000000000 ) ;
#2582 =( GEOMETRIC_REPRESENTATION_CONTEXT ( 3 ) GLOBAL_UNCERTAINTY_ASSIGNED_CONTEXT ( ( #4357 ) ) GLOBAL_UNIT_ASSIGNED_CONTEXT ( ( #4071, #4894, #4871 ) ) REPRESENTATION_CONTEXT ( 'NONE', 'WORKASPACE' ) );
#2583 = VERTEX_POINT ( 'NONE', #2758 ) ;
#2584 = COLOUR_RGB ( '',0.7921568627450980005, 0.8196078431372548767, 0.9333333333333333481 ) ;
#2585 = STYLED_ITEM ( 'NONE', ( #2879 ), #4849 ) ;
#2586 = DIRECTION ( 'NONE',  ( 0.0000000000000000000, 0.0000000000000000000, -1.000000000000000000 ) ) ;
#2587 = PLANE ( 'NONE',  #3714 ) ;
#2588 = SURFACE_SIDE_STYLE ('',( #5055 ) ) ;
#2589 = PRESENTATION_STYLE_ASSIGNMENT (( #1706 ) ) ;
#2590 = PRODUCT_DEFINITION_FORMATION_WITH_SPECIFIED_SOURCE ( 'ANY', '', #4954, .NOT_KNOWN. ) ;
#2591 = MECHANICAL_DESIGN_GEOMETRIC_PRESENTATION_REPRESENTATION (  '', ( #3336 ), #4445 ) ;
#2592 = ORIENTED_EDGE ( 'NONE', *, *, #2474, .F. ) ;
#2593 = SURFACE_SIDE_STYLE ('',( #153 ) ) ;
#2594 = CARTESIAN_POINT ( 'NONE',  ( 1.649999999999999911, 2.020667218593132755E-16, 4.299999999999999822 ) ) ;
#2595 = ORIENTED_EDGE ( 'NONE', *, *, #461, .F. ) ;
#2596 = DIRECTION ( 'NONE',  ( -0.0000000000000000000, 1.000000000000000000, 0.0000000000000000000 ) ) ;
#2597 = DIRECTION ( 'NONE',  ( 0.0000000000000000000, 0.0000000000000000000, 1.000000000000000000 ) ) ;
#2598 = CARTESIAN_POINT ( 'NONE',  ( -1.506745604006714867, 1.753372802003352993, 3.749999999999998224 ) ) ;
#2599 = SURFACE_STYLE_USAGE ( .BOTH. , #1006 ) ;
#2600 = EDGE_CURVE ( 'NONE', #2700, #261, #254, .T. ) ;
#2601 = VECTOR ( 'NONE', #4515, 1000.000000000000000 ) ;
#2602 = VERTEX_POINT ( 'NONE', #3580 ) ;
#2603 = EDGE_CURVE ( 'NONE', #1179, #3184, #3090, .T. ) ;
#2604 =( GEOMETRIC_REPRESENTATION_CONTEXT ( 3 ) GLOBAL_UNCERTAINTY_ASSIGNED_CONTEXT ( ( #663 ) ) GLOBAL_UNIT_ASSIGNED_CONTEXT ( ( #908, #1692, #2547 ) ) REPRESENTATION_CONTEXT ( 'NONE', 'WORKASPACE' ) );
#2605 = SURFACE_STYLE_USAGE ( .BOTH. , #3792 ) ;
#2606 = CARTESIAN_POINT ( 'NONE',  ( 3.750000000000002665, -1.137328243749749834, 0.3000000000000000444 ) ) ;
#2607 = CARTESIAN_POINT ( 'NONE',  ( 4.500000000000000000, -2.608218829166501163, 0.0000000000000000000 ) ) ;
#2608 = PRODUCT_DEFINITION_CONTEXT ( 'detailed design', #3912, 'design' ) ;
#2609 = EDGE_CURVE ( 'NONE', #437, #3175, #4225, .T. ) ;
#2610 = EDGE_LOOP ( 'NONE', ( #1425, #1280, #3609, #3115 ) ) ;
#2611 = ADVANCED_FACE ( 'NONE', ( #1875 ), #239, .T. ) ;
#2612 = FILL_AREA_STYLE ('',( #2554 ) ) ;
#2613 = CARTESIAN_POINT ( 'NONE',  ( -1.000000000000000222, -2.499999999999998668, 3.450000000000000622 ) ) ;
#2614 = VERTEX_POINT ( 'NONE', #3920 ) ;
#2615 = MECHANICAL_DESIGN_GEOMETRIC_PRESENTATION_REPRESENTATION (  '', ( #4222 ), #3710 ) ;
#2616 = COLOUR_RGB ( '',0.7529411764705882248, 0.7529411764705882248, 0.7529411764705882248 ) ;
#2617 = DIRECTION ( 'NONE',  ( 1.000000000000000000, 0.0000000000000000000, -0.0000000000000000000 ) ) ;
#2618 = DIRECTION ( 'NONE',  ( -0.0000000000000000000, -0.0000000000000000000, -1.000000000000000000 ) ) ;
#2619 = PRESENTATION_STYLE_ASSIGNMENT (( #154 ) ) ;
#2620 = MECHANICAL_DESIGN_GEOMETRIC_PRESENTATION_REPRESENTATION (  '', ( #3033 ), #4142 ) ;
#2621 = ORIENTED_EDGE ( 'NONE', *, *, #3926, .T. ) ;
#2622 = DIRECTION ( 'NONE',  ( -0.0000000000000000000, 0.0000000000000000000, 1.000000000000000000 ) ) ;
#2623 = CIRCLE ( 'NONE', #3648, 1.750000000000000000 ) ;
#2624 = DIRECTION ( 'NONE',  ( 0.0000000000000000000, 0.0000000000000000000, 1.000000000000000000 ) ) ;
#2625 = UNCERTAINTY_MEASURE_WITH_UNIT (LENGTH_MEASURE( 1.000000000000000082E-05 ), #2930, 'distance_accuracy_value', 'NONE');
#2626 = STYLED_ITEM ( 'NONE', ( #4664 ), #170 ) ;
#2627 = ORIENTED_EDGE ( 'NONE', *, *, #4947, .F. ) ;
#2628 = AXIS2_PLACEMENT_3D ( 'NONE', #105, #5058, #4605 ) ;
#2629 = CARTESIAN_POINT ( 'NONE',  ( 2.000000000000000000, -2.041742430504419392, 3.750000000000000000 ) ) ;
#2630 = SURFACE_SIDE_STYLE ('',( #2224 ) ) ;
#2631 = STYLED_ITEM ( 'NONE', ( #4394 ), #572 ) ;
#2632 = FILL_AREA_STYLE_COLOUR ( '', #4268 ) ;
#2633 = ORIENTED_EDGE ( 'NONE', *, *, #662, .F. ) ;
#2634 =( LENGTH_UNIT ( ) NAMED_UNIT ( * ) SI_UNIT ( .MILLI., .METRE. ) );
#2635 = CARTESIAN_POINT ( 'NONE',  ( -1.750000000000000000, 3.499999999999999112, 4.258578643762691129 ) ) ;
#2636 = ADVANCED_FACE ( 'NONE', ( #1105 ), #4340, .T. ) ;
#2637 = DIRECTION ( 'NONE',  ( 0.0000000000000000000, 0.0000000000000000000, -1.000000000000000000 ) ) ;
#2638 = FILL_AREA_STYLE_COLOUR ( '', #2302 ) ;
#2639 = CIRCLE ( 'NONE', #1873, 0.3999999999999999667 ) ;
#2640 = STYLED_ITEM ( 'NONE', ( #3970 ), #1321 ) ;
#2641 =( LENGTH_UNIT ( ) NAMED_UNIT ( * ) SI_UNIT ( .MILLI., .METRE. ) );
#2642 = CARTESIAN_POINT ( 'NONE',  ( 3.000000000000001332, 2.591781170833500347, 1.000000000000000000 ) ) ;
#2643 = PRESENTATION_STYLE_ASSIGNMENT (( #2213 ) ) ;
#2644 =( GEOMETRIC_REPRESENTATION_CONTEXT ( 3 ) GLOBAL_UNCERTAINTY_ASSIGNED_CONTEXT ( ( #2881 ) ) GLOBAL_UNIT_ASSIGNED_CONTEXT ( ( #2164, #3786, #3013 ) ) REPRESENTATION_CONTEXT ( 'NONE', 'WORKASPACE' ) );
#2645 = ORIENTED_EDGE ( 'NONE', *, *, #4748, .T. ) ;
#2646 = CIRCLE ( 'NONE', #2055, 0.09999999999999982514 ) ;
#2647 = SURFACE_STYLE_FILL_AREA ( #4213 ) ;
#2648 = CARTESIAN_POINT ( 'NONE',  ( -2.000000000000000444, 1.958257569495580164, 3.750000000000000000 ) ) ;
#2649 = CARTESIAN_POINT ( 'NONE',  ( -2.850000000000000089, -2.850000000000000089, 0.0000000000000000000 ) ) ;
#2650 = CIRCLE ( 'NONE', #3315, 0.5000000000000000000 ) ;
#2651 = ORIENTED_EDGE ( 'NONE', *, *, #3368, .T. ) ;
#2652 = CARTESIAN_POINT ( 'NONE',  ( 2.000000000000000000, 2.041742430504419836, 3.750000000000000000 ) ) ;
#2653 = FILL_AREA_STYLE_COLOUR ( '', #4715 ) ;
#2654 = VERTEX_POINT ( 'NONE', #2878 ) ;
#2655 = MECHANICAL_DESIGN_GEOMETRIC_PRESENTATION_REPRESENTATION (  '', ( #2323 ), #3237 ) ;
#2656 = PRESENTATION_LAYER_ASSIGNMENT (  '', '', ( #3502 ) ) ;
#2657 = DIRECTION ( 'NONE',  ( -1.000000000000000000, 4.336808689942025625E-15, 0.0000000000000000000 ) ) ;
#2658 = CARTESIAN_POINT ( 'NONE',  ( -1.649999999999999911, 3.299999999999999378, 4.299999999999999822 ) ) ;
#2659 = CARTESIAN_POINT ( 'NONE',  ( 2.000000000000000000, 1.958257569495580608, 3.750000000000000000 ) ) ;
#2660 = CONTEXT_DEPENDENT_SHAPE_REPRESENTATION ( #34, #2234 ) ;
#2661 =( NAMED_UNIT ( * ) PLANE_ANGLE_UNIT ( ) SI_UNIT ( $, .RADIAN. ) );
#2662 = EDGE_CURVE ( 'NONE', #1057, #4295, #35, .T. ) ;
#2663 = STYLED_ITEM ( 'NONE', ( #60 ), #4825 ) ;
#2664 =( NAMED_UNIT ( * ) PLANE_ANGLE_UNIT ( ) SI_UNIT ( $, .RADIAN. ) );
#2665 = VERTEX_POINT ( 'NONE', #1254 ) ;
#2666 = EDGE_CURVE ( 'NONE', #3144, #1880, #2031, .T. ) ;
#2667 = EDGE_LOOP ( 'NONE', ( #3070, #325, #5196, #3089, #4195, #2739 ) ) ;
#2668 =( NAMED_UNIT ( * ) SI_UNIT ( $, .STERADIAN. ) SOLID_ANGLE_UNIT ( ) );
#2669 = CARTESIAN_POINT ( 'NONE',  ( 0.0000000000000000000, 0.0000000000000000000, 3.750000000000000000 ) ) ;
#2670 = LINE ( 'NONE', #4286, #557 ) ;
#2671 = UNCERTAINTY_MEASURE_WITH_UNIT (LENGTH_MEASURE( 1.000000000000000082E-05 ), #2641, 'distance_accuracy_value', 'NONE');
#2672 = SHAPE_REPRESENTATION_RELATIONSHIP ( 'NONE' , 'NONE' ,  #655, #2702 ) ;
#2673 = ORIENTED_EDGE ( 'NONE', *, *, #2380, .F. ) ;
#2674 = LINE ( 'NONE', #4756, #4244 ) ;
#2675 = DIRECTION ( 'NONE',  ( 1.000000000000000000, -3.231085104332679983E-15, 0.0000000000000000000 ) ) ;
#2676 =( NAMED_UNIT ( * ) PLANE_ANGLE_UNIT ( ) SI_UNIT ( $, .RADIAN. ) );
#2677 = AXIS2_PLACEMENT_3D ( 'NONE', #2526, #1326, #1034 ) ;
#2678 =( NAMED_UNIT ( * ) PLANE_ANGLE_UNIT ( ) SI_UNIT ( $, .RADIAN. ) );
#2679 = PRESENTATION_STYLE_ASSIGNMENT (( #3446 ) ) ;
#2680 = ORIENTED_EDGE ( 'NONE', *, *, #1951, .F. ) ;
#2681 = CARTESIAN_POINT ( 'NONE',  ( 2.000000000000000000, -1.753372802003358544, 3.749999999999998224 ) ) ;
#2682 =( GEOMETRIC_REPRESENTATION_CONTEXT ( 3 ) GLOBAL_UNCERTAINTY_ASSIGNED_CONTEXT ( ( #1550 ) ) GLOBAL_UNIT_ASSIGNED_CONTEXT ( ( #4686, #1385, #957 ) ) REPRESENTATION_CONTEXT ( 'NONE', 'WORKASPACE' ) );
#2683 =( NAMED_UNIT ( * ) PLANE_ANGLE_UNIT ( ) SI_UNIT ( $, .RADIAN. ) );
#2684 = CARTESIAN_POINT ( 'NONE',  ( -3.649999999999999911, -1.908218829166499875, 0.0000000000000000000 ) ) ;
#2685 = DIRECTION ( 'NONE',  ( 1.000000000000000000, -0.0000000000000000000, 0.0000000000000000000 ) ) ;
#2686 = PLANE ( 'NONE',  #4768 ) ;
#2687 = SURFACE_STYLE_USAGE ( .BOTH. , #630 ) ;
#2688 = CARTESIAN_POINT ( 'NONE',  ( -3.750000000000000000, -2.608218829166499830, 0.4000000000000000222 ) ) ;
#2689 =( NAMED_UNIT ( * ) SI_UNIT ( $, .STERADIAN. ) SOLID_ANGLE_UNIT ( ) );
#2690 =( NAMED_UNIT ( * ) PLANE_ANGLE_UNIT ( ) SI_UNIT ( $, .RADIAN. ) );
#2691 = DIRECTION ( 'NONE',  ( 1.000000000000000000, -2.168404344971012812E-15, 0.0000000000000000000 ) ) ;
#2692 = EDGE_LOOP ( 'NONE', ( #3006, #3595, #2843, #1417 ) ) ;
#2693 =( LENGTH_UNIT ( ) NAMED_UNIT ( * ) SI_UNIT ( .MILLI., .METRE. ) );
#2694 = CARTESIAN_POINT ( 'NONE',  ( 3.749999999999995115, -2.608218829166499830, 0.4000000000000000222 ) ) ;
#2695 = DIRECTION ( 'NONE',  ( -1.000000000000000000, 3.231085104332679983E-15, -0.0000000000000000000 ) ) ;
#2696 = EDGE_CURVE ( 'NONE', #1966, #4180, #2081, .T. ) ;
#2697 = EDGE_CURVE ( 'NONE', #1297, #1852, #1774, .T. ) ;
#2698 = SHAPE_REPRESENTATION_RELATIONSHIP ( 'NONE' , 'NONE' ,  #3972, #5051 ) ;
#2699 = DIRECTION ( 'NONE',  ( 1.000000000000000000, 0.0000000000000000000, 0.0000000000000000000 ) ) ;
#2700 = VERTEX_POINT ( 'NONE', #2033 ) ;
#2701 = VECTOR ( 'NONE', #2117, 1000.000000000000000 ) ;
#2702 = ADVANCED_BREP_SHAPE_REPRESENTATION ( '', ( #3944, #1401 ), #1155 ) ;
#2703 = COLOUR_RGB ( '',0.0000000000000000000, 0.0000000000000000000, 0.0000000000000000000 ) ;
#2704 = SURFACE_SIDE_STYLE ('',( #5140 ) ) ;
#2705 =( NAMED_UNIT ( * ) SI_UNIT ( $, .STERADIAN. ) SOLID_ANGLE_UNIT ( ) );
#2706 = FACE_OUTER_BOUND ( 'NONE', #1553, .T. ) ;
#2707 = SURFACE_STYLE_FILL_AREA ( #703 ) ;
#2708 = PRODUCT_DEFINITION_CONTEXT ( 'detailed design', #637, 'design' ) ;
#2709 = MECHANICAL_DESIGN_GEOMETRIC_PRESENTATION_REPRESENTATION (  '', ( #937 ), #432 ) ;
#2710 = ORIENTED_EDGE ( 'NONE', *, *, #3203, .T. ) ;
#2711 = ORIENTED_EDGE ( 'NONE', *, *, #209, .T. ) ;
#2712 = PRESENTATION_LAYER_ASSIGNMENT (  '', '', ( #2197 ) ) ;
#2713 = CARTESIAN_POINT ( 'NONE',  ( 2.000000000000000000, -1.500000000000000000, 3.449999999999999734 ) ) ;
#2714 =( LENGTH_UNIT ( ) NAMED_UNIT ( * ) SI_UNIT ( .MILLI., .METRE. ) );
#2715 = SURFACE_SIDE_STYLE ('',( #2292 ) ) ;
#2716 = UNCERTAINTY_MEASURE_WITH_UNIT (LENGTH_MEASURE( 1.000000000000000082E-05 ), #1571, 'distance_accuracy_value', 'NONE');
#2717 =( LENGTH_UNIT ( ) NAMED_UNIT ( * ) SI_UNIT ( .MILLI., .METRE. ) );
#2718 = VECTOR ( 'NONE', #1414, 1000.000000000000000 ) ;
#2719 = PRESENTATION_LAYER_ASSIGNMENT (  '', '', ( #2041 ) ) ;
#2720 = CARTESIAN_POINT ( 'NONE',  ( -2.000000000000000444, 1.958257569495583716, 3.250000000000000000 ) ) ;
#2721 = LINE ( 'NONE', #717, #3736 ) ;
#2722 = UNCERTAINTY_MEASURE_WITH_UNIT (LENGTH_MEASURE( 1.000000000000000082E-05 ), #193, 'distance_accuracy_value', 'NONE');
#2723 =( NAMED_UNIT ( * ) SI_UNIT ( $, .STERADIAN. ) SOLID_ANGLE_UNIT ( ) );
#2724 =( LENGTH_UNIT ( ) NAMED_UNIT ( * ) SI_UNIT ( .MILLI., .METRE. ) );
#2725 = MECHANICAL_DESIGN_GEOMETRIC_PRESENTATION_REPRESENTATION (  '', ( #5015 ), #1699 ) ;
#2726 = ORIENTED_EDGE ( 'NONE', *, *, #1853, .F. ) ;
#2727 = DIRECTION ( 'NONE',  ( -0.0000000000000000000, 1.000000000000000000, -0.0000000000000000000 ) ) ;
#2728 =( NAMED_UNIT ( * ) SI_UNIT ( $, .STERADIAN. ) SOLID_ANGLE_UNIT ( ) );
#2729 = AXIS2_PLACEMENT_3D ( 'NONE', #3859, #3536, #3570 ) ;
#2730 = UNCERTAINTY_MEASURE_WITH_UNIT (LENGTH_MEASURE( 1.000000000000000082E-05 ), #4808, 'distance_accuracy_value', 'NONE');
#2731 = FILL_AREA_STYLE_COLOUR ( '', #1423 ) ;
#2732 = APPLICATION_CONTEXT ( 'automotive_design' ) ;
#2733 = ADVANCED_FACE ( 'NONE', ( #2410 ), #424, .F. ) ;
#2734 = ORIENTED_EDGE ( 'NONE', *, *, #3696, .F. ) ;
#2735 = EDGE_CURVE ( 'NONE', #1012, #2479, #1599, .T. ) ;
#2736 = SURFACE_STYLE_USAGE ( .BOTH. , #3494 ) ;
#2737 = LINE ( 'NONE', #4375, #4738 ) ;
#2738 = CARTESIAN_POINT ( 'NONE',  ( -3.750000000000000000, 1.120890585416750129, 0.4000000000000000222 ) ) ;
#2739 = ORIENTED_EDGE ( 'NONE', *, *, #4415, .F. ) ;
#2740 = EDGE_LOOP ( 'NONE', ( #1237, #2916, #2163, #4458 ) ) ;
#2741 = EDGE_CURVE ( 'NONE', #2340, #3531, #4523, .T. ) ;
#2742 = COLOUR_RGB ( '',0.7529411764705882248, 0.7529411764705882248, 0.7529411764705882248 ) ;
#2743 = CARTESIAN_POINT ( 'NONE',  ( 2.000000000000004885, -2.500000000000000444, 3.449999999999999734 ) ) ;
#2744 = CARTESIAN_POINT ( 'NONE',  ( -1.000000000000000000, 3.000000000000000444, 0.0000000000000000000 ) ) ;
#2745 = SURFACE_STYLE_FILL_AREA ( #710 ) ;
#2746 = SURFACE_STYLE_USAGE ( .BOTH. , #3079 ) ;
#2747 = CARTESIAN_POINT ( 'NONE',  ( 3.349999999999999201, 2.591781170833500347, 0.4000000000000000777 ) ) ;
#2748 = COLOUR_RGB ( '',0.0000000000000000000, 0.0000000000000000000, 0.0000000000000000000 ) ;
#2749 =( GEOMETRIC_REPRESENTATION_CONTEXT ( 3 ) GLOBAL_UNCERTAINTY_ASSIGNED_CONTEXT ( ( #1135 ) ) GLOBAL_UNIT_ASSIGNED_CONTEXT ( ( #4024, #392, #5218 ) ) REPRESENTATION_CONTEXT ( 'NONE', 'WORKASPACE' ) );
#2750 = SURFACE_STYLE_FILL_AREA ( #5013 ) ;
#2751 = FILL_AREA_STYLE ('',( #2352 ) ) ;
#2752 =( NAMED_UNIT ( * ) PLANE_ANGLE_UNIT ( ) SI_UNIT ( $, .RADIAN. ) );
#2753 =( GEOMETRIC_REPRESENTATION_CONTEXT ( 3 ) GLOBAL_UNCERTAINTY_ASSIGNED_CONTEXT ( ( #350 ) ) GLOBAL_UNIT_ASSIGNED_CONTEXT ( ( #1930, #5213, #2728 ) ) REPRESENTATION_CONTEXT ( 'NONE', 'WORKASPACE' ) );
#2754 = COLOUR_RGB ( '',0.7529411764705882248, 0.7529411764705882248, 0.7529411764705882248 ) ;
#2755 = ORIENTED_EDGE ( 'NONE', *, *, #2496, .F. ) ;
#2756 =( GEOMETRIC_REPRESENTATION_CONTEXT ( 3 ) GLOBAL_UNCERTAINTY_ASSIGNED_CONTEXT ( ( #3663 ) ) GLOBAL_UNIT_ASSIGNED_CONTEXT ( ( #4083, #3360, #2986 ) ) REPRESENTATION_CONTEXT ( 'NONE', 'WORKASPACE' ) );
#2757 = SURFACE_STYLE_USAGE ( .BOTH. , #2243 ) ;
#2758 = CARTESIAN_POINT ( 'NONE',  ( 1.649999999999999911, 1.212400331155879702E-16, 4.299999999999999822 ) ) ;
#2759 = PLANE ( 'NONE',  #463 ) ;
#2760 = CARTESIAN_POINT ( 'NONE',  ( -3.250000000000000000, -2.608218829166499830, 0.9000000000000000222 ) ) ;
#2761 = ORIENTED_EDGE ( 'NONE', *, *, #2505, .T. ) ;
#2762 = EDGE_LOOP ( 'NONE', ( #2541, #1161, #4755, #1564, #71, #1728, #4153, #2423 ) ) ;
#2763 = FILL_AREA_STYLE_COLOUR ( '', #3219 ) ;
#2764 = EDGE_CURVE ( 'NONE', #2097, #359, #5021, .T. ) ;
#2765 = FILL_AREA_STYLE_COLOUR ( '', #550 ) ;
#2766 = UNCERTAINTY_MEASURE_WITH_UNIT (LENGTH_MEASURE( 1.000000000000000082E-05 ), #2807, 'distance_accuracy_value', 'NONE');
#2767 = EDGE_CURVE ( 'NONE', #2923, #4819, #1761, .T. ) ;
#2768 = ORIENTED_EDGE ( 'NONE', *, *, #2859, .T. ) ;
#2769 = VERTEX_POINT ( 'NONE', #3837 ) ;
#2770 = DIRECTION ( 'NONE',  ( -1.000000000000000000, -0.0000000000000000000, 0.0000000000000000000 ) ) ;
#2771 = STYLED_ITEM ( 'NONE', ( #160 ), #5051 ) ;
#2772 = EDGE_CURVE ( 'NONE', #4466, #5095, #2284, .T. ) ;
#2773 = EDGE_CURVE ( 'NONE', #4041, #4609, #1789, .T. ) ;
#2774 = AXIS2_PLACEMENT_3D ( 'NONE', #1622, #3231, #2430 ) ;
#2775 = STYLED_ITEM ( 'NONE', ( #379 ), #4984 ) ;
#2776 = SURFACE_STYLE_FILL_AREA ( #3671 ) ;
#2777 = DIRECTION ( 'NONE',  ( -1.000000000000000000, 3.231085104332679983E-15, 0.0000000000000000000 ) ) ;
#2778 = PLANE ( 'NONE',  #103 ) ;
#2779 = UNCERTAINTY_MEASURE_WITH_UNIT (LENGTH_MEASURE( 1.000000000000000082E-05 ), #1723, 'distance_accuracy_value', 'NONE');
#2780 = DIRECTION ( 'NONE',  ( 0.0000000000000000000, 0.0000000000000000000, 1.000000000000000000 ) ) ;
#2781 = VERTEX_POINT ( 'NONE', #3380 ) ;
#2782 = CARTESIAN_POINT ( 'NONE',  ( -3.750000000000000000, 1.891781170833499948, 0.4000000000000000222 ) ) ;
#2783 = FILL_AREA_STYLE_COLOUR ( '', #1607 ) ;
#2784 = UNCERTAINTY_MEASURE_WITH_UNIT (LENGTH_MEASURE( 1.000000000000000082E-05 ), #719, 'distance_accuracy_value', 'NONE');
#2785 = VERTEX_POINT ( 'NONE', #2935 ) ;
#2786 = CARTESIAN_POINT ( 'NONE',  ( -3.500000000000000000, -2.608218829166499830, 1.000000000000000000 ) ) ;
#2787 = CARTESIAN_POINT ( 'NONE',  ( 2.000000000000000444, -2.499999999999999556, 3.449999999999999734 ) ) ;
#2788 = PRESENTATION_LAYER_ASSIGNMENT (  '', '', ( #2524 ) ) ;
#2789 = DIRECTION ( 'NONE',  ( -0.0000000000000000000, -0.0000000000000000000, -1.000000000000000000 ) ) ;
#2790 = CARTESIAN_POINT ( 'NONE',  ( -3.500000000000000000, 2.241781170833500259, 1.000000000000000000 ) ) ;
#2791 =( GEOMETRIC_REPRESENTATION_CONTEXT ( 3 ) GLOBAL_UNCERTAINTY_ASSIGNED_CONTEXT ( ( #2293 ) ) GLOBAL_UNIT_ASSIGNED_CONTEXT ( ( #147, #4547, #3831 ) ) REPRESENTATION_CONTEXT ( 'NONE', 'WORKASPACE' ) );
#2792 = EDGE_LOOP ( 'NONE', ( #2094, #1328, #1889, #1942 ) ) ;
#2793 = AXIS2_PLACEMENT_3D ( 'NONE', #2694, #2358, #263 ) ;
#2794 = VERTEX_POINT ( 'NONE', #606 ) ;
#2795 = DIRECTION ( 'NONE',  ( 0.0000000000000000000, 1.000000000000000000, 0.0000000000000000000 ) ) ;
#2796 = COLOUR_RGB ( '',0.0000000000000000000, 0.0000000000000000000, 0.0000000000000000000 ) ;
#2797 = CARTESIAN_POINT ( 'NONE',  ( -3.000000000000000000, 0.0000000000000000000, 3.149999999999999911 ) ) ;
#2798 = VECTOR ( 'NONE', #581, 1000.000000000000000 ) ;
#2799 = SURFACE_SIDE_STYLE ('',( #834 ) ) ;
#2800 = PRESENTATION_LAYER_ASSIGNMENT (  '', '', ( #3652 ) ) ;
#2801 = PRODUCT_DEFINITION ( 'UNKNOWN', '', #566, #1216 ) ;
#2802 = EDGE_CURVE ( 'NONE', #2214, #1052, #13, .T. ) ;
#2803 = CARTESIAN_POINT ( 'NONE',  ( 6.938893903907229955E-15, -0.01643765833298820034, 0.0000000000000000000 ) ) ;
#2804 =( LENGTH_UNIT ( ) NAMED_UNIT ( * ) SI_UNIT ( .MILLI., .METRE. ) );
#2805 =( LENGTH_UNIT ( ) NAMED_UNIT ( * ) SI_UNIT ( .MILLI., .METRE. ) );
#2806 = VECTOR ( 'NONE', #4927, 1000.000000000000000 ) ;
#2807 =( LENGTH_UNIT ( ) NAMED_UNIT ( * ) SI_UNIT ( .MILLI., .METRE. ) );
#2808 = ORIENTED_EDGE ( 'NONE', *, *, #4002, .T. ) ;
#2809 = SURFACE_STYLE_FILL_AREA ( #4107 ) ;
#2810 = DIRECTION ( 'NONE',  ( -3.231085104332679983E-15, -1.000000000000000000, 0.0000000000000000000 ) ) ;
#2811 = DIRECTION ( 'NONE',  ( 0.0000000000000000000, 0.0000000000000000000, 1.000000000000000000 ) ) ;
#2812 = CARTESIAN_POINT ( 'NONE',  ( -3.349999999999999645, -3.379109414583250093, 0.4000000000000000222 ) ) ;
#2813 = SURFACE_SIDE_STYLE ('',( #3636 ) ) ;
#2814 = CIRCLE ( 'NONE', #2124, 0.1499999999999999667 ) ;
#2815 = VERTEX_POINT ( 'NONE', #3431 ) ;
#2816 = SURFACE_STYLE_USAGE ( .BOTH. , #3704 ) ;
#2817 = SURFACE_SIDE_STYLE ('',( #3705 ) ) ;
#2818 = PRODUCT_DEFINITION_CONTEXT ( 'detailed design', #4354, 'design' ) ;
#2819 = PRESENTATION_LAYER_ASSIGNMENT (  '', '', ( #4422 ) ) ;
#2820 = EDGE_LOOP ( 'NONE', ( #910, #2062, #4289, #4093 ) ) ;
#2821 = EDGE_LOOP ( 'NONE', ( #2503, #3957, #145, #298 ) ) ;
#2822 = DIRECTION ( 'NONE',  ( 0.0000000000000000000, 0.0000000000000000000, 1.000000000000000000 ) ) ;
#2823 =( GEOMETRIC_REPRESENTATION_CONTEXT ( 3 ) GLOBAL_UNCERTAINTY_ASSIGNED_CONTEXT ( ( #394 ) ) GLOBAL_UNIT_ASSIGNED_CONTEXT ( ( #333, #4328, #1478 ) ) REPRESENTATION_CONTEXT ( 'NONE', 'WORKASPACE' ) );
#2824 =( BOUNDED_CURVE ( )  B_SPLINE_CURVE ( 3, ( #4192, #2890, #4944, #2494 ),
 .UNSPECIFIED., .F., .T. ) 
 B_SPLINE_CURVE_WITH_KNOTS ( ( 4, 4 ),
 ( 0.0000000000000000000, 1.000000000000000000 ),
 .UNSPECIFIED. ) 
 CURVE ( )  GEOMETRIC_REPRESENTATION_ITEM ( )  RATIONAL_B_SPLINE_CURVE ( ( 1.000000000000000000, 0.3333333333333299286, 0.3333333333333299286, 1.000000000000000000 ) ) 
 REPRESENTATION_ITEM ( '' )  );
#2825 = MECHANICAL_DESIGN_GEOMETRIC_PRESENTATION_REPRESENTATION (  '', ( #46 ), #198 ) ;
#2826 = EDGE_CURVE ( 'NONE', #437, #1204, #3007, .T. ) ;
#2827 = EDGE_CURVE ( 'NONE', #4519, #2112, #2962, .T. ) ;
#2828 = ORIENTED_EDGE ( 'NONE', *, *, #2315, .F. ) ;
#2829 = APPLICATION_CONTEXT ( 'automotive_design' ) ;
#2830 = AXIS2_PLACEMENT_3D ( 'NONE', #3098, #3445, #4294 ) ;
#2831 = DIRECTION ( 'NONE',  ( 0.0000000000000000000, 1.000000000000000000, 0.0000000000000000000 ) ) ;
#2832 = LINE ( 'NONE', #820, #220 ) ;
#2833 =( NAMED_UNIT ( * ) SI_UNIT ( $, .STERADIAN. ) SOLID_ANGLE_UNIT ( ) );
#2834 = SURFACE_STYLE_FILL_AREA ( #40 ) ;
#2835 =( GEOMETRIC_REPRESENTATION_CONTEXT ( 3 ) GLOBAL_UNCERTAINTY_ASSIGNED_CONTEXT ( ( #987 ) ) GLOBAL_UNIT_ASSIGNED_CONTEXT ( ( #3286, #4598, #915 ) ) REPRESENTATION_CONTEXT ( 'NONE', 'WORKASPACE' ) );
#2836 = EDGE_CURVE ( 'NONE', #1452, #728, #2623, .T. ) ;
#2837 = ORIENTED_EDGE ( 'NONE', *, *, #1951, .T. ) ;
#2838 = CARTESIAN_POINT ( 'NONE',  ( -1.000000000000000000, -3.000000000000000000, 0.2999999999999999889 ) ) ;
#2839 = AXIS2_PLACEMENT_3D ( 'NONE', #3690, #1724, #142 ) ;
#2840 =( LENGTH_UNIT ( ) NAMED_UNIT ( * ) SI_UNIT ( .MILLI., .METRE. ) );
#2841 = AXIS2_PLACEMENT_3D ( 'NONE', #4661, #1409, #2617 ) ;
#2842 = VERTEX_POINT ( 'NONE', #2182 ) ;
#2843 = ORIENTED_EDGE ( 'NONE', *, *, #2735, .T. ) ;
#2844 = PLANE ( 'NONE',  #2188 ) ;
#2845 = CYLINDRICAL_SURFACE ( 'NONE', #5115, 0.09999999999999982514 ) ;
#2846 =( LENGTH_UNIT ( ) NAMED_UNIT ( * ) SI_UNIT ( .MILLI., .METRE. ) );
#2847 = CARTESIAN_POINT ( 'NONE',  ( -1.916515138991161660, -1.958257569495580608, 3.750000000000000444 ) ) ;
#2848 = CARTESIAN_POINT ( 'NONE',  ( 0.0000000000000000000, 3.000000000000000000, 3.149999999999999911 ) ) ;
#2849 = SURFACE_STYLE_USAGE ( .BOTH. , #4877 ) ;
#2850 = SURFACE_STYLE_USAGE ( .BOTH. , #3211 ) ;
#2851 = AXIS2_PLACEMENT_3D ( 'NONE', #4536, #1640, #2489 ) ;
#2852 = ORIENTED_EDGE ( 'NONE', *, *, #2350, .T. ) ;
#2853 = DIRECTION ( 'NONE',  ( -3.231085104332679983E-15, -1.000000000000000000, 0.0000000000000000000 ) ) ;
#2854 = LINE ( 'NONE', #4524, #3854 ) ;
#2855 = LINE ( 'NONE', #4498, #1435 ) ;
#2856 = DIRECTION ( 'NONE',  ( 0.0000000000000000000, 0.0000000000000000000, 1.000000000000000000 ) ) ;
#2857 = ORIENTED_EDGE ( 'NONE', *, *, #403, .T. ) ;
#2858 = FACE_OUTER_BOUND ( 'NONE', #4010, .T. ) ;
#2859 = EDGE_CURVE ( 'NONE', #1012, #2043, #4995, .T. ) ;
#2860 = ADVANCED_FACE ( 'NONE', ( #4230 ), #3750, .T. ) ;
#2861 = LINE ( 'NONE', #3272, #4830 ) ;
#2862 = DIRECTION ( 'NONE',  ( 0.0000000000000000000, 1.000000000000000000, 0.0000000000000000000 ) ) ;
#2863 = EDGE_LOOP ( 'NONE', ( #1613, #1899, #3035, #3355 ) ) ;
#2864 = STYLED_ITEM ( 'NONE', ( #2075 ), #2958 ) ;
#2865 = LINE ( 'NONE', #2046, #4945 ) ;
#2866 = DIRECTION ( 'NONE',  ( -1.000000000000000000, 0.0000000000000000000, -0.0000000000000000000 ) ) ;
#2867 = SURFACE_SIDE_STYLE ('',( #4895 ) ) ;
#2868 = PRESENTATION_LAYER_ASSIGNMENT (  '', '', ( #4066 ) ) ;
#2869 = AXIS2_PLACEMENT_3D ( 'NONE', #880, #1696, #3308 ) ;
#2870 = STYLED_ITEM ( 'NONE', ( #4500 ), #70 ) ;
#2871 = VECTOR ( 'NONE', #2727, 1000.000000000000000 ) ;
#2872 = CARTESIAN_POINT ( 'NONE',  ( -1.163907813993779072, -1.581953906996889314, 3.637779991155306814 ) ) ;
#2873 = FILL_AREA_STYLE ('',( #3260 ) ) ;
#2874 = PRESENTATION_STYLE_ASSIGNMENT (( #1651 ) ) ;
#2875 = PRESENTATION_LAYER_ASSIGNMENT (  '', '', ( #2111 ) ) ;
#2876 = VERTEX_POINT ( 'NONE', #2562 ) ;
#2877 = VECTOR ( 'NONE', #1866, 1000.000000000000000 ) ;
#2878 = CARTESIAN_POINT ( 'NONE',  ( 3.749999999999998668, -1.908218829166500319, 0.0000000000000000000 ) ) ;
#2879 = PRESENTATION_STYLE_ASSIGNMENT (( #3727 ) ) ;
#2880 = DIRECTION ( 'NONE',  ( 0.0000000000000000000, 0.0000000000000000000, 1.000000000000000000 ) ) ;
#2881 = UNCERTAINTY_MEASURE_WITH_UNIT (LENGTH_MEASURE( 1.000000000000000082E-05 ), #2164, 'distance_accuracy_value', 'NONE');
#2882 = VECTOR ( 'NONE', #1308, 1000.000000000000000 ) ;
#2883 = ORIENTED_EDGE ( 'NONE', *, *, #1813, .F. ) ;
#2884 = CARTESIAN_POINT ( 'NONE',  ( 1.750000000000000000, 0.0000000000000000000, 4.200000000000000178 ) ) ;
#2885 = CARTESIAN_POINT ( 'NONE',  ( 3.750000000000000000, -0.01643765833298820034, 0.0000000000000000000 ) ) ;
#2886 = PRODUCT_RELATED_PRODUCT_CATEGORY ( 'part', '', ( #4954 ) ) ;
#2887 = VERTEX_POINT ( 'NONE', #2979 ) ;
#2888 = EDGE_CURVE ( 'NONE', #2043, #4052, #510, .T. ) ;
#2889 = MECHANICAL_DESIGN_GEOMETRIC_PRESENTATION_REPRESENTATION (  '', ( #2640 ), #2306 ) ;
#2890 = CARTESIAN_POINT ( 'NONE',  ( -2.083484861008840117, -2.041742430504420724, 3.749999999999999556 ) ) ;
#2891 = FILL_AREA_STYLE ('',( #2922 ) ) ;
#2892 = EDGE_LOOP ( 'NONE', ( #275, #1534, #5068, #4133 ) ) ;
#2893 = EDGE_CURVE ( 'NONE', #4466, #501, #4770, .T. ) ;
#2894 = STYLED_ITEM ( 'NONE', ( #4452 ), #1588 ) ;
#2895 = FACE_OUTER_BOUND ( 'NONE', #4275, .T. ) ;
#2896 = CARTESIAN_POINT ( 'NONE',  ( -3.349999999999999645, -1.908218829166499875, 0.4000000000000000222 ) ) ;
#2897 = CARTESIAN_POINT ( 'NONE',  ( 0.0000000000000000000, 0.0000000000000000000, 0.0000000000000000000 ) ) ;
#2898 = SHAPE_DEFINITION_REPRESENTATION ( #2151, #3972 ) ;
#2899 = PLANE ( 'NONE',  #2774 ) ;
#2900 = DIRECTION ( 'NONE',  ( -1.000000000000000000, -0.0000000000000000000, 0.0000000000000000000 ) ) ;
#2901 = CARTESIAN_POINT ( 'NONE',  ( 3.350000000000001421, -1.908218829166499875, 0.9000000000000000222 ) ) ;
#2902 = MECHANICAL_DESIGN_GEOMETRIC_PRESENTATION_REPRESENTATION (  '', ( #1886 ), #3919 ) ;
#2903 = COLOUR_RGB ( '',0.0000000000000000000, 0.0000000000000000000, 0.0000000000000000000 ) ;
#2904 = ORIENTED_EDGE ( 'NONE', *, *, #2385, .F. ) ;
#2905 = DIRECTION ( 'NONE',  ( 0.0000000000000000000, 1.000000000000000000, 0.0000000000000000000 ) ) ;
#2906 = CARTESIAN_POINT ( 'NONE',  ( 3.649999999999999023, -2.608218829166499386, 0.9000000000000000222 ) ) ;
#2907 = CARTESIAN_POINT ( 'NONE',  ( 3.000000000000000000, -2.850000000000000089, 3.149999999999999911 ) ) ;
#2908 = SURFACE_STYLE_USAGE ( .BOTH. , #4132 ) ;
#2909 = ORIENTED_EDGE ( 'NONE', *, *, #400, .T. ) ;
#2910 =( NAMED_UNIT ( * ) SI_UNIT ( $, .STERADIAN. ) SOLID_ANGLE_UNIT ( ) );
#2911 =( NAMED_UNIT ( * ) PLANE_ANGLE_UNIT ( ) SI_UNIT ( $, .RADIAN. ) );
#2912 = CARTESIAN_POINT ( 'NONE',  ( -1.750000000000000000, 2.143131898507868297E-16, 3.449999999999999734 ) ) ;
#2913 =( GEOMETRIC_REPRESENTATION_CONTEXT ( 3 ) GLOBAL_UNCERTAINTY_ASSIGNED_CONTEXT ( ( #2413 ) ) GLOBAL_UNIT_ASSIGNED_CONTEXT ( ( #2193, #5066, #613 ) ) REPRESENTATION_CONTEXT ( 'NONE', 'WORKASPACE' ) );
#2914 = PRESENTATION_LAYER_ASSIGNMENT (  '', '', ( #4521 ) ) ;
#2915 = CARTESIAN_POINT ( 'NONE',  ( 3.749999999999997335, 1.891781170833500392, 0.0000000000000000000 ) ) ;
#2916 = ORIENTED_EDGE ( 'NONE', *, *, #2240, .F. ) ;
#2917 = CIRCLE ( 'NONE', #642, 0.09999999999999982514 ) ;
#2918 = AXIS2_PLACEMENT_3D ( 'NONE', #5093, #3824, #1449 ) ;
#2919 = FACE_OUTER_BOUND ( 'NONE', #2285, .T. ) ;
#2920 = LINE ( 'NONE', #1754, #890 ) ;
#2921 = ADVANCED_FACE ( 'NONE', ( #5129 ), #4334, .T. ) ;
#2922 = FILL_AREA_STYLE_COLOUR ( '', #2903 ) ;
#2923 = VERTEX_POINT ( 'NONE', #3574 ) ;
#2924 = PRODUCT_DEFINITION_FORMATION_WITH_SPECIFIED_SOURCE ( 'ANY', '', #3856, .NOT_KNOWN. ) ;
#2925 = CARTESIAN_POINT ( 'NONE',  ( -2.000000000000000000, 2.418046093003111352, 3.637779991155306369 ) ) ;
#2926 = EDGE_CURVE ( 'NONE', #3984, #2137, #4145, .T. ) ;
#2927 = ADVANCED_FACE ( 'NONE', ( #3453 ), #1462, .T. ) ;
#2928 = PLANE ( 'NONE',  #4189 ) ;
#2929 = ITEM_DEFINED_TRANSFORMATION ( 'NONE', 'NONE', #4114,  #1401 ) ;
#2930 =( LENGTH_UNIT ( ) NAMED_UNIT ( * ) SI_UNIT ( .MILLI., .METRE. ) );
#2931 = CARTESIAN_POINT ( 'NONE',  ( 0.0000000000000000000, 0.0000000000000000000, 0.2999999999999999889 ) ) ;
#2932 = FACE_OUTER_BOUND ( 'NONE', #447, .T. ) ;
#2933 = ORIENTED_EDGE ( 'NONE', *, *, #953, .T. ) ;
#2934 = FILL_AREA_STYLE ('',( #650 ) ) ;
#2935 = CARTESIAN_POINT ( 'NONE',  ( 2.000000000000000000, 2.500000000000000000, 3.449999999999999734 ) ) ;
#2936 = DIRECTION ( 'NONE',  ( 1.000000000000000000, 0.0000000000000000000, -0.0000000000000000000 ) ) ;
#2937 = CARTESIAN_POINT ( 'NONE',  ( 4.074999999999999289, -2.608218829166499830, 0.0000000000000000000 ) ) ;
#2938 = UNCERTAINTY_MEASURE_WITH_UNIT (LENGTH_MEASURE( 1.000000000000000082E-05 ), #4608, 'distance_accuracy_value', 'NONE');
#2939 = ORIENTED_EDGE ( 'NONE', *, *, #4714, .T. ) ;
#2940 = LINE ( 'NONE', #2139, #1364 ) ;
#2941 = LINE ( 'NONE', #455, #1979 ) ;
#2942 =( LENGTH_UNIT ( ) NAMED_UNIT ( * ) SI_UNIT ( .MILLI., .METRE. ) );
#2943 = UNCERTAINTY_MEASURE_WITH_UNIT (LENGTH_MEASURE( 1.000000000000000082E-05 ), #2507, 'distance_accuracy_value', 'NONE');
#2944 = FILL_AREA_STYLE ('',( #2093 ) ) ;
#2945 = EDGE_LOOP ( 'NONE', ( #3099, #4089, #2275, #4909 ) ) ;
#2946 = CARTESIAN_POINT ( 'NONE',  ( -3.649999999999999911, 2.241781170833500259, 0.3999999999999999667 ) ) ;
#2947 = ORIENTED_EDGE ( 'NONE', *, *, #4482, .T. ) ;
#2948 = CARTESIAN_POINT ( 'NONE',  ( -2.000000000000000444, 1.753372802003357878, 3.749999999999998224 ) ) ;
#2949 = CARTESIAN_POINT ( 'NONE',  ( -3.000000000000000000, -2.608218829166499830, 1.000000000000000000 ) ) ;
#2950 = SURFACE_SIDE_STYLE ('',( #1324 ) ) ;
#2951 = APPLICATION_PROTOCOL_DEFINITION ( 'draft international standard', 'automotive_design', 1998, #3651 ) ;
#2952 = FILL_AREA_STYLE ('',( #2653 ) ) ;
#2953 = PRESENTATION_STYLE_ASSIGNMENT (( #1705 ) ) ;
#2954 =( NAMED_UNIT ( * ) PLANE_ANGLE_UNIT ( ) SI_UNIT ( $, .RADIAN. ) );
#2955 = EDGE_CURVE ( 'NONE', #2043, #1012, #319, .T. ) ;
#2956 = EDGE_LOOP ( 'NONE', ( #1499, #1913, #4837, #4084 ) ) ;
#2957 = VECTOR ( 'NONE', #507, 1000.000000000000000 ) ;
#2958 = ADVANCED_FACE ( '2', ( #4256 ), #4281, .T. ) ;
#2959 = STYLED_ITEM ( 'NONE', ( #1636 ), #2439 ) ;
#2960 = DIRECTION ( 'NONE',  ( -0.0000000000000000000, -0.0000000000000000000, -1.000000000000000000 ) ) ;
#2961 = AXIS2_PLACEMENT_3D ( 'NONE', #4861, #4425, #2856 ) ;
#2962 = CIRCLE ( 'NONE', #2628, 0.1499999999999999667 ) ;
#2963 = ORIENTED_EDGE ( 'NONE', *, *, #5100, .T. ) ;
#2964 = ADVANCED_FACE ( 'NONE', ( #2429 ), #1574, .T. ) ;
#2965 = AXIS2_PLACEMENT_3D ( 'NONE', #4305, #4712, #2691 ) ;
#2966 = DIRECTION ( 'NONE',  ( 1.000000000000000000, 0.0000000000000000000, 0.0000000000000000000 ) ) ;
#2967 = SURFACE_STYLE_USAGE ( .BOTH. , #3068 ) ;
#2968 = CARTESIAN_POINT ( 'NONE',  ( 0.0000000000000000000, 0.0000000000000000000, 0.0000000000000000000 ) ) ;
#2969 = MECHANICAL_DESIGN_GEOMETRIC_PRESENTATION_REPRESENTATION (  '', ( #1515 ), #4923 ) ;
#2970 = ORIENTED_EDGE ( 'NONE', *, *, #1017, .F. ) ;
#2971 = DIRECTION ( 'NONE',  ( -0.0000000000000000000, -0.0000000000000000000, -1.000000000000000000 ) ) ;
#2972 = CARTESIAN_POINT ( 'NONE',  ( -2.083484861008839673, 2.041742430504420280, 3.750000000000000444 ) ) ;
#2973 = AXIS2_PLACEMENT_3D ( 'NONE', #1447, #1139, #3898 ) ;
#2974 = CARTESIAN_POINT ( 'NONE',  ( 3.000000000000000000, 0.0000000000000000000, 0.0000000000000000000 ) ) ;
#2975 = CARTESIAN_POINT ( 'NONE',  ( -3.649999999999999911, 2.591781170833500347, 0.3999999999999999667 ) ) ;
#2976 = LINE ( 'NONE', #4601, #857 ) ;
#2977 = ORIENTED_EDGE ( 'NONE', *, *, #922, .T. ) ;
#2978 = EDGE_CURVE ( 'NONE', #1641, #3791, #2053, .T. ) ;
#2979 = CARTESIAN_POINT ( 'NONE',  ( -3.000000000000000444, 2.591781170833500347, 1.300000000000000044 ) ) ;
#2980 = CIRCLE ( 'NONE', #1125, 0.4000000000000000222 ) ;
#2981 = UNCERTAINTY_MEASURE_WITH_UNIT (LENGTH_MEASURE( 1.000000000000000082E-05 ), #2846, 'distance_accuracy_value', 'NONE');
#2982 = ADVANCED_FACE ( '9', ( #1199 ), #1648, .T. ) ;
#2983 = CARTESIAN_POINT ( 'NONE',  ( -3.649999999999999911, 2.241781170833500259, 0.1499999999999999944 ) ) ;
#2984 = ORIENTED_EDGE ( 'NONE', *, *, #498, .T. ) ;
#2985 = CARTESIAN_POINT ( 'NONE',  ( 3.250000000000000000, -2.258218829166500186, 1.300000000000000044 ) ) ;
#2986 =( NAMED_UNIT ( * ) SI_UNIT ( $, .STERADIAN. ) SOLID_ANGLE_UNIT ( ) );
#2987 = UNCERTAINTY_MEASURE_WITH_UNIT (LENGTH_MEASURE( 1.000000000000000082E-05 ), #272, 'distance_accuracy_value', 'NONE');
#2988 = EDGE_CURVE ( 'NONE', #1204, #33, #2023, .T. ) ;
#2989 =( LENGTH_UNIT ( ) NAMED_UNIT ( * ) SI_UNIT ( .MILLI., .METRE. ) );
#2990 = MECHANICAL_DESIGN_GEOMETRIC_PRESENTATION_REPRESENTATION (  '', ( #305 ), #981 ) ;
#2991 = ORIENTED_EDGE ( 'NONE', *, *, #953, .F. ) ;
#2992 = AXIS2_PLACEMENT_3D ( 'NONE', #4585, #1240, #4559 ) ;
#2993 =( REPRESENTATION_RELATIONSHIP ('NONE','NONE', #251, #1411 ) REPRESENTATION_RELATIONSHIP_WITH_TRANSFORMATION ( #4102 )SHAPE_REPRESENTATION_RELATIONSHIP( ) );
#2994 =( GEOMETRIC_REPRESENTATION_CONTEXT ( 3 ) GLOBAL_UNCERTAINTY_ASSIGNED_CONTEXT ( ( #3994 ) ) GLOBAL_UNIT_ASSIGNED_CONTEXT ( ( #3560, #1670, #994 ) ) REPRESENTATION_CONTEXT ( 'NONE', 'WORKASPACE' ) );
#2995 = CARTESIAN_POINT ( 'NONE',  ( 3.350000000000000089, -2.258218829166500186, 0.0000000000000000000 ) ) ;
#2996 =( GEOMETRIC_REPRESENTATION_CONTEXT ( 3 ) GLOBAL_UNCERTAINTY_ASSIGNED_CONTEXT ( ( #1394 ) ) GLOBAL_UNIT_ASSIGNED_CONTEXT ( ( #1366, #341, #157 ) ) REPRESENTATION_CONTEXT ( 'NONE', 'WORKASPACE' ) );
#2997 = PRESENTATION_LAYER_ASSIGNMENT (  '', '', ( #4271 ) ) ;
#2998 = VERTEX_POINT ( 'NONE', #601 ) ;
#2999 = PRODUCT ( '2', '2', '', ( #1782 ) ) ;
#3000 = CARTESIAN_POINT ( 'NONE',  ( 2.000000000000000000, -1.499999999999999556, 3.449999999999999734 ) ) ;
#3001 = AXIS2_PLACEMENT_3D ( 'NONE', #4031, #397, #1603 ) ;
#3002 = CARTESIAN_POINT ( 'NONE',  ( 0.0000000000000000000, 3.000000000000000000, 0.2999999999999999889 ) ) ;
#3003 = APPLICATION_PROTOCOL_DEFINITION ( 'draft international standard', 'automotive_design', 1998, #2462 ) ;
#3004 =( NAMED_UNIT ( * ) PLANE_ANGLE_UNIT ( ) SI_UNIT ( $, .RADIAN. ) );
#3005 =( GEOMETRIC_REPRESENTATION_CONTEXT ( 3 ) GLOBAL_UNCERTAINTY_ASSIGNED_CONTEXT ( ( #804 ) ) GLOBAL_UNIT_ASSIGNED_CONTEXT ( ( #2571, #1824, #1367 ) ) REPRESENTATION_CONTEXT ( 'NONE', 'WORKASPACE' ) );
#3006 = ORIENTED_EDGE ( 'NONE', *, *, #2888, .F. ) ;
#3007 = LINE ( 'NONE', #128, #2798 ) ;
#3008 = COLOUR_RGB ( '',0.7529411764705882248, 0.7529411764705882248, 0.7529411764705882248 ) ;
#3009 =( LENGTH_UNIT ( ) NAMED_UNIT ( * ) SI_UNIT ( .MILLI., .METRE. ) );
#3010 = SURFACE_STYLE_FILL_AREA ( #4663 ) ;
#3011 = CARTESIAN_POINT ( 'NONE',  ( -1.708578643762690641, -4.184810734351008788E-16, 4.299999999999999822 ) ) ;
#3012 = VERTEX_POINT ( 'NONE', #2975 ) ;
#3013 =( NAMED_UNIT ( * ) SI_UNIT ( $, .STERADIAN. ) SOLID_ANGLE_UNIT ( ) );
#3014 =( NAMED_UNIT ( * ) SI_UNIT ( $, .STERADIAN. ) SOLID_ANGLE_UNIT ( ) );
#3015 = CARTESIAN_POINT ( 'NONE',  ( -2.000000000000000000, -2.041742430504419392, 3.750000000000000000 ) ) ;
#3016 = SHAPE_DEFINITION_REPRESENTATION ( #90, #352 ) ;
#3017 = SURFACE_STYLE_FILL_AREA ( #1342 ) ;
#3018 =( NAMED_UNIT ( * ) SI_UNIT ( $, .STERADIAN. ) SOLID_ANGLE_UNIT ( ) );
#3019 = VERTEX_POINT ( 'NONE', #3313 ) ;
#3020 = MECHANICAL_DESIGN_GEOMETRIC_PRESENTATION_REPRESENTATION (  '', ( #901 ), #3613 ) ;
#3021 = EDGE_CURVE ( 'NONE', #1585, #2583, #4137, .T. ) ;
#3022 =( LENGTH_UNIT ( ) NAMED_UNIT ( * ) SI_UNIT ( .MILLI., .METRE. ) );
#3023 = ORIENTED_EDGE ( 'NONE', *, *, #500, .F. ) ;
#3024 = FILL_AREA_STYLE ('',( #3828 ) ) ;
#3025 = CARTESIAN_POINT ( 'NONE',  ( -1.649999999999999911, -8.082668874372519433E-17, 4.299999999999999822 ) ) ;
#3026 = DIRECTION ( 'NONE',  ( 0.0000000000000000000, 0.0000000000000000000, 1.000000000000000000 ) ) ;
#3027 = FILL_AREA_STYLE ('',( #2638 ) ) ;
#3028 = DIRECTION ( 'NONE',  ( -0.0000000000000000000, -1.000000000000000000, 0.0000000000000000000 ) ) ;
#3029 = AXIS2_PLACEMENT_3D ( 'NONE', #3925, #2334, #4783 ) ;
#3030 = FILL_AREA_STYLE ('',( #1408 ) ) ;
#3031 = SURFACE_STYLE_FILL_AREA ( #980 ) ;
#3032 = PRODUCT_CONTEXT ( 'NONE', #2252, 'mechanical' ) ;
#3033 = STYLED_ITEM ( 'NONE', ( #740 ), #3108 ) ;
#3034 = VECTOR ( 'NONE', #4162, 1000.000000000000000 ) ;
#3035 = ORIENTED_EDGE ( 'NONE', *, *, #5185, .F. ) ;
#3036 =( NAMED_UNIT ( * ) PLANE_ANGLE_UNIT ( ) SI_UNIT ( $, .RADIAN. ) );
#3037 = CARTESIAN_POINT ( 'NONE',  ( 3.250000000000001332, 2.591781170833501236, 0.9000000000000000222 ) ) ;
#3038 = CARTESIAN_POINT ( 'NONE',  ( -3.000000000000000000, -2.850000000000000089, 0.0000000000000000000 ) ) ;
#3039 = PRODUCT_CONTEXT ( 'NONE', #1638, 'mechanical' ) ;
#3040 = PRESENTATION_STYLE_ASSIGNMENT (( #2166 ) ) ;
#3041 = UNCERTAINTY_MEASURE_WITH_UNIT (LENGTH_MEASURE( 1.000000000000000082E-05 ), #2480, 'distance_accuracy_value', 'NONE');
#3042 =( NAMED_UNIT ( * ) SI_UNIT ( $, .STERADIAN. ) SOLID_ANGLE_UNIT ( ) );
#3043 = SURFACE_STYLE_USAGE ( .BOTH. , #5188 ) ;
#3044 = MECHANICAL_DESIGN_GEOMETRIC_PRESENTATION_REPRESENTATION (  '', ( #1601 ), #3895 ) ;
#3045 = EDGE_LOOP ( 'NONE', ( #318, #2408 ) ) ;
#3046 = CARTESIAN_POINT ( 'NONE',  ( 2.850000000000000089, -3.000000000000000000, 3.149999999999999911 ) ) ;
#3047 =( NAMED_UNIT ( * ) PLANE_ANGLE_UNIT ( ) SI_UNIT ( $, .RADIAN. ) );
#3048 = CARTESIAN_POINT ( 'NONE',  ( 3.500000000000000000, 2.591781170833500347, 1.000000000000000000 ) ) ;
#3049 = ADVANCED_FACE ( '2', ( #2176 ), #121, .T. ) ;
#3050 = ORIENTED_EDGE ( 'NONE', *, *, #3929, .T. ) ;
#3051 = MECHANICAL_DESIGN_GEOMETRIC_PRESENTATION_REPRESENTATION (  '', ( #1110 ), #26 ) ;
#3052 = CARTESIAN_POINT ( 'NONE',  ( 1.916515138991158329, -2.041742430504420280, 3.749999999999999556 ) ) ;
#3053 = SURFACE_STYLE_FILL_AREA ( #1430 ) ;
#3054 =( NAMED_UNIT ( * ) PLANE_ANGLE_UNIT ( ) SI_UNIT ( $, .RADIAN. ) );
#3055 = SURFACE_SIDE_STYLE ('',( #3883 ) ) ;
#3056 = FILL_AREA_STYLE ('',( #229 ) ) ;
#3057 = AXIS2_PLACEMENT_3D ( 'NONE', #685, #343, #3485 ) ;
#3058 = ADVANCED_FACE ( 'NONE', ( #3288 ), #2587, .T. ) ;
#3059 =( LENGTH_UNIT ( ) NAMED_UNIT ( * ) SI_UNIT ( .MILLI., .METRE. ) );
#3060 = STYLED_ITEM ( 'NONE', ( #4320 ), #1584 ) ;
#3061 = FACE_OUTER_BOUND ( 'NONE', #4184, .T. ) ;
#3062 = CARTESIAN_POINT ( 'NONE',  ( 0.0000000000000000000, 0.0000000000000000000, 3.750000000000000000 ) ) ;
#3063 = SURFACE_STYLE_USAGE ( .BOTH. , #4985 ) ;
#3064 = CARTESIAN_POINT ( 'NONE',  ( 3.649999999999999911, 2.241781170833500259, 0.1499999999999999944 ) ) ;
#3065 = ORIENTED_EDGE ( 'NONE', *, *, #1360, .F. ) ;
#3066 = SURFACE_STYLE_FILL_AREA ( #1440 ) ;
#3067 = PRESENTATION_LAYER_ASSIGNMENT (  '', '', ( #3594 ) ) ;
#3068 = SURFACE_SIDE_STYLE ('',( #3017 ) ) ;
#3069 =( LENGTH_UNIT ( ) NAMED_UNIT ( * ) SI_UNIT ( .MILLI., .METRE. ) );
#3070 = ORIENTED_EDGE ( 'NONE', *, *, #2080, .T. ) ;
#3071 = DIRECTION ( 'NONE',  ( 1.000000000000000000, 0.0000000000000000000, -0.0000000000000000000 ) ) ;
#3072 = AXIS2_PLACEMENT_3D ( 'NONE', #1801, #3529, #4219 ) ;
#3073 =( NAMED_UNIT ( * ) PLANE_ANGLE_UNIT ( ) SI_UNIT ( $, .RADIAN. ) );
#3074 = EDGE_LOOP ( 'NONE', ( #3304, #4760, #3409, #1159 ) ) ;
#3075 =( GEOMETRIC_REPRESENTATION_CONTEXT ( 3 ) GLOBAL_UNCERTAINTY_ASSIGNED_CONTEXT ( ( #4423 ) ) GLOBAL_UNIT_ASSIGNED_CONTEXT ( ( #850, #3301, #3273 ) ) REPRESENTATION_CONTEXT ( 'NONE', 'WORKASPACE' ) );
#3076 = CIRCLE ( 'NONE', #3418, 0.1000000000000000472 ) ;
#3077 = CARTESIAN_POINT ( 'NONE',  ( 3.649999999999999023, -2.608218829166499386, 0.3999999999999999667 ) ) ;
#3078 = CARTESIAN_POINT ( 'NONE',  ( -3.000000000000000000, -2.258218829166500186, 1.000000000000000000 ) ) ;
#3079 = SURFACE_SIDE_STYLE ('',( #3937 ) ) ;
#3080 = MECHANICAL_DESIGN_GEOMETRIC_PRESENTATION_REPRESENTATION (  '', ( #3327 ), #2749 ) ;
#3081 = CARTESIAN_POINT ( 'NONE',  ( 3.749999999999997335, -1.908218829166501207, 0.4000000000000000222 ) ) ;
#3082 = CIRCLE ( 'NONE', #2839, 0.5000000000000000000 ) ;
#3083 = CARTESIAN_POINT ( 'NONE',  ( 2.083484861008838784, -1.958257569495579942, 3.750000000000000000 ) ) ;
#3084 = ADVANCED_FACE ( 'NONE', ( #575 ), #173, .F. ) ;
#3085 =( NAMED_UNIT ( * ) SI_UNIT ( $, .STERADIAN. ) SOLID_ANGLE_UNIT ( ) );
#3086 =( NAMED_UNIT ( * ) SI_UNIT ( $, .STERADIAN. ) SOLID_ANGLE_UNIT ( ) );
#3087 =( LENGTH_UNIT ( ) NAMED_UNIT ( * ) SI_UNIT ( .MILLI., .METRE. ) );
#3088 =( LENGTH_UNIT ( ) NAMED_UNIT ( * ) SI_UNIT ( .MILLI., .METRE. ) );
#3089 = ORIENTED_EDGE ( 'NONE', *, *, #3234, .F. ) ;
#3090 = LINE ( 'NONE', #1132, #2871 ) ;
#3091 = DIRECTION ( 'NONE',  ( 0.0000000000000000000, 0.0000000000000000000, 1.000000000000000000 ) ) ;
#3092 = UNCERTAINTY_MEASURE_WITH_UNIT (LENGTH_MEASURE( 1.000000000000000082E-05 ), #2574, 'distance_accuracy_value', 'NONE');
#3093 = CARTESIAN_POINT ( 'NONE',  ( -3.750000000000000000, 2.591781170833500347, 0.4000000000000000222 ) ) ;
#3094 = APPLICATION_CONTEXT ( 'automotive_design' ) ;
#3095 = ORIENTED_EDGE ( 'NONE', *, *, #965, .F. ) ;
#3096 = FILL_AREA_STYLE ('',( #2763 ) ) ;
#3097 = CARTESIAN_POINT ( 'NONE',  ( 3.749999999999996447, 1.891781170833500392, 0.3000000000000000444 ) ) ;
#3098 = CARTESIAN_POINT ( 'NONE',  ( 0.0000000000000000000, -4.500000000000000000, 0.0000000000000000000 ) ) ;
#3099 = ORIENTED_EDGE ( 'NONE', *, *, #4130, .F. ) ;
#3100 = VERTEX_POINT ( 'NONE', #1405 ) ;
#3101 = DIRECTION ( 'NONE',  ( -0.0000000000000000000, -0.0000000000000000000, -1.000000000000000000 ) ) ;
#3102 = FILL_AREA_STYLE_COLOUR ( '', #2742 ) ;
#3103 = DIRECTION ( 'NONE',  ( 1.000000000000000000, 0.0000000000000000000, 0.0000000000000000000 ) ) ;
#3104 = LINE ( 'NONE', #2295, #2877 ) ;
#3105 = SURFACE_SIDE_STYLE ('',( #5175 ) ) ;
#3106 = EDGE_CURVE ( 'NONE', #4120, #2785, #2530, .T. ) ;
#3107 = FILL_AREA_STYLE ('',( #3435 ) ) ;
#3108 = ADVANCED_FACE ( '2', ( #1015 ), #1041, .T. ) ;
#3109 = ORIENTED_EDGE ( 'NONE', *, *, #826, .F. ) ;
#3110 = PRESENTATION_LAYER_ASSIGNMENT (  '', '', ( #4907 ) ) ;
#3111 = CARTESIAN_POINT ( 'NONE',  ( -2.000000000000000000, -1.958257569495580608, 3.750000000000000000 ) ) ;
#3112 =( NAMED_UNIT ( * ) PLANE_ANGLE_UNIT ( ) SI_UNIT ( $, .RADIAN. ) );
#3113 = FILL_AREA_STYLE_COLOUR ( '', #5040 ) ;
#3114 =( LENGTH_UNIT ( ) NAMED_UNIT ( * ) SI_UNIT ( .MILLI., .METRE. ) );
#3115 = ORIENTED_EDGE ( 'NONE', *, *, #2662, .T. ) ;
#3116 = EDGE_CURVE ( 'NONE', #1088, #3331, #4278, .T. ) ;
#3117 = EDGE_LOOP ( 'NONE', ( #4778, #1087, #4993, #3245 ) ) ;
#3118 = STYLED_ITEM ( 'NONE', ( #1748 ), #2539 ) ;
#3119 = LINE ( 'NONE', #1142, #4062 ) ;
#3120 = SURFACE_STYLE_USAGE ( .BOTH. , #4348 ) ;
#3121 = SURFACE_STYLE_FILL_AREA ( #1501 ) ;
#3122 = LINE ( 'NONE', #4759, #1485 ) ;
#3123 = MECHANICAL_DESIGN_GEOMETRIC_PRESENTATION_REPRESENTATION (  '', ( #2377 ), #3716 ) ;
#3124 = ORIENTED_EDGE ( 'NONE', *, *, #4714, .F. ) ;
#3125 = EDGE_LOOP ( 'NONE', ( #2384, #4982 ) ) ;
#3126 = STYLED_ITEM ( 'NONE', ( #1838 ), #410 ) ;
#3127 = DIRECTION ( 'NONE',  ( 0.0000000000000000000, -1.000000000000000000, 0.0000000000000000000 ) ) ;
#3128 =( NAMED_UNIT ( * ) SI_UNIT ( $, .STERADIAN. ) SOLID_ANGLE_UNIT ( ) );
#3129 = DIRECTION ( 'NONE',  ( -1.000000000000000000, 0.0000000000000000000, 0.0000000000000000000 ) ) ;
#3130 = VECTOR ( 'NONE', #998, 1000.000000000000000 ) ;
#3131 = CIRCLE ( 'NONE', #780, 0.3999999999999999667 ) ;
#3132 =( NAMED_UNIT ( * ) PLANE_ANGLE_UNIT ( ) SI_UNIT ( $, .RADIAN. ) );
#3133 = UNCERTAINTY_MEASURE_WITH_UNIT (LENGTH_MEASURE( 1.000000000000000082E-05 ), #1845, 'distance_accuracy_value', 'NONE');
#3134 = SURFACE_SIDE_STYLE ('',( #4000 ) ) ;
#3135 = FILL_AREA_STYLE_COLOUR ( '', #1180 ) ;
#3136 = VECTOR ( 'NONE', #3746, 1000.000000000000000 ) ;
#3137 = VERTEX_POINT ( 'NONE', #1092 ) ;
#3138 = EDGE_CURVE ( 'NONE', #4665, #4113, #228, .T. ) ;
#3139 = EDGE_CURVE ( 'NONE', #1310, #4288, #5122, .T. ) ;
#3140 =( NAMED_UNIT ( * ) PLANE_ANGLE_UNIT ( ) SI_UNIT ( $, .RADIAN. ) );
#3141 = LINE ( 'NONE', #724, #3603 ) ;
#3142 = CARTESIAN_POINT ( 'NONE',  ( 2.493254395993288242, 2.246627197996640568, 3.749999999999998224 ) ) ;
#3143 = AXIS2_PLACEMENT_3D ( 'NONE', #2402, #2428, #442 ) ;
#3144 = VERTEX_POINT ( 'NONE', #5076 ) ;
#3145 = CIRCLE ( 'NONE', #365, 0.5000000000000000000 ) ;
#3146 = DIRECTION ( 'NONE',  ( 0.0000000000000000000, 0.0000000000000000000, 1.000000000000000000 ) ) ;
#3147 = ADVANCED_FACE ( 'NONE', ( #1891 ), #4296, .T. ) ;
#3148 = DIRECTION ( 'NONE',  ( 0.0000000000000000000, 0.0000000000000000000, 1.000000000000000000 ) ) ;
#3149 = SURFACE_STYLE_USAGE ( .BOTH. , #4377 ) ;
#3150 = DIRECTION ( 'NONE',  ( 1.000000000000000000, -3.231085104332679983E-15, 0.0000000000000000000 ) ) ;
#3151 = CIRCLE ( 'NONE', #2221, 0.09999999999999982514 ) ;
#3152 = EDGE_LOOP ( 'NONE', ( #4319, #1860, #2761, #5082 ) ) ;
#3153 = ORIENTED_EDGE ( 'NONE', *, *, #339, .T. ) ;
#3154 =( LENGTH_UNIT ( ) NAMED_UNIT ( * ) SI_UNIT ( .MILLI., .METRE. ) );
#3155 = FILL_AREA_STYLE_COLOUR ( '', #2754 ) ;
#3156 = CARTESIAN_POINT ( 'NONE',  ( 2.000000000000000000, -1.500000000000000000, 3.449999999999999734 ) ) ;
#3157 = DIRECTION ( 'NONE',  ( 1.000000000000000000, 0.0000000000000000000, 0.0000000000000000000 ) ) ;
#3158 = VECTOR ( 'NONE', #3734, 1000.000000000000000 ) ;
#3159 = LINE ( 'NONE', #3973, #2487 ) ;
#3160 = DIRECTION ( 'NONE',  ( 1.000000000000000000, -0.0000000000000000000, 0.0000000000000000000 ) ) ;
#3161 = CARTESIAN_POINT ( 'NONE',  ( 3.249999999999998668, -2.608218829166499386, 0.9000000000000000222 ) ) ;
#3162 =( GEOMETRIC_REPRESENTATION_CONTEXT ( 3 ) GLOBAL_UNCERTAINTY_ASSIGNED_CONTEXT ( ( #3634 ) ) GLOBAL_UNIT_ASSIGNED_CONTEXT ( ( #4368, #1470, #692 ) ) REPRESENTATION_CONTEXT ( 'NONE', 'WORKASPACE' ) );
#3163 = VECTOR ( 'NONE', #3667, 1000.000000000000000 ) ;
#3164 = ORIENTED_EDGE ( 'NONE', *, *, #1522, .F. ) ;
#3165 = LINE ( 'NONE', #2269, #1420 ) ;
#3166 = STYLED_ITEM ( 'NONE', ( #5059 ), #4876 ) ;
#3167 = CARTESIAN_POINT ( 'NONE',  ( -4.074999999999999289, -1.908218829166499875, 0.0000000000000000000 ) ) ;
#3168 = ORIENTED_EDGE ( 'NONE', *, *, #2666, .F. ) ;
#3169 = SURFACE_SIDE_STYLE ('',( #4723 ) ) ;
#3170 = CARTESIAN_POINT ( 'NONE',  ( 1.000000000000000000, -3.000000000000000444, 0.0000000000000000000 ) ) ;
#3171 =( LENGTH_UNIT ( ) NAMED_UNIT ( * ) SI_UNIT ( .MILLI., .METRE. ) );
#3172 = PRODUCT_RELATED_PRODUCT_CATEGORY ( 'part', '', ( #3330 ) ) ;
#3173 = ORIENTED_EDGE ( 'NONE', *, *, #4247, .F. ) ;
#3174 = EDGE_CURVE ( 'NONE', #4551, #1880, #3329, .T. ) ;
#3175 = VERTEX_POINT ( 'NONE', #4535 ) ;
#3176 = MECHANICAL_DESIGN_GEOMETRIC_PRESENTATION_REPRESENTATION (  '', ( #4043 ), #5217 ) ;
#3177 = DIRECTION ( 'NONE',  ( -1.000000000000000000, 3.231085104332679983E-15, 0.0000000000000000000 ) ) ;
#3178 = CARTESIAN_POINT ( 'NONE',  ( 2.000000000000000000, -2.000000000000000000, 3.449999999999999734 ) ) ;
#3179 = SURFACE_STYLE_FILL_AREA ( #1244 ) ;
#3180 = CARTESIAN_POINT ( 'NONE',  ( 3.349999999999997424, 1.891781170833500392, 0.4000000000000000777 ) ) ;
#3181 = PRESENTATION_LAYER_ASSIGNMENT (  '', '', ( #231 ) ) ;
#3182 = DIRECTION ( 'NONE',  ( 0.0000000000000000000, 1.000000000000000000, 0.0000000000000000000 ) ) ;
#3183 = DIRECTION ( 'NONE',  ( 0.0000000000000000000, 1.000000000000000000, 0.0000000000000000000 ) ) ;
#3184 = VERTEX_POINT ( 'NONE', #2068 ) ;
#3185 = DIRECTION ( 'NONE',  ( 1.000000000000000000, 0.0000000000000000000, 0.0000000000000000000 ) ) ;
#3186 =( NAMED_UNIT ( * ) SI_UNIT ( $, .STERADIAN. ) SOLID_ANGLE_UNIT ( ) );
#3187 = FILL_AREA_STYLE_COLOUR ( '', #407 ) ;
#3188 = CARTESIAN_POINT ( 'NONE',  ( 1.750000000000000444, -3.499999999999999112, 4.258578643762691129 ) ) ;
#3189 = ORIENTED_EDGE ( 'NONE', *, *, #2802, .F. ) ;
#3190 = DIRECTION ( 'NONE',  ( -0.0000000000000000000, -1.000000000000000000, 0.0000000000000000000 ) ) ;
#3191 = AXIS2_PLACEMENT_3D ( 'NONE', #3717, #4978, #546 ) ;
#3192 = LINE ( 'NONE', #2485, #87 ) ;
#3193 = COLOUR_RGB ( '',0.0000000000000000000, 0.0000000000000000000, 0.0000000000000000000 ) ;
#3194 = DIRECTION ( 'NONE',  ( 1.000000000000000000, 0.0000000000000000000, 0.0000000000000000000 ) ) ;
#3195 = CYLINDRICAL_SURFACE ( 'NONE', #2433, 0.09999999999999999167 ) ;
#3196 = COLOUR_RGB ( '',0.7529411764705882248, 0.7529411764705882248, 0.7529411764705882248 ) ;
#3197 = VERTEX_POINT ( 'NONE', #4407 ) ;
#3198 = CIRCLE ( 'NONE', #3806, 0.4000000000000001887 ) ;
#3199 = ORIENTED_EDGE ( 'NONE', *, *, #1813, .T. ) ;
#3200 = EDGE_CURVE ( 'NONE', #4609, #3646, #1663, .T. ) ;
#3201 = PLANE ( 'NONE',  #5022 ) ;
#3202 = CARTESIAN_POINT ( 'NONE',  ( -3.250000000000000000, -2.258218829166500186, 0.9000000000000000222 ) ) ;
#3203 = EDGE_CURVE ( 'NONE', #2785, #1820, #2026, .T. ) ;
#3204 = PRESENTATION_LAYER_ASSIGNMENT (  '', '', ( #2536 ) ) ;
#3205 =( GEOMETRIC_REPRESENTATION_CONTEXT ( 3 ) GLOBAL_UNCERTAINTY_ASSIGNED_CONTEXT ( ( #2938 ) ) GLOBAL_UNIT_ASSIGNED_CONTEXT ( ( #4608, #2136, #2538 ) ) REPRESENTATION_CONTEXT ( 'NONE', 'WORKASPACE' ) );
#3206 = SHAPE_REPRESENTATION ( '7', ( #1401 ), #1579 ) ;
#3207 = EDGE_CURVE ( 'NONE', #3531, #1446, #3708, .T. ) ;
#3208 = SURFACE_STYLE_USAGE ( .BOTH. , #4826 ) ;
#3209 =( LENGTH_UNIT ( ) NAMED_UNIT ( * ) SI_UNIT ( .MILLI., .METRE. ) );
#3210 = MECHANICAL_DESIGN_GEOMETRIC_PRESENTATION_REPRESENTATION (  '', ( #4318 ), #5083 ) ;
#3211 = SURFACE_SIDE_STYLE ('',( #1228 ) ) ;
#3212 = ORIENTED_EDGE ( 'NONE', *, *, #1688, .T. ) ;
#3213 = SURFACE_SIDE_STYLE ('',( #1602 ) ) ;
#3214 = CYLINDRICAL_SURFACE ( 'NONE', #391, 0.1499999999999999667 ) ;
#3215 = CARTESIAN_POINT ( 'NONE',  ( 2.000000000000000444, 2.499999999999999556, 3.449999999999999734 ) ) ;
#3216 = LINE ( 'NONE', #775, #935 ) ;
#3217 = VECTOR ( 'NONE', #3832, 1000.000000000000000 ) ;
#3218 = EDGE_LOOP ( 'NONE', ( #1242, #62 ) ) ;
#3219 = COLOUR_RGB ( '',0.7529411764705882248, 0.7529411764705882248, 0.7529411764705882248 ) ;
#3220 = SURFACE_STYLE_FILL_AREA ( #111 ) ;
#3221 = CYLINDRICAL_SURFACE ( 'NONE', #2851, 0.4000000000000001887 ) ;
#3222 = MECHANICAL_DESIGN_GEOMETRIC_PRESENTATION_REPRESENTATION (  '', ( #867 ), #5020 ) ;
#3223 = EDGE_LOOP ( 'NONE', ( #619, #1047, #3564, #5037 ) ) ;
#3224 = VERTEX_POINT ( 'NONE', #3180 ) ;
#3225 = CARTESIAN_POINT ( 'NONE',  ( -3.000000000000000000, 2.850000000000000089, 3.449999999999999734 ) ) ;
#3226 =( NAMED_UNIT ( * ) SI_UNIT ( $, .STERADIAN. ) SOLID_ANGLE_UNIT ( ) );
#3227 = SURFACE_STYLE_USAGE ( .BOTH. , #2799 ) ;
#3228 = STYLED_ITEM ( 'NONE', ( #413 ), #3482 ) ;
#3229 = SURFACE_STYLE_USAGE ( .BOTH. , #2455 ) ;
#3230 =( NAMED_UNIT ( * ) SI_UNIT ( $, .STERADIAN. ) SOLID_ANGLE_UNIT ( ) );
#3231 = DIRECTION ( 'NONE',  ( 0.0000000000000000000, 0.0000000000000000000, 1.000000000000000000 ) ) ;
#3232 = CARTESIAN_POINT ( 'NONE',  ( 0.0000000000000000000, 0.0000000000000000000, 0.2999999999999999889 ) ) ;
#3233 = CARTESIAN_POINT ( 'NONE',  ( 3.349999999999999201, -2.608218829166499386, 0.9000000000000000222 ) ) ;
#3234 = EDGE_CURVE ( 'NONE', #2327, #3402, #456, .T. ) ;
#3235 = ORIENTED_EDGE ( 'NONE', *, *, #2173, .T. ) ;
#3236 = EDGE_CURVE ( 'NONE', #4345, #4887, #4997, .T. ) ;
#3237 =( GEOMETRIC_REPRESENTATION_CONTEXT ( 3 ) GLOBAL_UNCERTAINTY_ASSIGNED_CONTEXT ( ( #5110 ) ) GLOBAL_UNIT_ASSIGNED_CONTEXT ( ( #755, #4815, #732 ) ) REPRESENTATION_CONTEXT ( 'NONE', 'WORKASPACE' ) );
#3238 =( NAMED_UNIT ( * ) PLANE_ANGLE_UNIT ( ) SI_UNIT ( $, .RADIAN. ) );
#3239 = PLANE ( 'NONE',  #2841 ) ;
#3240 = CARTESIAN_POINT ( 'NONE',  ( 3.000000000000004885, 1.499999999999989786, 3.450000000000000622 ) ) ;
#3241 = UNCERTAINTY_MEASURE_WITH_UNIT (LENGTH_MEASURE( 1.000000000000000082E-05 ), #1127, 'distance_accuracy_value', 'NONE');
#3242 = PRESENTATION_STYLE_ASSIGNMENT (( #2036 ) ) ;
#3243 = COLOUR_RGB ( '',0.7529411764705882248, 0.7529411764705882248, 0.7529411764705882248 ) ;
#3244 = VECTOR ( 'NONE', #4920, 1000.000000000000000 ) ;
#3245 = ORIENTED_EDGE ( 'NONE', *, *, #3843, .T. ) ;
#3246 = MECHANICAL_DESIGN_GEOMETRIC_PRESENTATION_REPRESENTATION (  '', ( #4530 ), #2756 ) ;
#3247 = DIRECTION ( 'NONE',  ( 1.000000000000000000, 0.0000000000000000000, 0.0000000000000000000 ) ) ;
#3248 = MECHANICAL_DESIGN_GEOMETRIC_PRESENTATION_REPRESENTATION (  '', ( #2585 ), #56 ) ;
#3249 = PRESENTATION_LAYER_ASSIGNMENT (  '', '', ( #305 ) ) ;
#3250 = LINE ( 'NONE', #2515, #3378 ) ;
#3251 = SURFACE_STYLE_USAGE ( .BOTH. , #88 ) ;
#3252 = SURFACE_SIDE_STYLE ('',( #1314 ) ) ;
#3253 =( GEOMETRIC_REPRESENTATION_CONTEXT ( 3 ) GLOBAL_UNCERTAINTY_ASSIGNED_CONTEXT ( ( #4750 ) ) GLOBAL_UNIT_ASSIGNED_CONTEXT ( ( #2415, #1108, #324 ) ) REPRESENTATION_CONTEXT ( 'NONE', 'WORKASPACE' ) );
#3254 = ORIENTED_EDGE ( 'NONE', *, *, #3942, .F. ) ;
#3255 =( NAMED_UNIT ( * ) SI_UNIT ( $, .STERADIAN. ) SOLID_ANGLE_UNIT ( ) );
#3256 = DIRECTION ( 'NONE',  ( 1.000000000000000000, 0.0000000000000000000, 0.0000000000000000000 ) ) ;
#3257 =( NAMED_UNIT ( * ) SI_UNIT ( $, .STERADIAN. ) SOLID_ANGLE_UNIT ( ) );
#3258 =( REPRESENTATION_RELATIONSHIP ('NONE','NONE', #251, #3206 ) REPRESENTATION_RELATIONSHIP_WITH_TRANSFORMATION ( #2500 )SHAPE_REPRESENTATION_RELATIONSHIP( ) );
#3259 =( NAMED_UNIT ( * ) SI_UNIT ( $, .STERADIAN. ) SOLID_ANGLE_UNIT ( ) );
#3260 = FILL_AREA_STYLE_COLOUR ( '', #4 ) ;
#3261 = DIRECTION ( 'NONE',  ( -1.000000000000000000, 4.336808689942025625E-15, 0.0000000000000000000 ) ) ;
#3262 = PRESENTATION_STYLE_ASSIGNMENT (( #2850 ) ) ;
#3263 = CARTESIAN_POINT ( 'NONE',  ( -3.250000000000000000, 2.591781170833500347, 1.300000000000000044 ) ) ;
#3264 = STYLED_ITEM ( 'NONE', ( #4064 ), #3944 ) ;
#3265 = ORIENTED_EDGE ( 'NONE', *, *, #699, .T. ) ;
#3266 = DIRECTION ( 'NONE',  ( 0.0000000000000000000, 1.000000000000000000, 0.0000000000000000000 ) ) ;
#3267 = DIRECTION ( 'NONE',  ( -0.0000000000000000000, -0.0000000000000000000, 1.000000000000000000 ) ) ;
#3268 = EDGE_CURVE ( 'NONE', #3175, #1665, #1264, .T. ) ;
#3269 =( LENGTH_UNIT ( ) NAMED_UNIT ( * ) SI_UNIT ( .MILLI., .METRE. ) );
#3270 = VERTEX_POINT ( 'NONE', #2915 ) ;
#3271 = DIRECTION ( 'NONE',  ( 1.000000000000000000, 0.0000000000000000000, -0.0000000000000000000 ) ) ;
#3272 = CARTESIAN_POINT ( 'NONE',  ( 6.938893903907229955E-15, -1.908218829166499875, 0.0000000000000000000 ) ) ;
#3273 =( NAMED_UNIT ( * ) SI_UNIT ( $, .STERADIAN. ) SOLID_ANGLE_UNIT ( ) );
#3274 = DIRECTION ( 'NONE',  ( 0.0000000000000000000, -1.000000000000000000, 0.0000000000000000000 ) ) ;
#3275 = EDGE_CURVE ( 'NONE', #3654, #2461, #4134, .T. ) ;
#3276 = DIRECTION ( 'NONE',  ( 0.0000000000000000000, 0.0000000000000000000, 1.000000000000000000 ) ) ;
#3277 = VERTEX_POINT ( 'NONE', #3993 ) ;
#3278 = MECHANICAL_DESIGN_GEOMETRIC_PRESENTATION_REPRESENTATION (  '', ( #3374 ), #3452 ) ;
#3279 = CARTESIAN_POINT ( 'NONE',  ( 0.0000000000000000000, 0.0000000000000000000, 3.149999999999999911 ) ) ;
#3280 = CARTESIAN_POINT ( 'NONE',  ( 3.649999999999999911, -2.258218829166500186, 1.300000000000000044 ) ) ;
#3281 = AXIS2_PLACEMENT_3D ( 'NONE', #3427, #3026, #3103 ) ;
#3282 =( GEOMETRIC_REPRESENTATION_CONTEXT ( 3 ) GLOBAL_UNCERTAINTY_ASSIGNED_CONTEXT ( ( #5155 ) ) GLOBAL_UNIT_ASSIGNED_CONTEXT ( ( #3325, #612, #3014 ) ) REPRESENTATION_CONTEXT ( 'NONE', 'WORKASPACE' ) );
#3283 = ORIENTED_EDGE ( 'NONE', *, *, #5100, .F. ) ;
#3284 = AXIS2_PLACEMENT_3D ( 'NONE', #1791, #5009, #5035 ) ;
#3285 =( GEOMETRIC_REPRESENTATION_CONTEXT ( 3 ) GLOBAL_UNCERTAINTY_ASSIGNED_CONTEXT ( ( #5203 ) ) GLOBAL_UNIT_ASSIGNED_CONTEXT ( ( #315, #3974, #3483 ) ) REPRESENTATION_CONTEXT ( 'NONE', 'WORKASPACE' ) );
#3286 =( LENGTH_UNIT ( ) NAMED_UNIT ( * ) SI_UNIT ( .MILLI., .METRE. ) );
#3287 = CARTESIAN_POINT ( 'NONE',  ( -2.000000000000000000, -1.581953906996889314, 3.637779991155306369 ) ) ;
#3288 = FACE_OUTER_BOUND ( 'NONE', #2667, .T. ) ;
#3289 = CONTEXT_DEPENDENT_SHAPE_REPRESENTATION ( #1263, #4615 ) ;
#3290 =( NAMED_UNIT ( * ) SI_UNIT ( $, .STERADIAN. ) SOLID_ANGLE_UNIT ( ) );
#3291 = EDGE_LOOP ( 'NONE', ( #2490, #1934, #870, #849 ) ) ;
#3292 = AXIS2_PLACEMENT_3D ( 'NONE', #4178, #1738, #950 ) ;
#3293 = SURFACE_STYLE_FILL_AREA ( #1209 ) ;
#3294 = FILL_AREA_STYLE_COLOUR ( '', #2204 ) ;
#3295 = UNCERTAINTY_MEASURE_WITH_UNIT (LENGTH_MEASURE( 1.000000000000000082E-05 ), #4161, 'distance_accuracy_value', 'NONE');
#3296 =( NAMED_UNIT ( * ) SI_UNIT ( $, .STERADIAN. ) SOLID_ANGLE_UNIT ( ) );
#3297 = FACE_OUTER_BOUND ( 'NONE', #2303, .T. ) ;
#3298 = ORIENTED_EDGE ( 'NONE', *, *, #2773, .T. ) ;
#3299 = EDGE_CURVE ( 'NONE', #2131, #3489, #3377, .T. ) ;
#3300 = CARTESIAN_POINT ( 'NONE',  ( 2.850000000000000089, 3.000000000000000000, 0.0000000000000000000 ) ) ;
#3301 =( NAMED_UNIT ( * ) PLANE_ANGLE_UNIT ( ) SI_UNIT ( $, .RADIAN. ) );
#3302 = UNCERTAINTY_MEASURE_WITH_UNIT (LENGTH_MEASURE( 1.000000000000000082E-05 ), #2942, 'distance_accuracy_value', 'NONE');
#3303 = FILL_AREA_STYLE ('',( #4915 ) ) ;
#3304 = ORIENTED_EDGE ( 'NONE', *, *, #2203, .T. ) ;
#3305 = EDGE_CURVE ( 'NONE', #4160, #1773, #1167, .T. ) ;
#3306 = MECHANICAL_DESIGN_GEOMETRIC_PRESENTATION_REPRESENTATION (  '', ( #1118 ), #1618 ) ;
#3307 = ADVANCED_FACE ( 'NONE', ( #1718 ), #1836, .F. ) ;
#3308 = DIRECTION ( 'NONE',  ( 0.0000000000000000000, 0.0000000000000000000, -1.000000000000000000 ) ) ;
#3309 = CARTESIAN_POINT ( 'NONE',  ( -3.649999999999999911, -2.258218829166500186, 0.3999999999999999667 ) ) ;
#3310 = AXIS2_PLACEMENT_3D ( 'NONE', #1794, #502, #3732 ) ;
#3311 = MECHANICAL_DESIGN_GEOMETRIC_PRESENTATION_REPRESENTATION (  '', ( #1798 ), #4174 ) ;
#3312 = CARTESIAN_POINT ( 'NONE',  ( 2.493254395993283357, -2.246627197996641012, 3.749999999999998668 ) ) ;
#3313 = CARTESIAN_POINT ( 'NONE',  ( -4.500000000000000000, 1.891781170833499948, 0.2999999999999999889 ) ) ;
#3314 = PRODUCT_CONTEXT ( 'NONE', #3364, 'mechanical' ) ;
#3315 = AXIS2_PLACEMENT_3D ( 'NONE', #4969, #2493, #2070 ) ;
#3316 = ORIENTED_EDGE ( 'NONE', *, *, #826, .T. ) ;
#3317 = CARTESIAN_POINT ( 'NONE',  ( 2.000000000000003997, -2.418046093003111352, 3.637779991155306369 ) ) ;
#3318 = CARTESIAN_POINT ( 'NONE',  ( 4.500000000000000888, 2.591781170833500347, 0.0000000000000000000 ) ) ;
#3319 = CARTESIAN_POINT ( 'NONE',  ( 3.249999999999998668, 1.891781170833499948, 0.9000000000000000222 ) ) ;
#3320 =( LENGTH_UNIT ( ) NAMED_UNIT ( * ) SI_UNIT ( .MILLI., .METRE. ) );
#3321 = SURFACE_SIDE_STYLE ('',( #900 ) ) ;
#3322 = COLOUR_RGB ( '',0.7529411764705882248, 0.7529411764705882248, 0.7529411764705882248 ) ;
#3323 = ORIENTED_EDGE ( 'NONE', *, *, #3305, .T. ) ;
#3324 = CARTESIAN_POINT ( 'NONE',  ( -2.850000000000000089, 2.850000000000000089, 3.149999999999999911 ) ) ;
#3325 =( LENGTH_UNIT ( ) NAMED_UNIT ( * ) SI_UNIT ( .MILLI., .METRE. ) );
#3326 = CARTESIAN_POINT ( 'NONE',  ( 3.250000000000000444, 2.591781170833500791, 1.000000000000000000 ) ) ;
#3327 = STYLED_ITEM ( 'NONE', ( #465 ), #4476 ) ;
#3328 = COLOUR_RGB ( '',0.7529411764705882248, 0.7529411764705882248, 0.7529411764705882248 ) ;
#3329 = LINE ( 'NONE', #65, #1008 ) ;
#3330 = PRODUCT ( '7', '7', '', ( #946 ) ) ;
#3331 = VERTEX_POINT ( 'NONE', #1944 ) ;
#3332 = CIRCLE ( 'NONE', #3072, 1.750000000000000000 ) ;
#3333 = SURFACE_STYLE_FILL_AREA ( #1243 ) ;
#3335 = CARTESIAN_POINT ( 'NONE',  ( -3.250000000000000000, -2.608218829166499830, 1.300000000000000044 ) ) ;
#3334 = AXIS2_PLACEMENT_3D ( 'NONE', #614, #1847, #986 ) ;
#3336 = STYLED_ITEM ( 'NONE', ( #2133 ), #4886 ) ;
#3337 = EDGE_CURVE ( 'NONE', #587, #3197, #1916, .T. ) ;
#3338 = VERTEX_POINT ( 'NONE', #4655 ) ;
#3339 = PRESENTATION_LAYER_ASSIGNMENT (  '', '', ( #2333 ) ) ;
#3340 = CARTESIAN_POINT ( 'NONE',  ( 2.000000000000000000, -1.753372802003357878, 3.749999999999998224 ) ) ;
#3341 = CARTESIAN_POINT ( 'NONE',  ( 3.000000000000000000, -2.850000000000000089, 3.149999999999999911 ) ) ;
#3342 = DIRECTION ( 'NONE',  ( 0.0000000000000000000, 0.0000000000000000000, 1.000000000000000000 ) ) ;
#3343 = APPLICATION_PROTOCOL_DEFINITION ( 'draft international standard', 'automotive_design', 1998, #2829 ) ;
#3344 = PRESENTATION_STYLE_ASSIGNMENT (( #2102 ) ) ;
#3345 = CARTESIAN_POINT ( 'NONE',  ( -2.493254395993288242, -1.753372802003358766, 3.749999999999998224 ) ) ;
#3346 = CARTESIAN_POINT ( 'NONE',  ( 2.850000000000000089, 2.850000000000000089, 3.149999999999999911 ) ) ;
#3347 = EDGE_LOOP ( 'NONE', ( #5090, #2119, #4855, #3436 ) ) ;
#3348 = DIRECTION ( 'NONE',  ( 1.000000000000000000, -3.252606517456515274E-15, 0.0000000000000000000 ) ) ;
#3349 = PRESENTATION_LAYER_ASSIGNMENT (  '', '', ( #401 ) ) ;
#3350 = DIRECTION ( 'NONE',  ( -3.231085104332679983E-15, -1.000000000000000000, 0.0000000000000000000 ) ) ;
#3351 = FACE_OUTER_BOUND ( 'NONE', #4727, .T. ) ;
#3352 = DIRECTION ( 'NONE',  ( 1.000000000000000000, -3.231085104332679983E-15, 0.0000000000000000000 ) ) ;
#3353 =( BOUNDED_CURVE ( )  B_SPLINE_CURVE ( 3, ( #3025, #1780, #1323, #1806 ),
 .UNSPECIFIED., .F., .T. ) 
 B_SPLINE_CURVE_WITH_KNOTS ( ( 4, 4 ),
 ( 0.0000000000000000000, 1.000000000000000000 ),
 .UNSPECIFIED. ) 
 CURVE ( )  GEOMETRIC_REPRESENTATION_ITEM ( )  RATIONAL_B_SPLINE_CURVE ( ( 1.000000000000000000, 0.3333333333333333703, 0.3333333333333333703, 1.000000000000000000 ) ) 
 REPRESENTATION_ITEM ( '' )  );
#3354 = MECHANICAL_DESIGN_GEOMETRIC_PRESENTATION_REPRESENTATION (  '', ( #2008 ), #2435 ) ;
#3355 = ORIENTED_EDGE ( 'NONE', *, *, #4455, .T. ) ;
#3356 = COLOUR_RGB ( '',0.7921568627450980005, 0.8196078431372548767, 0.9333333333333333481 ) ;
#3357 = SURFACE_STYLE_FILL_AREA ( #2114 ) ;
#3358 = DIRECTION ( 'NONE',  ( 1.000000000000000000, -0.0000000000000000000, 0.0000000000000000000 ) ) ;
#3359 = LINE ( 'NONE', #2116, #3158 ) ;
#3360 =( NAMED_UNIT ( * ) PLANE_ANGLE_UNIT ( ) SI_UNIT ( $, .RADIAN. ) );
#3361 = FILL_AREA_STYLE ('',( #2143 ) ) ;
#3362 =( NAMED_UNIT ( * ) PLANE_ANGLE_UNIT ( ) SI_UNIT ( $, .RADIAN. ) );
#3363 = ORIENTED_EDGE ( 'NONE', *, *, #4581, .F. ) ;
#3364 = APPLICATION_CONTEXT ( 'automotive_design' ) ;
#3365 = CARTESIAN_POINT ( 'NONE',  ( 1.999999999999999556, 1.753372802003358766, 3.749999999999998224 ) ) ;
#3366 = LINE ( 'NONE', #3309, #2492 ) ;
#3367 = CARTESIAN_POINT ( 'NONE',  ( 0.0000000000000000000, 0.0000000000000000000, 0.0000000000000000000 ) ) ;
#3368 = EDGE_CURVE ( 'NONE', #4432, #4936, #3968, .T. ) ;
#3369 = ADVANCED_FACE ( 'NONE', ( #2320 ), #652, .F. ) ;
#3370 = CARTESIAN_POINT ( 'NONE',  ( -2.836092186006221816, 2.418046093003111352, 3.637779991155306814 ) ) ;
#3371 = COLOUR_RGB ( '',0.7529411764705882248, 0.7529411764705882248, 0.7529411764705882248 ) ;
#3372 = LINE ( 'NONE', #4949, #54 ) ;
#3373 = FILL_AREA_STYLE ('',( #3744 ) ) ;
#3374 = STYLED_ITEM ( 'NONE', ( #832 ), #2048 ) ;
#3375 = CARTESIAN_POINT ( 'NONE',  ( -2.000000000000000000, -2.041742430504419392, 3.750000000000000000 ) ) ;
#3376 = ORIENTED_EDGE ( 'NONE', *, *, #4552, .F. ) ;
#3377 = CIRCLE ( 'NONE', #162, 0.5000000000000000000 ) ;
#3378 = VECTOR ( 'NONE', #1610, 1000.000000000000000 ) ;
#3379 = EDGE_CURVE ( 'NONE', #2361, #1468, #3151, .T. ) ;
#3380 = CARTESIAN_POINT ( 'NONE',  ( -3.000000000000000444, -2.608218829166499830, 1.300000000000000044 ) ) ;
#3381 = SURFACE_STYLE_FILL_AREA ( #2534 ) ;
#3382 = MECHANICAL_DESIGN_GEOMETRIC_PRESENTATION_REPRESENTATION (  '', ( #3805 ), #1943 ) ;
#3383 =( LENGTH_UNIT ( ) NAMED_UNIT ( * ) SI_UNIT ( .MILLI., .METRE. ) );
#3384 = DIRECTION ( 'NONE',  ( -1.000000000000000000, 0.0000000000000000000, 0.0000000000000000000 ) ) ;
#3385 = ORIENTED_EDGE ( 'NONE', *, *, #4482, .F. ) ;
#3386 = DIRECTION ( 'NONE',  ( 0.0000000000000000000, -0.0000000000000000000, -1.000000000000000000 ) ) ;
#3387 = SURFACE_SIDE_STYLE ('',( #2647 ) ) ;
#3388 = DIRECTION ( 'NONE',  ( -0.0000000000000000000, 0.0000000000000000000, -1.000000000000000000 ) ) ;
#3389 = CARTESIAN_POINT ( 'NONE',  ( 0.0000000000000000000, 0.0000000000000000000, 0.0000000000000000000 ) ) ;
#3390 = VECTOR ( 'NONE', #3779, 1000.000000000000000 ) ;
#3391 = EDGE_LOOP ( 'NONE', ( #3880, #4217, #2933, #625 ) ) ;
#3392 = CARTESIAN_POINT ( 'NONE',  ( 2.000000000000000000, 1.958257569495580608, 3.750000000000000000 ) ) ;
#3393 = PRESENTATION_STYLE_ASSIGNMENT (( #1668 ) ) ;
#3394 = ADVANCED_BREP_SHAPE_REPRESENTATION ( '', ( #1819, #1401 ), #1224 ) ;
#3395 = ORIENTED_EDGE ( 'NONE', *, *, #4644, .T. ) ;
#3396 = CARTESIAN_POINT ( 'NONE',  ( 2.493254395993284245, -1.753372802003358100, 3.749999999999998668 ) ) ;
#3397 = PRESENTATION_LAYER_ASSIGNMENT (  '', '', ( #4416 ) ) ;
#3398 = CARTESIAN_POINT ( 'NONE',  ( 3.350000000000001421, -1.908218829166499875, 0.0000000000000000000 ) ) ;
#3399 = DIRECTION ( 'NONE',  ( 0.0000000000000000000, 0.0000000000000000000, 1.000000000000000000 ) ) ;
#3400 = FILL_AREA_STYLE ('',( #976 ) ) ;
#3401 = COLOUR_RGB ( '',0.7529411764705882248, 0.7529411764705882248, 0.7529411764705882248 ) ;
#3402 = VERTEX_POINT ( 'NONE', #2291 ) ;
#3403 = CARTESIAN_POINT ( 'NONE',  ( 4.074999999999999289, 1.891781170833499948, 0.0000000000000000000 ) ) ;
#3404 =( LENGTH_UNIT ( ) NAMED_UNIT ( * ) SI_UNIT ( .MILLI., .METRE. ) );
#3405 = UNCERTAINTY_MEASURE_WITH_UNIT (LENGTH_MEASURE( 1.000000000000000082E-05 ), #1872, 'distance_accuracy_value', 'NONE');
#3406 = FILL_AREA_STYLE_COLOUR ( '', #1230 ) ;
#3407 = CARTESIAN_POINT ( 'NONE',  ( 1.650000000000000355, -3.299999999999999378, 4.299999999999999822 ) ) ;
#3408 = EDGE_CURVE ( 'NONE', #3917, #4120, #4504, .T. ) ;
#3409 = ORIENTED_EDGE ( 'NONE', *, *, #400, .F. ) ;
#3410 = AXIS2_PLACEMENT_3D ( 'NONE', #5202, #2073, #3598 ) ;
#3411 = DIRECTION ( 'NONE',  ( 0.0000000000000000000, 0.0000000000000000000, 1.000000000000000000 ) ) ;
#3412 = SURFACE_STYLE_FILL_AREA ( #963 ) ;
#3413 = CARTESIAN_POINT ( 'NONE',  ( 3.000000000000000000, 0.0000000000000000000, 0.0000000000000000000 ) ) ;
#3414 = DIRECTION ( 'NONE',  ( 1.000000000000000000, 0.0000000000000000000, 0.0000000000000000000 ) ) ;
#3415 = DIRECTION ( 'NONE',  ( 0.0000000000000000000, 0.0000000000000000000, 1.000000000000000000 ) ) ;
#3416 = EDGE_LOOP ( 'NONE', ( #688, #3748, #4591, #4900 ) ) ;
#3417 = AXIS2_PLACEMENT_3D ( 'NONE', #1543, #185, #985 ) ;
#3418 = AXIS2_PLACEMENT_3D ( 'NONE', #3770, #2123, #143 ) ;
#3419 =( BOUNDED_SURFACE ( )  B_SPLINE_SURFACE ( 3, 3, ( 
 ( #1429, #77, #3052, #3724 ),
 ( #2681, #3881, #675, #1679 ),
 ( #104, #1708, #2290, #3317 ),
 ( #2713, #2342, #5200, #2743 ) ),
 .UNSPECIFIED., .F., .F., .F. ) 
 B_SPLINE_SURFACE_WITH_KNOTS ( ( 4, 4 ),
 ( 4, 4 ),
 ( 0.0000000000000000000, 1.000000000000000000 ),
 ( 0.0000000000000000000, 1.000000000000000000 ),
 .UNSPECIFIED. ) 
 GEOMETRIC_REPRESENTATION_ITEM ( )  RATIONAL_B_SPLINE_SURFACE ( (
 ( 1.000000000000000000, 0.3333333333333299842, 0.3333333333333299842, 1.000000000000000000),
 ( 0.8911066843560517814, 0.2970355614520142629, 0.2970355614520142629, 0.8911066843560517814),
 ( 0.8911066843560517814, 0.2970355614520142629, 0.2970355614520142629, 0.8911066843560517814),
 ( 1.000000000000000000, 0.3333333333333299842, 0.3333333333333299842, 1.000000000000000000) ) ) 
 REPRESENTATION_ITEM ( '' )  SURFACE ( )  );
#3420 = FILL_AREA_STYLE_COLOUR ( '', #3749 ) ;
#3421 = SURFACE_STYLE_USAGE ( .BOTH. , #4325 ) ;
#3422 = AXIS2_PLACEMENT_3D ( 'NONE', #5053, #2154, #3743 ) ;
#3423 = VERTEX_POINT ( 'NONE', #1040 ) ;
#3424 = AXIS2_PLACEMENT_3D ( 'NONE', #241, #2597, #4215 ) ;
#3425 =( LENGTH_UNIT ( ) NAMED_UNIT ( * ) SI_UNIT ( .MILLI., .METRE. ) );
#3426 = FILL_AREA_STYLE_COLOUR ( '', #1223 ) ;
#3427 = CARTESIAN_POINT ( 'NONE',  ( -2.850000000000000089, 2.850000000000000089, 0.0000000000000000000 ) ) ;
#3428 = CARTESIAN_POINT ( 'NONE',  ( 1.000000000000000000, 0.0000000000000000000, 0.0000000000000000000 ) ) ;
#3429 = PRODUCT_DEFINITION_FORMATION_WITH_SPECIFIED_SOURCE ( 'ANY', '', #4436, .NOT_KNOWN. ) ;
#3430 = STYLED_ITEM ( 'NONE', ( #1595 ), #5029 ) ;
#3431 = CARTESIAN_POINT ( 'NONE',  ( 3.000000000000000000, 2.850000000000000089, 3.449999999999999734 ) ) ;
#3432 = COLOUR_RGB ( '',0.0000000000000000000, 0.0000000000000000000, 0.0000000000000000000 ) ;
#3433 = FILL_AREA_STYLE ('',( #1815 ) ) ;
#3434 = LINE ( 'NONE', #556, #3820 ) ;
#3435 = FILL_AREA_STYLE_COLOUR ( '', #3722 ) ;
#3436 = ORIENTED_EDGE ( 'NONE', *, *, #2578, .F. ) ;
#3437 = EDGE_CURVE ( 'NONE', #639, #3144, #628, .T. ) ;
#3438 = LINE ( 'NONE', #1365, #3034 ) ;
#3439 = DIRECTION ( 'NONE',  ( 0.0000000000000000000, 0.0000000000000000000, 1.000000000000000000 ) ) ;
#3440 = CARTESIAN_POINT ( 'NONE',  ( -1.163907813993773521, 1.581953906996879988, 3.637779991155306369 ) ) ;
#3441 = EDGE_LOOP ( 'NONE', ( #2181, #354, #452, #1686 ) ) ;
#3442 = ADVANCED_FACE ( 'NONE', ( #3906 ), #278, .T. ) ;
#3443 = DIRECTION ( 'NONE',  ( -1.000000000000000000, 0.0000000000000000000, 0.0000000000000000000 ) ) ;
#3444 = DIRECTION ( 'NONE',  ( 1.000000000000000000, 0.0000000000000000000, 0.0000000000000000000 ) ) ;
#3445 = DIRECTION ( 'NONE',  ( 0.0000000000000000000, 0.0000000000000000000, -1.000000000000000000 ) ) ;
#3446 = SURFACE_STYLE_USAGE ( .BOTH. , #223 ) ;
#3447 = ORIENTED_EDGE ( 'NONE', *, *, #3408, .T. ) ;
#3448 = CARTESIAN_POINT ( 'NONE',  ( 3.749999999999998668, 2.591781170833499903, 0.0000000000000000000 ) ) ;
#3449 = SURFACE_STYLE_FILL_AREA ( #3024 ) ;
#3450 = CARTESIAN_POINT ( 'NONE',  ( -4.074999999999999289, -1.908218829166499875, 1.300000000000000044 ) ) ;
#3451 = ITEM_DEFINED_TRANSFORMATION ( 'NONE', 'NONE', #1740,  #1401 ) ;
#3452 =( GEOMETRIC_REPRESENTATION_CONTEXT ( 3 ) GLOBAL_UNCERTAINTY_ASSIGNED_CONTEXT ( ( #2779 ) ) GLOBAL_UNIT_ASSIGNED_CONTEXT ( ( #1723, #2449, #439 ) ) REPRESENTATION_CONTEXT ( 'NONE', 'WORKASPACE' ) );
#3453 = FACE_OUTER_BOUND ( 'NONE', #57, .T. ) ;
#3454 =( NAMED_UNIT ( * ) PLANE_ANGLE_UNIT ( ) SI_UNIT ( $, .RADIAN. ) );
#3455 = CARTESIAN_POINT ( 'NONE',  ( -2.000000000000000000, 2.041742430504419392, 3.750000000000000000 ) ) ;
#3456 = DIRECTION ( 'NONE',  ( 0.0000000000000000000, 0.0000000000000000000, 1.000000000000000000 ) ) ;
#3457 = COLOUR_RGB ( '',0.0000000000000000000, 0.0000000000000000000, 0.0000000000000000000 ) ;
#3458 = PRESENTATION_LAYER_ASSIGNMENT (  '', '', ( #4743 ) ) ;
#3459 = ORIENTED_EDGE ( 'NONE', *, *, #2836, .T. ) ;
#3460 = SURFACE_STYLE_FILL_AREA ( #1901 ) ;
#3461 =( NAMED_UNIT ( * ) SI_UNIT ( $, .STERADIAN. ) SOLID_ANGLE_UNIT ( ) );
#3462 = AXIS2_PLACEMENT_3D ( 'NONE', #4882, #3699, #2853 ) ;
#3463 = SURFACE_STYLE_USAGE ( .BOTH. , #1126 ) ;
#3464 = DIRECTION ( 'NONE',  ( 0.0000000000000000000, 0.0000000000000000000, 1.000000000000000000 ) ) ;
#3465 = CARTESIAN_POINT ( 'NONE',  ( -2.000000000000005329, 1.500000000000000000, 3.449999999999999734 ) ) ;
#3466 = SURFACE_STYLE_FILL_AREA ( #3554 ) ;
#3467 = ORIENTED_EDGE ( 'NONE', *, *, #2600, .F. ) ;
#3468 =( NAMED_UNIT ( * ) SI_UNIT ( $, .STERADIAN. ) SOLID_ANGLE_UNIT ( ) );
#3469 = CARTESIAN_POINT ( 'NONE',  ( 2.000000000000000000, 2.418046093003111352, 3.637779991155306369 ) ) ;
#3470 = SURFACE_SIDE_STYLE ('',( #5049 ) ) ;
#3471 = AXIS2_PLACEMENT_3D ( 'NONE', #3346, #3747, #895 ) ;
#3472 =( LENGTH_UNIT ( ) NAMED_UNIT ( * ) SI_UNIT ( .MILLI., .METRE. ) );
#3473 = ADVANCED_FACE ( 'NONE', ( #763 ), #4484, .F. ) ;
#3474 = ORIENTED_EDGE ( 'NONE', *, *, #1231, .F. ) ;
#3475 = EDGE_CURVE ( 'NONE', #1292, #3338, #1616, .T. ) ;
#3476 = VECTOR ( 'NONE', #2465, 1000.000000000000000 ) ;
#3477 = CARTESIAN_POINT ( 'NONE',  ( -3.250000000000000000, -2.608218829166499830, 0.9000000000000000222 ) ) ;
#3478 = CARTESIAN_POINT ( 'NONE',  ( 4.500000000000000888, 2.591781170833500347, 0.0000000000000000000 ) ) ;
#3479 = CARTESIAN_POINT ( 'NONE',  ( 2.000000000000000000, 2.041742430504419392, 3.750000000000000000 ) ) ;
#3480 =( GEOMETRIC_REPRESENTATION_CONTEXT ( 3 ) GLOBAL_UNCERTAINTY_ASSIGNED_CONTEXT ( ( #4259 ) ) GLOBAL_UNIT_ASSIGNED_CONTEXT ( ( #3673, #2431, #3290 ) ) REPRESENTATION_CONTEXT ( 'NONE', 'WORKASPACE' ) );
#3481 = LINE ( 'NONE', #1407, #4758 ) ;
#3482 = MANIFOLD_SOLID_BREP ( 'Imported1', #3891 ) ;
#3483 =( NAMED_UNIT ( * ) SI_UNIT ( $, .STERADIAN. ) SOLID_ANGLE_UNIT ( ) );
#3484 =( NAMED_UNIT ( * ) PLANE_ANGLE_UNIT ( ) SI_UNIT ( $, .RADIAN. ) );
#3485 = DIRECTION ( 'NONE',  ( 1.000000000000000000, -3.252606517456511724E-15, 0.0000000000000000000 ) ) ;
#3486 =( NAMED_UNIT ( * ) SI_UNIT ( $, .STERADIAN. ) SOLID_ANGLE_UNIT ( ) );
#3487 = CARTESIAN_POINT ( 'NONE',  ( 0.0000000000000000000, 0.0000000000000000000, 3.449999999999999734 ) ) ;
#3488 = COLOUR_RGB ( '',0.7529411764705882248, 0.7529411764705882248, 0.7529411764705882248 ) ;
#3489 = VERTEX_POINT ( 'NONE', #3156 ) ;
#3490 = VECTOR ( 'NONE', #2318, 1000.000000000000000 ) ;
#3491 = PRESENTATION_STYLE_ASSIGNMENT (( #5162 ) ) ;
#3492 = AXIS2_PLACEMENT_3D ( 'NONE', #4872, #1193, #2427 ) ;
#3493 = ORIENTED_EDGE ( 'NONE', *, *, #4792, .F. ) ;
#3494 = SURFACE_SIDE_STYLE ('',( #4399 ) ) ;
#3495 = LINE ( 'NONE', #328, #337 ) ;
#3496 = FILL_AREA_STYLE_COLOUR ( '', #2575 ) ;
#3497 = AXIS2_PLACEMENT_3D ( 'NONE', #4429, #1964, #802 ) ;
#3498 = PRODUCT ( '10', '10', '', ( #3039 ) ) ;
#3499 =( NAMED_UNIT ( * ) PLANE_ANGLE_UNIT ( ) SI_UNIT ( $, .RADIAN. ) );
#3500 = VERTEX_POINT ( 'NONE', #4795 ) ;
#3501 = EDGE_LOOP ( 'NONE', ( #1967, #2576, #4829, #4353 ) ) ;
#3502 = STYLED_ITEM ( 'NONE', ( #1530 ), #3650 ) ;
#3503 = ADVANCED_FACE ( 'NONE', ( #2375 ), #24, .T. ) ;
#3504 = DIRECTION ( 'NONE',  ( -3.231085104332679983E-15, -1.000000000000000000, 0.0000000000000000000 ) ) ;
#3505 = DIRECTION ( 'NONE',  ( -0.0000000000000000000, -1.000000000000000000, -0.0000000000000000000 ) ) ;
#3506 = PRODUCT_DEFINITION ( 'UNKNOWN', '', #2590, #224 ) ;
#3507 = EDGE_CURVE ( 'NONE', #3500, #3791, #485, .T. ) ;
#3508 = SURFACE_SIDE_STYLE ('',( #334 ) ) ;
#3509 = SURFACE_SIDE_STYLE ('',( #1892 ) ) ;
#3510 = PRESENTATION_LAYER_ASSIGNMENT (  '', '', ( #2417 ) ) ;
#3511 = COLOUR_RGB ( '',0.7529411764705882248, 0.7529411764705882248, 0.7529411764705882248 ) ;
#3512 = PRODUCT_DEFINITION_SHAPE ( 'NONE', 'NONE',  #5227 ) ;
#3513 = ADVANCED_FACE ( 'NONE', ( #1318 ), #914, .T. ) ;
#3514 = DIRECTION ( 'NONE',  ( 0.0000000000000000000, 1.000000000000000000, 0.0000000000000000000 ) ) ;
#3515 = MECHANICAL_DESIGN_GEOMETRIC_PRESENTATION_REPRESENTATION (  '', ( #1562 ), #1900 ) ;
#3516 = DIRECTION ( 'NONE',  ( 1.000000000000000000, 0.0000000000000000000, 0.0000000000000000000 ) ) ;
#3517 = UNCERTAINTY_MEASURE_WITH_UNIT (LENGTH_MEASURE( 1.000000000000000082E-05 ), #2724, 'distance_accuracy_value', 'NONE');
#3518 = DIRECTION ( 'NONE',  ( -1.000000000000000000, 3.231085104332679983E-15, 0.0000000000000000000 ) ) ;
#3519 = ORIENTED_EDGE ( 'NONE', *, *, #1329, .T. ) ;
#3520 = PRODUCT_DEFINITION_FORMATION_WITH_SPECIFIED_SOURCE ( 'ANY', '', #4660, .NOT_KNOWN. ) ;
#3521 = DIRECTION ( 'NONE',  ( 1.000000000000000000, 0.0000000000000000000, 0.0000000000000000000 ) ) ;
#3522 = LINE ( 'NONE', #1956, #215 ) ;
#3523 = SURFACE_STYLE_USAGE ( .BOTH. , #1549 ) ;
#3524 = UNCERTAINTY_MEASURE_WITH_UNIT (LENGTH_MEASURE( 1.000000000000000082E-05 ), #1974, 'distance_accuracy_value', 'NONE');
#3525 =( NAMED_UNIT ( * ) PLANE_ANGLE_UNIT ( ) SI_UNIT ( $, .RADIAN. ) );
#3526 = SURFACE_SIDE_STYLE ('',( #3466 ) ) ;
#3527 = ORIENTED_EDGE ( 'NONE', *, *, #1721, .F. ) ;
#3528 = DIRECTION ( 'NONE',  ( -1.000000000000000000, 0.0000000000000000000, -0.0000000000000000000 ) ) ;
#3529 = DIRECTION ( 'NONE',  ( -0.0000000000000000000, -0.0000000000000000000, -1.000000000000000000 ) ) ;
#3530 = DIRECTION ( 'NONE',  ( 3.231085104332679983E-15, 1.000000000000000000, 0.0000000000000000000 ) ) ;
#3531 = VERTEX_POINT ( 'NONE', #2607 ) ;
#3532 = ORIENTED_EDGE ( 'NONE', *, *, #3200, .T. ) ;
#3533 = PLANE ( 'NONE',  #2403 ) ;
#3534 =( NAMED_UNIT ( * ) SI_UNIT ( $, .STERADIAN. ) SOLID_ANGLE_UNIT ( ) );
#3535 =( LENGTH_UNIT ( ) NAMED_UNIT ( * ) SI_UNIT ( .MILLI., .METRE. ) );
#3536 = DIRECTION ( 'NONE',  ( 1.000000000000000000, 0.0000000000000000000, 0.0000000000000000000 ) ) ;
#3537 = DIRECTION ( 'NONE',  ( 0.0000000000000000000, 0.0000000000000000000, 1.000000000000000000 ) ) ;
#3538 = EDGE_CURVE ( 'NONE', #1088, #4160, #3076, .T. ) ;
#3539 = EDGE_CURVE ( 'NONE', #1665, #2372, #3740, .T. ) ;
#3540 = CARTESIAN_POINT ( 'NONE',  ( 4.500000000000000000, 2.241781170833500259, 0.0000000000000000000 ) ) ;
#3541 = LINE ( 'NONE', #3976, #784 ) ;
#3542 = SHAPE_REPRESENTATION_RELATIONSHIP ( 'NONE' , 'NONE' ,  #1968, #487 ) ;
#3543 = DIRECTION ( 'NONE',  ( 1.000000000000000000, 0.0000000000000000000, 0.0000000000000000000 ) ) ;
#3544 = EDGE_CURVE ( 'NONE', #1694, #4665, #942, .T. ) ;
#3545 = EDGE_LOOP ( 'NONE', ( #2370, #4480, #1119, #288 ) ) ;
#3546 = AXIS2_PLACEMENT_3D ( 'NONE', #1673, #813, #768 ) ;
#3547 = EDGE_CURVE ( 'NONE', #1600, #4295, #4173, .T. ) ;
#3548 = STYLED_ITEM ( 'NONE', ( #668 ), #2268 ) ;
#3549 =( NAMED_UNIT ( * ) SI_UNIT ( $, .STERADIAN. ) SOLID_ANGLE_UNIT ( ) );
#3550 = SURFACE_STYLE_FILL_AREA ( #320 ) ;
#3551 = PLANE ( 'NONE',  #889 ) ;
#3552 = VECTOR ( 'NONE', #1055, 1000.000000000000000 ) ;
#3553 = FILL_AREA_STYLE ('',( #726 ) ) ;
#3554 = FILL_AREA_STYLE ('',( #2731 ) ) ;
#3555 = ORIENTED_EDGE ( 'NONE', *, *, #3236, .F. ) ;
#3556 =( GEOMETRIC_REPRESENTATION_CONTEXT ( 3 ) GLOBAL_UNCERTAINTY_ASSIGNED_CONTEXT ( ( #131 ) ) GLOBAL_UNIT_ASSIGNED_CONTEXT ( ( #3269, #1158, #4906 ) ) REPRESENTATION_CONTEXT ( 'NONE', 'WORKASPACE' ) );
#3557 = LINE ( 'NONE', #2786, #4674 ) ;
#3558 = SURFACE_STYLE_USAGE ( .BOTH. , #3169 ) ;
#3559 = DIRECTION ( 'NONE',  ( 1.000000000000000000, -3.231085104332679983E-15, 0.0000000000000000000 ) ) ;
#3560 =( LENGTH_UNIT ( ) NAMED_UNIT ( * ) SI_UNIT ( .MILLI., .METRE. ) );
#3561 = MECHANICAL_DESIGN_GEOMETRIC_PRESENTATION_REPRESENTATION (  '', ( #3652 ), #4662 ) ;
#3562 = ORIENTED_EDGE ( 'NONE', *, *, #3765, .T. ) ;
#3563 = MANIFOLD_SOLID_BREP ( 'Imported1', #4311 ) ;
#3564 = ORIENTED_EDGE ( 'NONE', *, *, #3692, .T. ) ;
#3565 = COLOUR_RGB ( '',0.7529411764705882248, 0.7529411764705882248, 0.7529411764705882248 ) ;
#3566 = LINE ( 'NONE', #388, #3490 ) ;
#3567 = CARTESIAN_POINT ( 'NONE',  ( 3.000000000000000888, -1.908218829166499875, 1.300000000000000044 ) ) ;
#3568 = SURFACE_STYLE_USAGE ( .BOTH. , #3508 ) ;
#3569 = UNCERTAINTY_MEASURE_WITH_UNIT (LENGTH_MEASURE( 1.000000000000000082E-05 ), #1802, 'distance_accuracy_value', 'NONE');
#3570 = DIRECTION ( 'NONE',  ( 0.0000000000000000000, 0.0000000000000000000, -1.000000000000000000 ) ) ;
#3571 = AXIS2_PLACEMENT_3D ( 'NONE', #450, #4032, #1710 ) ;
#3572 = AXIS2_PLACEMENT_3D ( 'NONE', #3161, #4801, #259 ) ;
#3573 = PLANE ( 'NONE',  #3417 ) ;
#3574 = CARTESIAN_POINT ( 'NONE',  ( 2.999999999999999112, -2.608218829166496722, 1.300000000000000044 ) ) ;
#3575 = CARTESIAN_POINT ( 'NONE',  ( 4.500000000000000000, -2.258218829166500186, 0.0000000000000000000 ) ) ;
#3576 = UNCERTAINTY_MEASURE_WITH_UNIT (LENGTH_MEASURE( 1.000000000000000082E-05 ), #3022, 'distance_accuracy_value', 'NONE');
#3577 =( LENGTH_UNIT ( ) NAMED_UNIT ( * ) SI_UNIT ( .MILLI., .METRE. ) );
#3578 = VECTOR ( 'NONE', #3071, 1000.000000000000000 ) ;
#3579 = ORIENTED_EDGE ( 'NONE', *, *, #2988, .T. ) ;
#3580 = CARTESIAN_POINT ( 'NONE',  ( 4.500000000000000000, 1.891781170833498837, 0.2999999999999999889 ) ) ;
#3581 = LINE ( 'NONE', #1077, #4797 ) ;
#3582 = PRODUCT_RELATED_PRODUCT_CATEGORY ( 'part', '', ( #3856 ) ) ;
#3583 = FACE_OUTER_BOUND ( 'NONE', #1958, .T. ) ;
#3584 = STYLED_ITEM ( 'NONE', ( #4212 ), #1659 ) ;
#3585 = UNCERTAINTY_MEASURE_WITH_UNIT (LENGTH_MEASURE( 1.000000000000000082E-05 ), #3383, 'distance_accuracy_value', 'NONE');
#3586 = EDGE_CURVE ( 'NONE', #3423, #4041, #4595, .T. ) ;
#3587 =( NAMED_UNIT ( * ) SI_UNIT ( $, .STERADIAN. ) SOLID_ANGLE_UNIT ( ) );
#3588 = FILL_AREA_STYLE ('',( #2307 ) ) ;
#3589 = ORIENTED_EDGE ( 'NONE', *, *, #245, .F. ) ;
#3590 = COLOUR_RGB ( '',0.7529411764705882248, 0.7529411764705882248, 0.7529411764705882248 ) ;
#3591 = DIRECTION ( 'NONE',  ( 1.000000000000000000, 0.0000000000000000000, 0.0000000000000000000 ) ) ;
#3592 = LINE ( 'NONE', #302, #3552 ) ;
#3593 = LINE ( 'NONE', #4376, #2420 ) ;
#3594 = STYLED_ITEM ( 'NONE', ( #5172 ), #1887 ) ;
#3595 = ORIENTED_EDGE ( 'NONE', *, *, #2955, .T. ) ;
#3596 = ORIENTED_EDGE ( 'NONE', *, *, #28, .T. ) ;
#3597 = FACE_OUTER_BOUND ( 'NONE', #1156, .T. ) ;
#3598 = DIRECTION ( 'NONE',  ( -1.000000000000000000, 0.0000000000000000000, -0.0000000000000000000 ) ) ;
#3599 = CARTESIAN_POINT ( 'NONE',  ( -3.500000000000000000, 1.891781170833499948, 1.000000000000000000 ) ) ;
#3600 =( NAMED_UNIT ( * ) SI_UNIT ( $, .STERADIAN. ) SOLID_ANGLE_UNIT ( ) );
#3601 =( BOUNDED_SURFACE ( )  B_SPLINE_SURFACE ( 3, 3, ( 
 ( #2390, #1551, #5216, #4057 ),
 ( #1580, #3188, #823, #4836 ),
 ( #797, #2438, #429, #3011 ),
 ( #2594, #3407, #4986, #926 ) ),
 .UNSPECIFIED., .F., .F., .T. ) 
 B_SPLINE_SURFACE_WITH_KNOTS ( ( 4, 4 ),
 ( 4, 4 ),
 ( 0.0000000000000000000, 1.000000000000000000 ),
 ( 0.0000000000000000000, 1.000000000000000000 ),
 .UNSPECIFIED. ) 
 GEOMETRIC_REPRESENTATION_ITEM ( )  RATIONAL_B_SPLINE_SURFACE ( (
 ( 1.000000000000000000, 0.3333333333333334259, 0.3333333333333334259, 1.000000000000000000),
 ( 0.8047378541243649375, 0.2682459513747884050, 0.2682459513747884050, 0.8047378541243649375),
 ( 0.8047378541243649375, 0.2682459513747884050, 0.2682459513747884050, 0.8047378541243649375),
 ( 1.000000000000000000, 0.3333333333333334259, 0.3333333333333334259, 1.000000000000000000) ) ) 
 REPRESENTATION_ITEM ( '' )  SURFACE ( )  );
#3602 = DIRECTION ( 'NONE',  ( 0.0000000000000000000, 0.0000000000000000000, 1.000000000000000000 ) ) ;
#3603 = VECTOR ( 'NONE', #4688, 1000.000000000000000 ) ;
#3604 = ORIENTED_EDGE ( 'NONE', *, *, #2603, .F. ) ;
#3605 = AXIS2_PLACEMENT_3D ( 'NONE', #3871, #5086, #4638 ) ;
#3606 = DIRECTION ( 'NONE',  ( 1.000000000000000000, -0.0000000000000000000, 0.0000000000000000000 ) ) ;
#3607 = SURFACE_STYLE_USAGE ( .BOTH. , #1133 ) ;
#3608 = CARTESIAN_POINT ( 'NONE',  ( 1.999999999999995559, 1.581953906996889092, 3.637779991155306369 ) ) ;
#3609 = ORIENTED_EDGE ( 'NONE', *, *, #2170, .F. ) ;
#3610 = AXIS2_PLACEMENT_3D ( 'NONE', #3540, #5176, #233 ) ;
#3611 = ADVANCED_FACE ( 'NONE', ( #1450 ), #733, .T. ) ;
#3612 = DIRECTION ( 'NONE',  ( 0.0000000000000000000, 0.0000000000000000000, -1.000000000000000000 ) ) ;
#3613 =( GEOMETRIC_REPRESENTATION_CONTEXT ( 3 ) GLOBAL_UNCERTAINTY_ASSIGNED_CONTEXT ( ( #2730 ) ) GLOBAL_UNIT_ASSIGNED_CONTEXT ( ( #4808, #4471, #4499 ) ) REPRESENTATION_CONTEXT ( 'NONE', 'WORKASPACE' ) );
#3614 = CARTESIAN_POINT ( 'NONE',  ( -3.000000000000000000, 0.0000000000000000000, 3.149999999999999911 ) ) ;
#3615 = FACE_OUTER_BOUND ( 'NONE', #1490, .T. ) ;
#3616 = CARTESIAN_POINT ( 'NONE',  ( 3.249999999999997780, 1.891781170833501280, 1.000000000000000000 ) ) ;
#3617 = ORIENTED_EDGE ( 'NONE', *, *, #2600, .T. ) ;
#3618 = ORIENTED_EDGE ( 'NONE', *, *, #4976, .F. ) ;
#3619 = ADVANCED_FACE ( 'NONE', ( #2336 ), #194, .F. ) ;
#3620 = DIRECTION ( 'NONE',  ( 0.0000000000000000000, -0.0000000000000000000, -1.000000000000000000 ) ) ;
#3621 = DIRECTION ( 'NONE',  ( 1.000000000000000000, 0.0000000000000000000, -0.0000000000000000000 ) ) ;
#3622 =( NAMED_UNIT ( * ) PLANE_ANGLE_UNIT ( ) SI_UNIT ( $, .RADIAN. ) );
#3623 = PRESENTATION_LAYER_ASSIGNMENT (  '', '', ( #1065 ) ) ;
#3624 = PLANE ( 'NONE',  #3143 ) ;
#3625 =( GEOMETRIC_REPRESENTATION_CONTEXT ( 3 ) GLOBAL_UNCERTAINTY_ASSIGNED_CONTEXT ( ( #5163 ) ) GLOBAL_UNIT_ASSIGNED_CONTEXT ( ( #3320, #4449, #3296 ) ) REPRESENTATION_CONTEXT ( 'NONE', 'WORKASPACE' ) );
#3626 = FILL_AREA_STYLE_COLOUR ( '', #210 ) ;
#3627 = FILL_AREA_STYLE_COLOUR ( '', #3371 ) ;
#3628 = UNCERTAINTY_MEASURE_WITH_UNIT (LENGTH_MEASURE( 1.000000000000000082E-05 ), #504, 'distance_accuracy_value', 'NONE');
#3629 = DIRECTION ( 'NONE',  ( -1.000000000000000000, 0.0000000000000000000, 0.0000000000000000000 ) ) ;
#3630 = ORIENTED_EDGE ( 'NONE', *, *, #4543, .F. ) ;
#3631 = SURFACE_STYLE_USAGE ( .BOTH. , #3213 ) ;
#3632 = CARTESIAN_POINT ( 'NONE',  ( 3.350000000000001421, 2.591781170833500347, 0.0000000000000000000 ) ) ;
#3633 = CARTESIAN_POINT ( 'NONE',  ( 3.749999999999997335, 2.591781170833499903, 0.4000000000000000222 ) ) ;
#3634 = UNCERTAINTY_MEASURE_WITH_UNIT (LENGTH_MEASURE( 1.000000000000000082E-05 ), #4368, 'distance_accuracy_value', 'NONE');
#3635 = FILL_AREA_STYLE ('',( #2085 ) ) ;
#3636 = SURFACE_STYLE_FILL_AREA ( #1606 ) ;
#3637 = ORIENTED_EDGE ( 'NONE', *, *, #3368, .F. ) ;
#3638 = CARTESIAN_POINT ( 'NONE',  ( -3.000000000000000000, 0.0000000000000000000, 0.0000000000000000000 ) ) ;
#3639 = STYLED_ITEM ( 'NONE', ( #2002 ), #2982 ) ;
#3640 = CARTESIAN_POINT ( 'NONE',  ( 1.000000000000000000, -3.000000000000000000, 0.0000000000000000000 ) ) ;
#3641 = PLANE ( 'NONE',  #2992 ) ;
#3642 = FILL_AREA_STYLE ('',( #734 ) ) ;
#3643 = AXIS2_PLACEMENT_3D ( 'NONE', #3777, #3342, #516 ) ;
#3644 = VERTEX_POINT ( 'NONE', #303 ) ;
#3645 = VECTOR ( 'NONE', #2622, 1000.000000000000000 ) ;
#3646 = VERTEX_POINT ( 'NONE', #330 ) ;
#3647 = MECHANICAL_DESIGN_GEOMETRIC_PRESENTATION_REPRESENTATION (  '', ( #508 ), #4397 ) ;
#3648 = AXIS2_PLACEMENT_3D ( 'NONE', #4630, #494, #2108 ) ;
#3649 = DIRECTION ( 'NONE',  ( 0.0000000000000000000, 0.0000000000000000000, -1.000000000000000000 ) ) ;
#3650 = ADVANCED_FACE ( 'NONE', ( #4786 ), #2272, .T. ) ;
#3651 = APPLICATION_CONTEXT ( 'automotive_design' ) ;
#3652 = STYLED_ITEM ( 'NONE', ( #3841 ), #179 ) ;
#3653 = CARTESIAN_POINT ( 'NONE',  ( 0.0000000000000000000, 0.0000000000000000000, 3.449999999999999734 ) ) ;
#3654 = VERTEX_POINT ( 'NONE', #573 ) ;
#3655 = CIRCLE ( 'NONE', #4085, 0.09999999999999982514 ) ;
#3656 = SHAPE_REPRESENTATION_RELATIONSHIP ( 'NONE' , 'NONE' ,  #283, #1617 ) ;
#3657 = COLOUR_RGB ( '',0.7529411764705882248, 0.7529411764705882248, 0.7529411764705882248 ) ;
#3658 = EDGE_LOOP ( 'NONE', ( #4372, #3589, #760, #4596 ) ) ;
#3659 = SURFACE_STYLE_FILL_AREA ( #2393 ) ;
#3660 = PRESENTATION_LAYER_ASSIGNMENT (  '', '', ( #2640 ) ) ;
#3661 = PRESENTATION_STYLE_ASSIGNMENT (( #1289 ) ) ;
#3662 = SURFACE_STYLE_FILL_AREA ( #779 ) ;
#3663 = UNCERTAINTY_MEASURE_WITH_UNIT (LENGTH_MEASURE( 1.000000000000000082E-05 ), #4083, 'distance_accuracy_value', 'NONE');
#3664 = ORIENTED_EDGE ( 'NONE', *, *, #3200, .F. ) ;
#3665 = VERTEX_POINT ( 'NONE', #4568 ) ;
#3666 = CARTESIAN_POINT ( 'NONE',  ( -3.350000000000000089, 2.241781170833500259, 0.9000000000000000222 ) ) ;
#3667 = DIRECTION ( 'NONE',  ( -0.0000000000000000000, -1.000000000000000000, -0.0000000000000000000 ) ) ;
#3668 =( NAMED_UNIT ( * ) SI_UNIT ( $, .STERADIAN. ) SOLID_ANGLE_UNIT ( ) );
#3669 = ADVANCED_FACE ( 'NONE', ( #2895 ), #2099, .T. ) ;
#3670 = CARTESIAN_POINT ( 'NONE',  ( -1.999999999999999556, -2.246627197996641900, 3.749999999999998224 ) ) ;
#3671 = FILL_AREA_STYLE ('',( #656 ) ) ;
#3672 =( NAMED_UNIT ( * ) SI_UNIT ( $, .STERADIAN. ) SOLID_ANGLE_UNIT ( ) );
#3673 =( LENGTH_UNIT ( ) NAMED_UNIT ( * ) SI_UNIT ( .MILLI., .METRE. ) );
#3674 =( NAMED_UNIT ( * ) PLANE_ANGLE_UNIT ( ) SI_UNIT ( $, .RADIAN. ) );
#3675 = CARTESIAN_POINT ( 'NONE',  ( 2.000000000000000000, -1.958257569495584161, 3.250000000000000000 ) ) ;
#3676 = ORIENTED_EDGE ( 'NONE', *, *, #4002, .F. ) ;
#3677 = VECTOR ( 'NONE', #4990, 1000.000000000000000 ) ;
#3678 = ADVANCED_FACE ( 'NONE', ( #4622 ), #4681, .T. ) ;
#3679 = DIRECTION ( 'NONE',  ( -1.000000000000000000, 0.0000000000000000000, 0.0000000000000000000 ) ) ;
#3680 = CARTESIAN_POINT ( 'NONE',  ( -3.250000000000000000, -2.258218829166500186, 1.300000000000000044 ) ) ;
#3681 = UNCERTAINTY_MEASURE_WITH_UNIT (LENGTH_MEASURE( 1.000000000000000082E-05 ), #2103, 'distance_accuracy_value', 'NONE');
#3682 = PRESENTATION_STYLE_ASSIGNMENT (( #1658 ) ) ;
#3683 = MECHANICAL_DESIGN_GEOMETRIC_PRESENTATION_REPRESENTATION (  '', ( #2417 ), #5041 ) ;
#3684 = ORIENTED_EDGE ( 'NONE', *, *, #2496, .T. ) ;
#3685 = FILL_AREA_STYLE_COLOUR ( '', #3488 ) ;
#3686 = DIRECTION ( 'NONE',  ( -1.000000000000000000, 3.231085104332679983E-15, -0.0000000000000000000 ) ) ;
#3687 = CARTESIAN_POINT ( 'NONE',  ( -1.999999999999999556, -2.041742430504416284, 3.250000000000000000 ) ) ;
#3688 = CARTESIAN_POINT ( 'NONE',  ( 0.0000000000000000000, 0.0000000000000000000, 4.299999999999999822 ) ) ;
#3689 = ORIENTED_EDGE ( 'NONE', *, *, #4707, .F. ) ;
#3690 = CARTESIAN_POINT ( 'NONE',  ( -2.000000000000000000, 2.000000000000000000, 3.449999999999999734 ) ) ;
#3691 = AXIS2_PLACEMENT_3D ( 'NONE', #3688, #3276, #645 ) ;
#3692 = EDGE_CURVE ( 'NONE', #4936, #2202, #1862, .T. ) ;
#3693 = ITEM_DEFINED_TRANSFORMATION ( 'NONE', 'NONE', #4961,  #1401 ) ;
#3694 = CARTESIAN_POINT ( 'NONE',  ( 3.649999999999999911, -1.908218829166499875, 1.300000000000000044 ) ) ;
#3695 = CARTESIAN_POINT ( 'NONE',  ( 3.649999999999999911, -2.608218829166498942, 0.0000000000000000000 ) ) ;
#3696 = EDGE_CURVE ( 'NONE', #2998, #3019, #2257, .T. ) ;
#3697 = ORIENTED_EDGE ( 'NONE', *, *, #3926, .F. ) ;
#3698 = SURFACE_SIDE_STYLE ('',( #2809 ) ) ;
#3699 = DIRECTION ( 'NONE',  ( -1.000000000000000000, 3.231085104332679983E-15, 0.0000000000000000000 ) ) ;
#3700 = FILL_AREA_STYLE_COLOUR ( '', #3356 ) ;
#3701 = PRODUCT_RELATED_PRODUCT_CATEGORY ( 'part', '', ( #888 ) ) ;
#3702 = EDGE_CURVE ( 'NONE', #4881, #3665, #627, .T. ) ;
#3703 = EDGE_LOOP ( 'NONE', ( #1503, #4269 ) ) ;
#3704 = SURFACE_SIDE_STYLE ('',( #2089 ) ) ;
#3705 = SURFACE_STYLE_FILL_AREA ( #1662 ) ;
#3706 = DIRECTION ( 'NONE',  ( 0.0000000000000000000, 0.0000000000000000000, 1.000000000000000000 ) ) ;
#3707 = APPLICATION_CONTEXT ( 'automotive_design' ) ;
#3708 = LINE ( 'NONE', #4796, #4564 ) ;
#3709 = ORIENTED_EDGE ( 'NONE', *, *, #2735, .F. ) ;
#3710 =( GEOMETRIC_REPRESENTATION_CONTEXT ( 3 ) GLOBAL_UNCERTAINTY_ASSIGNED_CONTEXT ( ( #4297 ) ) GLOBAL_UNIT_ASSIGNED_CONTEXT ( ( #4950, #4624, #201 ) ) REPRESENTATION_CONTEXT ( 'NONE', 'WORKASPACE' ) );
#3711 =( GEOMETRIC_REPRESENTATION_CONTEXT ( 3 ) GLOBAL_UNCERTAINTY_ASSIGNED_CONTEXT ( ( #3576 ) ) GLOBAL_UNIT_ASSIGNED_CONTEXT ( ( #3022, #4272, #2169 ) ) REPRESENTATION_CONTEXT ( 'NONE', 'WORKASPACE' ) );
#3712 = DIRECTION ( 'NONE',  ( -0.0000000000000000000, -1.000000000000000000, -0.0000000000000000000 ) ) ;
#3713 = DIRECTION ( 'NONE',  ( 0.0000000000000000000, 0.0000000000000000000, 1.000000000000000000 ) ) ;
#3714 = AXIS2_PLACEMENT_3D ( 'NONE', #2897, #4147, #4200 ) ;
#3715 = ORIENTED_EDGE ( 'NONE', *, *, #1080, .T. ) ;
#3716 =( GEOMETRIC_REPRESENTATION_CONTEXT ( 3 ) GLOBAL_UNCERTAINTY_ASSIGNED_CONTEXT ( ( #2943 ) ) GLOBAL_UNIT_ASSIGNED_CONTEXT ( ( #2507, #1709, #923 ) ) REPRESENTATION_CONTEXT ( 'NONE', 'WORKASPACE' ) );
#3717 = CARTESIAN_POINT ( 'NONE',  ( 1.649999999999999911, 2.020667218593132755E-16, 4.200000000000000178 ) ) ;
#3718 = SHAPE_DEFINITION_REPRESENTATION ( #4999, #4299 ) ;
#3719 =( NAMED_UNIT ( * ) SI_UNIT ( $, .STERADIAN. ) SOLID_ANGLE_UNIT ( ) );
#3720 = CARTESIAN_POINT ( 'NONE',  ( -3.250000000000000000, -2.608218829166499830, 1.000000000000000000 ) ) ;
#3721 = LINE ( 'NONE', #861, #1347 ) ;
#3722 = COLOUR_RGB ( '',0.7529411764705882248, 0.7529411764705882248, 0.7529411764705882248 ) ;
#3723 = VERTEX_POINT ( 'NONE', #2744 ) ;
#3724 = CARTESIAN_POINT ( 'NONE',  ( 2.000000000000000000, -2.041742430504420280, 3.750000000000000000 ) ) ;
#3725 = STYLED_ITEM ( 'NONE', ( #1433 ), #441 ) ;
#3726 = CARTESIAN_POINT ( 'NONE',  ( 1.916515138991160105, -2.041742430504420724, 3.749999999999999556 ) ) ;
#3727 = SURFACE_STYLE_USAGE ( .BOTH. , #4446 ) ;
#3728 = CARTESIAN_POINT ( 'NONE',  ( 3.000000000000009326, 2.499999999999998668, 3.450000000000000622 ) ) ;
#3729 =( LENGTH_UNIT ( ) NAMED_UNIT ( * ) SI_UNIT ( .MILLI., .METRE. ) );
#3730 = VECTOR ( 'NONE', #821, 1000.000000000000000 ) ;
#3731 = ORIENTED_EDGE ( 'NONE', *, *, #4976, .T. ) ;
#3732 = DIRECTION ( 'NONE',  ( 0.0000000000000000000, 0.0000000000000000000, -1.000000000000000000 ) ) ;
#3733 = ADVANCED_FACE ( 'NONE', ( #227 ), #2205, .T. ) ;
#3734 = DIRECTION ( 'NONE',  ( 0.0000000000000000000, 0.0000000000000000000, 1.000000000000000000 ) ) ;
#3735 = DIRECTION ( 'NONE',  ( 0.0000000000000000000, 0.0000000000000000000, 1.000000000000000000 ) ) ;
#3736 = VECTOR ( 'NONE', #1546, 1000.000000000000000 ) ;
#3737 = EDGE_LOOP ( 'NONE', ( #4308, #4404 ) ) ;
#3738 = PRESENTATION_LAYER_ASSIGNMENT (  '', '', ( #1701 ) ) ;
#3739 = SURFACE_SIDE_STYLE ('',( #1667 ) ) ;
#3740 = LINE ( 'NONE', #1725, #4106 ) ;
#3741 = COLOUR_RGB ( '',0.7529411764705882248, 0.7529411764705882248, 0.7529411764705882248 ) ;
#3742 = CARTESIAN_POINT ( 'NONE',  ( -2.000000000000000888, 1.581953906996888426, 3.637779991155306369 ) ) ;
#3743 = DIRECTION ( 'NONE',  ( 0.0000000000000000000, 0.0000000000000000000, 1.000000000000000000 ) ) ;
#3744 = FILL_AREA_STYLE_COLOUR ( '', #1170 ) ;
#3745 = APPLICATION_PROTOCOL_DEFINITION ( 'draft international standard', 'automotive_design', 1998, #835 ) ;
#3746 = DIRECTION ( 'NONE',  ( -1.000000000000000000, -0.0000000000000000000, 0.0000000000000000000 ) ) ;
#3747 = DIRECTION ( 'NONE',  ( 0.0000000000000000000, 0.0000000000000000000, 1.000000000000000000 ) ) ;
#3748 = ORIENTED_EDGE ( 'NONE', *, *, #1491, .F. ) ;
#3749 = COLOUR_RGB ( '',0.7529411764705882248, 0.7529411764705882248, 0.7529411764705882248 ) ;
#3750 = PLANE ( 'NONE',  #3812 ) ;
#3751 = CARTESIAN_POINT ( 'NONE',  ( 3.350000000000000089, 1.891781170833502390, 0.0000000000000000000 ) ) ;
#3752 =( NAMED_UNIT ( * ) PLANE_ANGLE_UNIT ( ) SI_UNIT ( $, .RADIAN. ) );
#3753 = SHAPE_REPRESENTATION_RELATIONSHIP ( 'NONE' , 'NONE' ,  #3206, #1489 ) ;
#3754 = MECHANICAL_DESIGN_GEOMETRIC_PRESENTATION_REPRESENTATION (  '', ( #2148 ), #632 ) ;
#3755 = VERTEX_POINT ( 'NONE', #3567 ) ;
#3756 = FILL_AREA_STYLE_COLOUR ( '', #3590 ) ;
#3757 = LINE ( 'NONE', #1716, #3645 ) ;
#3758 = VECTOR ( 'NONE', #2586, 1000.000000000000000 ) ;
#3759 = DIRECTION ( 'NONE',  ( 1.000000000000000000, 0.0000000000000000000, 0.0000000000000000000 ) ) ;
#3760 = COLOUR_RGB ( '',0.7529411764705882248, 0.7529411764705882248, 0.7529411764705882248 ) ;
#3761 = PRODUCT_DEFINITION_SHAPE ( 'NONE', 'NONE',  #598 ) ;
#3762 = SURFACE_STYLE_USAGE ( .BOTH. , #3252 ) ;
#3763 = EDGE_CURVE ( 'NONE', #3489, #2131, #553, .T. ) ;
#3764 = ORIENTED_EDGE ( 'NONE', *, *, #3702, .F. ) ;
#3765 = EDGE_CURVE ( 'NONE', #3989, #2998, #808, .T. ) ;
#3766 = COLOUR_RGB ( '',0.0000000000000000000, 0.0000000000000000000, 0.0000000000000000000 ) ;
#3767 = CIRCLE ( 'NONE', #3497, 0.5000000000000000000 ) ;
#3768 = SURFACE_STYLE_FILL_AREA ( #4618 ) ;
#3769 = PLANE ( 'NONE',  #1296 ) ;
#3770 = CARTESIAN_POINT ( 'NONE',  ( -3.250000000000000000, 1.891781170833499948, 0.9000000000000000222 ) ) ;
#3771 = ADVANCED_FACE ( '1', ( #412 ), #4383, .F. ) ;
#3772 = PRODUCT_DEFINITION_FORMATION_WITH_SPECIFIED_SOURCE ( 'ANY', '', #3498, .NOT_KNOWN. ) ;
#3773 = COLOUR_RGB ( '',0.7529411764705882248, 0.7529411764705882248, 0.7529411764705882248 ) ;
#3774 = CARTESIAN_POINT ( 'NONE',  ( -2.000000000000000444, 1.958257569495579720, 3.750000000000000000 ) ) ;
#3776 = DIRECTION ( 'NONE',  ( -1.000000000000000000, 2.168404344971012812E-15, 0.0000000000000000000 ) ) ;
#3775 = PRESENTATION_LAYER_ASSIGNMENT (  '', '', ( #4453 ) ) ;
#3777 = CARTESIAN_POINT ( 'NONE',  ( -2.850000000000000089, 2.850000000000000089, 3.149999999999999911 ) ) ;
#3778 = SHAPE_DEFINITION_REPRESENTATION ( #2196, #655 ) ;
#3779 = DIRECTION ( 'NONE',  ( 0.0000000000000000000, -1.000000000000000000, -0.0000000000000000000 ) ) ;
#3780 = EDGE_LOOP ( 'NONE', ( #2069, #346, #1007, #3579 ) ) ;
#3781 = CARTESIAN_POINT ( 'NONE',  ( 2.000000000000000000, -2.041742430504419392, 3.750000000000000000 ) ) ;
#3782 = LINE ( 'NONE', #634, #4582 ) ;
#3783 = UNCERTAINTY_MEASURE_WITH_UNIT (LENGTH_MEASURE( 1.000000000000000082E-05 ), #1042, 'distance_accuracy_value', 'NONE');
#3784 = FILL_AREA_STYLE_COLOUR ( '', #1682 ) ;
#3785 = ORIENTED_EDGE ( 'NONE', *, *, #2802, .T. ) ;
#3786 =( NAMED_UNIT ( * ) PLANE_ANGLE_UNIT ( ) SI_UNIT ( $, .RADIAN. ) );
#3787 = DIRECTION ( 'NONE',  ( 0.0000000000000000000, 0.0000000000000000000, 1.000000000000000000 ) ) ;
#3788 = CARTESIAN_POINT ( 'NONE',  ( 0.0000000000000000000, 0.0000000000000000000, 0.0000000000000000000 ) ) ;
#3789 = FACE_OUTER_BOUND ( 'NONE', #326, .T. ) ;
#3790 =( LENGTH_UNIT ( ) NAMED_UNIT ( * ) SI_UNIT ( .MILLI., .METRE. ) );
#3791 = VERTEX_POINT ( 'NONE', #1192 ) ;
#3792 = SURFACE_SIDE_STYLE ('',( #590 ) ) ;
#3793 = FILL_AREA_STYLE ('',( #969 ) ) ;
#3794 = PRESENTATION_STYLE_ASSIGNMENT (( #4971 ) ) ;
#3795 =( GEOMETRIC_REPRESENTATION_CONTEXT ( 3 ) GLOBAL_UNCERTAINTY_ASSIGNED_CONTEXT ( ( #4733 ) ) GLOBAL_UNIT_ASSIGNED_CONTEXT ( ( #1152, #1174, #4411 ) ) REPRESENTATION_CONTEXT ( 'NONE', 'WORKASPACE' ) );
#3796 = EDGE_LOOP ( 'NONE', ( #1305, #647, #2314, #2250 ) ) ;
#3797 = CARTESIAN_POINT ( 'NONE',  ( 3.000000000000000000, -1.499999999999999778, 3.450000000000000622 ) ) ;
#3798 = VECTOR ( 'NONE', #2092, 1000.000000000000000 ) ;
#3799 = ADVANCED_FACE ( 'NONE', ( #785 ), #2845, .F. ) ;
#3800 = DIRECTION ( 'NONE',  ( 0.0000000000000000000, -1.000000000000000000, 0.0000000000000000000 ) ) ;
#3801 = PRODUCT_CONTEXT ( 'NONE', #3651, 'mechanical' ) ;
#3802 = CARTESIAN_POINT ( 'NONE',  ( -2.000000000000000000, -1.753372802003358544, 3.749999999999998224 ) ) ;
#3803 = FILL_AREA_STYLE_COLOUR ( '', #4487 ) ;
#3804 = EDGE_LOOP ( 'NONE', ( #777, #2633, #4351, #2338 ) ) ;
#3805 = STYLED_ITEM ( 'NONE', ( #3682 ), #113 ) ;
#3806 = AXIS2_PLACEMENT_3D ( 'NONE', #3037, #1391, #1026 ) ;
#3807 = PRODUCT_DEFINITION_SHAPE ( 'NONE', 'NONE',  #5004 ) ;
#3808 = CARTESIAN_POINT ( 'NONE',  ( -2.850000000000000089, 2.850000000000000089, 0.0000000000000000000 ) ) ;
#3809 = CARTESIAN_POINT ( 'NONE',  ( -1.999999999999999556, -2.500000000000000444, 3.449999999999999734 ) ) ;
#3810 = CARTESIAN_POINT ( 'NONE',  ( 3.000000000000000000, 0.0000000000000000000, 3.449999999999999734 ) ) ;
#3811 = AXIS2_PLACEMENT_3D ( 'NONE', #3487, #3456, #3543 ) ;
#3812 = AXIS2_PLACEMENT_3D ( 'NONE', #3403, #3350, #954 ) ;
#3813 = DIRECTION ( 'NONE',  ( 1.000000000000000000, 0.0000000000000000000, 0.0000000000000000000 ) ) ;
#3814 = VERTEX_POINT ( 'NONE', #4460 ) ;
#3815 = FILL_AREA_STYLE ('',( #3756 ) ) ;
#3816 = DIRECTION ( 'NONE',  ( 1.000000000000000000, 0.0000000000000000000, 0.0000000000000000000 ) ) ;
#3817 = PRODUCT_CONTEXT ( 'NONE', #906, 'mechanical' ) ;
#3818 = CARTESIAN_POINT ( 'NONE',  ( -0.9999999999999951150, 1.499999999999989786, 3.450000000000000622 ) ) ;
#3819 = DIRECTION ( 'NONE',  ( 0.0000000000000000000, 0.0000000000000000000, 1.000000000000000000 ) ) ;
#3820 = VECTOR ( 'NONE', #5060, 1000.000000000000000 ) ;
#3821 = ORIENTED_EDGE ( 'NONE', *, *, #1320, .F. ) ;
#3822 = VECTOR ( 'NONE', #4556, 1000.000000000000000 ) ;
#3823 = CARTESIAN_POINT ( 'NONE',  ( 2.850000000000000089, -2.850000000000000089, 0.0000000000000000000 ) ) ;
#3824 = DIRECTION ( 'NONE',  ( 3.231085104332679983E-15, 1.000000000000000000, -0.0000000000000000000 ) ) ;
#3825 =( LENGTH_UNIT ( ) NAMED_UNIT ( * ) SI_UNIT ( .MILLI., .METRE. ) );
#3826 = PRESENTATION_LAYER_ASSIGNMENT (  '', '', ( #270 ) ) ;
#3827 = EDGE_LOOP ( 'NONE', ( #2939, #1349, #4262, #583, #18, #3395, #2651, #1273, #3966, #824, #1074, #4868 ) ) ;
#3828 = FILL_AREA_STYLE_COLOUR ( '', #807 ) ;
#3829 = AXIS2_PLACEMENT_3D ( 'NONE', #4346, #4722, #1907 ) ;
#3830 = DIRECTION ( 'NONE',  ( -1.000000000000000000, -0.0000000000000000000, 0.0000000000000000000 ) ) ;
#3831 =( NAMED_UNIT ( * ) SI_UNIT ( $, .STERADIAN. ) SOLID_ANGLE_UNIT ( ) );
#3832 = DIRECTION ( 'NONE',  ( -1.000000000000000000, 3.231085104332679983E-15, -0.0000000000000000000 ) ) ;
#3833 =( NAMED_UNIT ( * ) SI_UNIT ( $, .STERADIAN. ) SOLID_ANGLE_UNIT ( ) );
#3834 = EDGE_CURVE ( 'NONE', #3137, #1446, #1568, .T. ) ;
#3835 = VECTOR ( 'NONE', #1311, 1000.000000000000000 ) ;
#3836 = EDGE_CURVE ( 'NONE', #178, #3984, #51, .T. ) ;
#3837 = CARTESIAN_POINT ( 'NONE',  ( -1.000000000000000000, 3.000000000000000000, 0.2999999999999999889 ) ) ;
#3838 =( NAMED_UNIT ( * ) PLANE_ANGLE_UNIT ( ) SI_UNIT ( $, .RADIAN. ) );
#3839 =( GEOMETRIC_REPRESENTATION_CONTEXT ( 3 ) GLOBAL_UNCERTAINTY_ASSIGNED_CONTEXT ( ( #2518 ) ) GLOBAL_UNIT_ASSIGNED_CONTEXT ( ( #4433, #2400, #4020 ) ) REPRESENTATION_CONTEXT ( 'NONE', 'WORKASPACE' ) );
#3840 = UNCERTAINTY_MEASURE_WITH_UNIT (LENGTH_MEASURE( 1.000000000000000082E-05 ), #4933, 'distance_accuracy_value', 'NONE');
#3841 = PRESENTATION_STYLE_ASSIGNMENT (( #1099 ) ) ;
#3842 = ORIENTED_EDGE ( 'NONE', *, *, #568, .T. ) ;
#3843 = EDGE_CURVE ( 'NONE', #3755, #2222, #1270, .T. ) ;
#3844 = FACE_OUTER_BOUND ( 'NONE', #831, .T. ) ;
#3845 = CARTESIAN_POINT ( 'NONE',  ( -2.000000000000000000, 2.500000000000000000, 3.449999999999999734 ) ) ;
#3846 = CARTESIAN_POINT ( 'NONE',  ( 1.000000000000000000, 0.0000000000000000000, 0.0000000000000000000 ) ) ;
#3847 = UNCERTAINTY_MEASURE_WITH_UNIT (LENGTH_MEASURE( 1.000000000000000082E-05 ), #1992, 'distance_accuracy_value', 'NONE');
#3848 = COLOUR_RGB ( '',0.7529411764705882248, 0.7529411764705882248, 0.7529411764705882248 ) ;
#3849 = ORIENTED_EDGE ( 'NONE', *, *, #664, .T. ) ;
#3850 = PRESENTATION_LAYER_ASSIGNMENT (  '', '', ( #1137 ) ) ;
#3851 = DIRECTION ( 'NONE',  ( 1.000000000000000000, 0.0000000000000000000, 0.0000000000000000000 ) ) ;
#3852 = SURFACE_SIDE_STYLE ('',( #3121 ) ) ;
#3853 = DIRECTION ( 'NONE',  ( -1.000000000000000000, -0.0000000000000000000, 0.0000000000000000000 ) ) ;
#3854 = VECTOR ( 'NONE', #425, 1000.000000000000000 ) ;
#3855 = ORIENTED_EDGE ( 'NONE', *, *, #530, .F. ) ;
#3856 = PRODUCT ( '6', '6', '', ( #1277 ) ) ;
#3857 = PRESENTATION_LAYER_ASSIGNMENT (  '', '', ( #3166 ) ) ;
#3858 = DIRECTION ( 'NONE',  ( 0.0000000000000000000, 0.0000000000000000000, -1.000000000000000000 ) ) ;
#3859 = CARTESIAN_POINT ( 'NONE',  ( -3.350000000000000089, -2.258218829166500186, 0.0000000000000000000 ) ) ;
#3860 = SURFACE_STYLE_USAGE ( .BOTH. , #1810 ) ;
#3861 = ADVANCED_FACE ( 'NONE', ( #4169 ), #3221, .T. ) ;
#3862 = FILL_AREA_STYLE ('',( #5079 ) ) ;
#3863 = PRESENTATION_STYLE_ASSIGNMENT (( #3975 ) ) ;
#3864 =( LENGTH_UNIT ( ) NAMED_UNIT ( * ) SI_UNIT ( .MILLI., .METRE. ) );
#3865 = EDGE_CURVE ( 'NONE', #1380, #4432, #3366, .T. ) ;
#3866 =( NAMED_UNIT ( * ) SI_UNIT ( $, .STERADIAN. ) SOLID_ANGLE_UNIT ( ) );
#3867 = ORIENTED_EDGE ( 'NONE', *, *, #1205, .F. ) ;
#3868 = PRESENTATION_STYLE_ASSIGNMENT (( #2757 ) ) ;
#3870 = DIRECTION ( 'NONE',  ( 0.0000000000000000000, 1.000000000000000000, 0.0000000000000000000 ) ) ;
#3869 = STYLED_ITEM ( 'NONE', ( #4350 ), #5192 ) ;
#3871 = CARTESIAN_POINT ( 'NONE',  ( 0.0000000000000000000, 0.0000000000000000000, 0.0000000000000000000 ) ) ;
#3872 = CARTESIAN_POINT ( 'NONE',  ( -1.506745604006711314, 2.246627197996641012, 3.749999999999998224 ) ) ;
#3873 = EDGE_CURVE ( 'NONE', #2112, #3814, #2920, .T. ) ;
#3874 =( LENGTH_UNIT ( ) NAMED_UNIT ( * ) SI_UNIT ( .MILLI., .METRE. ) );
#3875 = ORIENTED_EDGE ( 'NONE', *, *, #1235, .F. ) ;
#3876 =( LENGTH_UNIT ( ) NAMED_UNIT ( * ) SI_UNIT ( .MILLI., .METRE. ) );
#3877 = CARTESIAN_POINT ( 'NONE',  ( 1.916515138991160327, 2.041742430504420280, 3.750000000000000444 ) ) ;
#3878 = PLANE ( 'NONE',  #5108 ) ;
#3879 = SURFACE_STYLE_USAGE ( .BOTH. , #3852 ) ;
#3880 = ORIENTED_EDGE ( 'NONE', *, *, #4581, .T. ) ;
#3881 = CARTESIAN_POINT ( 'NONE',  ( 1.506745604006712203, -1.753372802003358766, 3.749999999999998224 ) ) ;
#3882 = CARTESIAN_POINT ( 'NONE',  ( -1.708578643762690419, 3.417157287525379505, 4.299999999999999822 ) ) ;
#3883 = SURFACE_STYLE_FILL_AREA ( #1864 ) ;
#3884 = DIRECTION ( 'NONE',  ( 1.000000000000000000, -3.252606517456511724E-15, 0.0000000000000000000 ) ) ;
#3885 = CYLINDRICAL_SURFACE ( 'NONE', #2296, 0.09999999999999999167 ) ;
#3886 = AXIS2_PLACEMENT_3D ( 'NONE', #5047, #3443, #5071 ) ;
#3887 = LINE ( 'NONE', #3946, #3909 ) ;
#3888 = UNCERTAINTY_MEASURE_WITH_UNIT (LENGTH_MEASURE( 1.000000000000000082E-05 ), #3924, 'distance_accuracy_value', 'NONE');
#3889 = COLOUR_RGB ( '',0.0000000000000000000, 0.0000000000000000000, 0.0000000000000000000 ) ;
#3890 = EDGE_LOOP ( 'NONE', ( #4892, #3385, #2970, #1410 ) ) ;
#3891 = CLOSED_SHELL ( 'NONE', ( #572, #2636, #1321, #3619, #4221, #1390, #565, #3733, #1591, #441, #1426, #2110, #3611, #58 ) ) ;
#3892 = CARTESIAN_POINT ( 'NONE',  ( 2.836092186006226701, 1.581953906996879988, 3.637779991155306369 ) ) ;
#3893 = UNCERTAINTY_MEASURE_WITH_UNIT (LENGTH_MEASURE( 1.000000000000000082E-05 ), #535, 'distance_accuracy_value', 'NONE');
#3894 =( NAMED_UNIT ( * ) PLANE_ANGLE_UNIT ( ) SI_UNIT ( $, .RADIAN. ) );
#3895 =( GEOMETRIC_REPRESENTATION_CONTEXT ( 3 ) GLOBAL_UNCERTAINTY_ASSIGNED_CONTEXT ( ( #4303 ) ) GLOBAL_UNIT_ASSIGNED_CONTEXT ( ( #1576, #4492, #3977 ) ) REPRESENTATION_CONTEXT ( 'NONE', 'WORKASPACE' ) );
#3896 = ORIENTED_EDGE ( 'NONE', *, *, #3904, .T. ) ;
#3897 = ADVANCED_FACE ( 'NONE', ( #4541 ), #3769, .T. ) ;
#3898 = DIRECTION ( 'NONE',  ( 1.000000000000000000, 0.0000000000000000000, 0.0000000000000000000 ) ) ;
#3899 =( LENGTH_UNIT ( ) NAMED_UNIT ( * ) SI_UNIT ( .MILLI., .METRE. ) );
#3900 = CARTESIAN_POINT ( 'NONE',  ( -3.250000000000000000, 1.891781170833499948, 1.300000000000000044 ) ) ;
#3901 = ORIENTED_EDGE ( 'NONE', *, *, #3207, .T. ) ;
#3902 = SHAPE_REPRESENTATION ( '4', ( #1401 ), #4539 ) ;
#3903 = VERTEX_POINT ( 'NONE', #3335 ) ;
#3904 = EDGE_CURVE ( 'NONE', #501, #3012, #881, .T. ) ;
#3905 = SURFACE_STYLE_FILL_AREA ( #4729 ) ;
#3906 = FACE_OUTER_BOUND ( 'NONE', #4691, .T. ) ;
#3907 = ITEM_DEFINED_TRANSFORMATION ( 'NONE', 'NONE', #4029,  #1401 ) ;
#3908 = DIRECTION ( 'NONE',  ( -3.231085104332679983E-15, -1.000000000000000000, 0.0000000000000000000 ) ) ;
#3909 = VECTOR ( 'NONE', #4739, 1000.000000000000000 ) ;
#3910 = CARTESIAN_POINT ( 'NONE',  ( 2.083484861008839673, -2.041742430504419392, 3.750000000000000000 ) ) ;
#3911 = PRESENTATION_LAYER_ASSIGNMENT (  '', '', ( #3060 ) ) ;
#3912 = APPLICATION_CONTEXT ( 'automotive_design' ) ;
#3913 = SURFACE_STYLE_USAGE ( .BOTH. , #3105 ) ;
#3914 = SURFACE_STYLE_USAGE ( .BOTH. , #744 ) ;
#3915 = FILL_AREA_STYLE_COLOUR ( '', #445 ) ;
#3916 = MECHANICAL_DESIGN_GEOMETRIC_PRESENTATION_REPRESENTATION (  '', ( #1197 ), #624 ) ;
#3917 = VERTEX_POINT ( 'NONE', #3392 ) ;
#3918 = CARTESIAN_POINT ( 'NONE',  ( -1.916515138991160327, -2.041742430504419392, 3.750000000000000000 ) ) ;
#3919 =( GEOMETRIC_REPRESENTATION_CONTEXT ( 3 ) GLOBAL_UNCERTAINTY_ASSIGNED_CONTEXT ( ( #4050 ) ) GLOBAL_UNIT_ASSIGNED_CONTEXT ( ( #1039, #226, #4522 ) ) REPRESENTATION_CONTEXT ( 'NONE', 'WORKASPACE' ) );
#3920 = CARTESIAN_POINT ( 'NONE',  ( 3.000000000000000444, 1.891781170833503278, 1.000000000000000000 ) ) ;
#3921 = CARTESIAN_POINT ( 'NONE',  ( 1.999999999999999556, 1.958257569495580164, 3.750000000000000000 ) ) ;
#3922 = PLANE ( 'NONE',  #2535 ) ;
#3923 = ORIENTED_EDGE ( 'NONE', *, *, #3538, .F. ) ;
#3924 =( LENGTH_UNIT ( ) NAMED_UNIT ( * ) SI_UNIT ( .MILLI., .METRE. ) );
#3925 = CARTESIAN_POINT ( 'NONE',  ( 4.074999999999999289, 2.591781170833500347, 0.0000000000000000000 ) ) ;
#3926 = EDGE_CURVE ( 'NONE', #3723, #4560, #96, .T. ) ;
#3927 = DIRECTION ( 'NONE',  ( -3.231085104332679983E-15, -1.000000000000000000, 0.0000000000000000000 ) ) ;
#3928 = DIRECTION ( 'NONE',  ( 0.0000000000000000000, 0.0000000000000000000, -1.000000000000000000 ) ) ;
#3929 = EDGE_CURVE ( 'NONE', #4052, #2479, #3082, .T. ) ;
#3930 = EDGE_LOOP ( 'NONE', ( #3173, #3459, #1614, #2356 ) ) ;
#3931 = AXIS2_PLACEMENT_3D ( 'NONE', #5194, #2789, #434 ) ;
#3932 = ORIENTED_EDGE ( 'NONE', *, *, #141, .T. ) ;
#3933 =( GEOMETRIC_REPRESENTATION_CONTEXT ( 3 ) GLOBAL_UNCERTAINTY_ASSIGNED_CONTEXT ( ( #336 ) ) GLOBAL_UNIT_ASSIGNED_CONTEXT ( ( #670, #4698, #2254 ) ) REPRESENTATION_CONTEXT ( 'NONE', 'WORKASPACE' ) );
#3934 = CARTESIAN_POINT ( 'NONE',  ( 1.000000000000000000, 3.000000000000000000, 0.0000000000000000000 ) ) ;
#3935 = SURFACE_STYLE_USAGE ( .BOTH. , #250 ) ;
#3936 = FILL_AREA_STYLE_COLOUR ( '', #375 ) ;
#3937 = SURFACE_STYLE_FILL_AREA ( #253 ) ;
#3938 = UNCERTAINTY_MEASURE_WITH_UNIT (LENGTH_MEASURE( 1.000000000000000082E-05 ), #2047, 'distance_accuracy_value', 'NONE');
#3939 = COLOUR_RGB ( '',0.7529411764705882248, 0.7529411764705882248, 0.7529411764705882248 ) ;
#3940 = CARTESIAN_POINT ( 'NONE',  ( 2.083484861008840117, 1.958257569495579276, 3.749999999999999556 ) ) ;
#3941 =( GEOMETRIC_REPRESENTATION_CONTEXT ( 3 ) GLOBAL_UNCERTAINTY_ASSIGNED_CONTEXT ( ( #4216 ) ) GLOBAL_UNIT_ASSIGNED_CONTEXT ( ( #3425, #1014, #3128 ) ) REPRESENTATION_CONTEXT ( 'NONE', 'WORKASPACE' ) );
#3942 = EDGE_CURVE ( 'NONE', #3814, #1533, #4483, .T. ) ;
#3943 = AXIS2_PLACEMENT_3D ( 'NONE', #2995, #4619, #702 ) ;
#3944 = MANIFOLD_SOLID_BREP ( 'Imported1', #167 ) ;
#3945 = LINE ( 'NONE', #1545, #816 ) ;
#3946 = CARTESIAN_POINT ( 'NONE',  ( -3.649999999999999911, -2.608218829166499830, 0.1499999999999999944 ) ) ;
#3947 = SHAPE_REPRESENTATION_RELATIONSHIP ( 'NONE' , 'NONE' ,  #4299, #311 ) ;
#3948 =( NAMED_UNIT ( * ) SI_UNIT ( $, .STERADIAN. ) SOLID_ANGLE_UNIT ( ) );
#3949 = COLOUR_RGB ( '',0.7529411764705882248, 0.7529411764705882248, 0.7529411764705882248 ) ;
#3950 = ORIENTED_EDGE ( 'NONE', *, *, #2827, .T. ) ;
#3951 = FILL_AREA_STYLE ('',( #2542 ) ) ;
#3952 = PRESENTATION_LAYER_ASSIGNMENT (  '', '', ( #1307 ) ) ;
#3953 = FILL_AREA_STYLE_COLOUR ( '', #4659 ) ;
#3954 = DIRECTION ( 'NONE',  ( 0.0000000000000000000, 1.000000000000000000, 0.0000000000000000000 ) ) ;
#3955 = UNCERTAINTY_MEASURE_WITH_UNIT (LENGTH_MEASURE( 1.000000000000000082E-05 ), #4860, 'distance_accuracy_value', 'NONE');
#3956 = SURFACE_SIDE_STYLE ('',( #295 ) ) ;
#3957 = ORIENTED_EDGE ( 'NONE', *, *, #3865, .T. ) ;
#3958 = EDGE_LOOP ( 'NONE', ( #4170, #4326, #2495, #747 ) ) ;
#3959 =( GEOMETRIC_REPRESENTATION_CONTEXT ( 3 ) GLOBAL_UNCERTAINTY_ASSIGNED_CONTEXT ( ( #3893 ) ) GLOBAL_UNIT_ASSIGNED_CONTEXT ( ( #535, #45, #2042 ) ) REPRESENTATION_CONTEXT ( 'NONE', 'WORKASPACE' ) );
#3960 = DIRECTION ( 'NONE',  ( 1.000000000000000000, 0.0000000000000000000, 0.0000000000000000000 ) ) ;
#3961 = CARTESIAN_POINT ( 'NONE',  ( -3.350000000000000089, -2.258218829166500186, 0.9000000000000000222 ) ) ;
#3962 = FILL_AREA_STYLE_COLOUR ( '', #548 ) ;
#3963 = COLOUR_RGB ( '',0.0000000000000000000, 0.0000000000000000000, 0.0000000000000000000 ) ;
#3964 = ORIENTED_EDGE ( 'NONE', *, *, #4751, .T. ) ;
#3965 = PRESENTATION_LAYER_ASSIGNMENT (  '', '', ( #2008 ) ) ;
#3966 = ORIENTED_EDGE ( 'NONE', *, *, #3139, .T. ) ;
#3967 = PRESENTATION_STYLE_ASSIGNMENT (( #139 ) ) ;
#3968 = LINE ( 'NONE', #2684, #1453 ) ;
#3969 =( NAMED_UNIT ( * ) SI_UNIT ( $, .STERADIAN. ) SOLID_ANGLE_UNIT ( ) );
#3970 = PRESENTATION_STYLE_ASSIGNMENT (( #2346 ) ) ;
#3971 = EDGE_CURVE ( 'NONE', #4041, #1600, #4562, .T. ) ;
#3972 = SHAPE_REPRESENTATION ( '2', ( #1401 ), #825 ) ;
#3973 = CARTESIAN_POINT ( 'NONE',  ( -3.750000000000000000, 1.120890585416750129, 0.3000000000000000444 ) ) ;
#3974 =( NAMED_UNIT ( * ) PLANE_ANGLE_UNIT ( ) SI_UNIT ( $, .RADIAN. ) );
#3975 = SURFACE_STYLE_USAGE ( .BOTH. , #4282 ) ;
#3976 = CARTESIAN_POINT ( 'NONE',  ( 3.000000000000000000, 2.850000000000000089, 0.0000000000000000000 ) ) ;
#3977 =( NAMED_UNIT ( * ) SI_UNIT ( $, .STERADIAN. ) SOLID_ANGLE_UNIT ( ) );
#3978 = ORIENTED_EDGE ( 'NONE', *, *, #798, .T. ) ;
#3979 = CARTESIAN_POINT ( 'NONE',  ( 3.650000000000001243, -1.908218829166499875, 0.1499999999999999944 ) ) ;
#3980 =( LENGTH_UNIT ( ) NAMED_UNIT ( * ) SI_UNIT ( .MILLI., .METRE. ) );
#3981 = AXIS2_PLACEMENT_3D ( 'NONE', #3687, #4386, #3274 ) ;
#3982 =( GEOMETRIC_REPRESENTATION_CONTEXT ( 3 ) GLOBAL_UNCERTAINTY_ASSIGNED_CONTEXT ( ( #1227 ) ) GLOBAL_UNIT_ASSIGNED_CONTEXT ( ( #4891, #2911, #4428 ) ) REPRESENTATION_CONTEXT ( 'NONE', 'WORKASPACE' ) );
#3983 = PRESENTATION_STYLE_ASSIGNMENT (( #3043 ) ) ;
#3984 = VERTEX_POINT ( 'NONE', #2551 ) ;
#3985 = AXIS2_PLACEMENT_3D ( 'NONE', #2649, #1079, #2699 ) ;
#3986 = LINE ( 'NONE', #667, #1532 ) ;
#3987 = CARTESIAN_POINT ( 'NONE',  ( -3.250000000000000000, -1.908218829166499875, 0.9000000000000000222 ) ) ;
#3988 =( LENGTH_UNIT ( ) NAMED_UNIT ( * ) SI_UNIT ( .MILLI., .METRE. ) );
#3989 = VERTEX_POINT ( 'NONE', #2579 ) ;
#3990 = ORIENTED_EDGE ( 'NONE', *, *, #1981, .F. ) ;
#3991 = APPLICATION_CONTEXT ( 'automotive_design' ) ;
#3992 = LINE ( 'NONE', #2373, #1714 ) ;
#3993 = CARTESIAN_POINT ( 'NONE',  ( -1.750000000000000000, 2.143131898507868297E-16, 4.200000000000000178 ) ) ;
#3994 = UNCERTAINTY_MEASURE_WITH_UNIT (LENGTH_MEASURE( 1.000000000000000082E-05 ), #3560, 'distance_accuracy_value', 'NONE');
#3995 = SURFACE_STYLE_FILL_AREA ( #4513 ) ;
#3996 = SURFACE_SIDE_STYLE ('',( #2776 ) ) ;
#3997 = FILL_AREA_STYLE ('',( #2381 ) ) ;
#3998 = FILL_AREA_STYLE_COLOUR ( '', #3657 ) ;
#3999 = UNCERTAINTY_MEASURE_WITH_UNIT (LENGTH_MEASURE( 1.000000000000000082E-05 ), #1629, 'distance_accuracy_value', 'NONE');
#4000 = SURFACE_STYLE_FILL_AREA ( #1516 ) ;
#4001 = CARTESIAN_POINT ( 'NONE',  ( -3.649999999999999911, 2.591781170833500347, 0.0000000000000000000 ) ) ;
#4002 = EDGE_CURVE ( 'NONE', #4345, #989, #2824, .T. ) ;
#4003 =( GEOMETRIC_REPRESENTATION_CONTEXT ( 3 ) GLOBAL_UNCERTAINTY_ASSIGNED_CONTEXT ( ( #2981 ) ) GLOBAL_UNIT_ASSIGNED_CONTEXT ( ( #2846, #1589, #1194 ) ) REPRESENTATION_CONTEXT ( 'NONE', 'WORKASPACE' ) );
#4004 = EDGE_LOOP ( 'NONE', ( #2627, #2397, #4687, #4616 ) ) ;
#4005 = DIRECTION ( 'NONE',  ( 0.0000000000000000000, 0.0000000000000000000, 1.000000000000000000 ) ) ;
#4006 = SURFACE_STYLE_FILL_AREA ( #4776 ) ;
#4007 =( NAMED_UNIT ( * ) SI_UNIT ( $, .STERADIAN. ) SOLID_ANGLE_UNIT ( ) );
#4008 = CARTESIAN_POINT ( 'NONE',  ( -4.074999999999999289, -2.608218829166499830, 0.0000000000000000000 ) ) ;
#4009 = ADVANCED_FACE ( 'NONE', ( #2096 ), #4594, .T. ) ;
#4010 = EDGE_LOOP ( 'NONE', ( #4628, #373, #1439, #5088 ) ) ;
#4011 = PLANE ( 'NONE',  #3029 ) ;
#4012 = CARTESIAN_POINT ( 'NONE',  ( 3.250000000000000444, -1.908218829166499431, 1.300000000000000044 ) ) ;
#4013 = FILL_AREA_STYLE_COLOUR ( '', #577 ) ;
#4014 = COLOUR_RGB ( '',0.0000000000000000000, 0.0000000000000000000, 0.0000000000000000000 ) ;
#4015 = AXIS2_PLACEMENT_3D ( 'NONE', #1060, #1456, #1480 ) ;
#4016 = ORIENTED_EDGE ( 'NONE', *, *, #766, .F. ) ;
#4017 = ORIENTED_EDGE ( 'NONE', *, *, #378, .F. ) ;
#4018 =( NAMED_UNIT ( * ) PLANE_ANGLE_UNIT ( ) SI_UNIT ( $, .RADIAN. ) );
#4019 = FILL_AREA_STYLE ('',( #3155 ) ) ;
#4020 =( NAMED_UNIT ( * ) SI_UNIT ( $, .STERADIAN. ) SOLID_ANGLE_UNIT ( ) );
#4021 = MECHANICAL_DESIGN_GEOMETRIC_PRESENTATION_REPRESENTATION (  '', ( #975 ), #2061 ) ;
#4022 = COLOUR_RGB ( '',0.0000000000000000000, 0.0000000000000000000, 0.0000000000000000000 ) ;
#4023 = VECTOR ( 'NONE', #2866, 1000.000000000000000 ) ;
#4024 =( LENGTH_UNIT ( ) NAMED_UNIT ( * ) SI_UNIT ( .MILLI., .METRE. ) );
#4025 = FILL_AREA_STYLE_COLOUR ( '', #609 ) ;
#4026 =( LENGTH_UNIT ( ) NAMED_UNIT ( * ) SI_UNIT ( .MILLI., .METRE. ) );
#4027 = FILL_AREA_STYLE ('',( #5210 ) ) ;
#4028 = ORIENTED_EDGE ( 'NONE', *, *, #2697, .F. ) ;
#4029 = AXIS2_PLACEMENT_3D ( 'NONE', #3389, #2624, #4669 ) ;
#4030 = CARTESIAN_POINT ( 'NONE',  ( -3.750000000000000000, -3.379109414583250093, 0.4000000000000000222 ) ) ;
#4031 = CARTESIAN_POINT ( 'NONE',  ( 6.938893903907229955E-15, 4.483562341667009399, 0.0000000000000000000 ) ) ;
#4032 = DIRECTION ( 'NONE',  ( 3.231085104332679983E-15, 1.000000000000000000, -0.0000000000000000000 ) ) ;
#4033 =( NAMED_UNIT ( * ) SI_UNIT ( $, .STERADIAN. ) SOLID_ANGLE_UNIT ( ) );
#4034 =( LENGTH_UNIT ( ) NAMED_UNIT ( * ) SI_UNIT ( .MILLI., .METRE. ) );
#4035 = VERTEX_POINT ( 'NONE', #3097 ) ;
#4036 =( GEOMETRIC_REPRESENTATION_CONTEXT ( 3 ) GLOBAL_UNCERTAINTY_ASSIGNED_CONTEXT ( ( #2195 ) ) GLOBAL_UNIT_ASSIGNED_CONTEXT ( ( #2804, #1200, #1976 ) ) REPRESENTATION_CONTEXT ( 'NONE', 'WORKASPACE' ) );
#4037 = DIRECTION ( 'NONE',  ( 0.0000000000000000000, 0.0000000000000000000, 1.000000000000000000 ) ) ;
#4038 = EDGE_CURVE ( 'NONE', #2887, #2032, #2281, .T. ) ;
#4039 =( GEOMETRIC_REPRESENTATION_CONTEXT ( 3 ) GLOBAL_UNCERTAINTY_ASSIGNED_CONTEXT ( ( #294 ) ) GLOBAL_UNIT_ASSIGNED_CONTEXT ( ( #2989, #618, #1878 ) ) REPRESENTATION_CONTEXT ( 'NONE', 'WORKASPACE' ) );
#4040 = DIRECTION ( 'NONE',  ( 0.0000000000000000000, 0.0000000000000000000, 1.000000000000000000 ) ) ;
#4041 = VERTEX_POINT ( 'NONE', #1033 ) ;
#4042 = ORIENTED_EDGE ( 'NONE', *, *, #1268, .F. ) ;
#4043 = STYLED_ITEM ( 'NONE', ( #2679 ), #5069 ) ;
#4044 = LINE ( 'NONE', #4540, #1037 ) ;
#4045 = CARTESIAN_POINT ( 'NONE',  ( 0.0000000000000000000, 0.0000000000000000000, 3.149999999999999911 ) ) ;
#4046 = STYLED_ITEM ( 'NONE', ( #3242 ), #681 ) ;
#4047 = PRESENTATION_STYLE_ASSIGNMENT (( #3208 ) ) ;
#4048 = SURFACE_SIDE_STYLE ('',( #4489 ) ) ;
#4049 = DIRECTION ( 'NONE',  ( 3.231085104332679983E-15, 1.000000000000000000, 0.0000000000000000000 ) ) ;
#4050 = UNCERTAINTY_MEASURE_WITH_UNIT (LENGTH_MEASURE( 1.000000000000000082E-05 ), #1039, 'distance_accuracy_value', 'NONE');
#4051 = PLANE ( 'NONE',  #4573 ) ;
#4052 = VERTEX_POINT ( 'NONE', #4724 ) ;
#4053 =( LENGTH_UNIT ( ) NAMED_UNIT ( * ) SI_UNIT ( .MILLI., .METRE. ) );
#4054 = DIRECTION ( 'NONE',  ( 0.0000000000000000000, 0.0000000000000000000, -1.000000000000000000 ) ) ;
#4055 = DIRECTION ( 'NONE',  ( -0.0000000000000000000, -0.0000000000000000000, -1.000000000000000000 ) ) ;
#4056 = SURFACE_SIDE_STYLE ('',( #2437 ) ) ;
#4057 = CARTESIAN_POINT ( 'NONE',  ( -1.750000000000000000, -4.286263797015736595E-16, 4.200000000000000178 ) ) ;
#4058 = VECTOR ( 'NONE', #55, 1000.000000000000000 ) ;
#4059 = ORIENTED_EDGE ( 'NONE', *, *, #3379, .T. ) ;
#4060 = CARTESIAN_POINT ( 'NONE',  ( -3.649999999999999911, 2.241781170833500259, 1.300000000000000044 ) ) ;
#4061 = DIRECTION ( 'NONE',  ( 0.0000000000000000000, -0.0000000000000000000, -1.000000000000000000 ) ) ;
#4062 = VECTOR ( 'NONE', #3528, 1000.000000000000000 ) ;
#4063 = LINE ( 'NONE', #329, #1212 ) ;
#4064 = PRESENTATION_STYLE_ASSIGNMENT (( #934 ) ) ;
#4065 = ADVANCED_FACE ( 'NONE', ( #2706 ), #221, .T. ) ;
#4066 = STYLED_ITEM ( 'NONE', ( #2517 ), #3147 ) ;
#4067 = ORIENTED_EDGE ( 'NONE', *, *, #696, .T. ) ;
#4068 = EDGE_CURVE ( 'NONE', #1468, #2842, #1830, .T. ) ;
#4069 = AXIS2_PLACEMENT_3D ( 'NONE', #2328, #291, #3521 ) ;
#4070 = ORIENTED_EDGE ( 'NONE', *, *, #3299, .T. ) ;
#4071 =( LENGTH_UNIT ( ) NAMED_UNIT ( * ) SI_UNIT ( .MILLI., .METRE. ) );
#4072 = CIRCLE ( 'NONE', #2961, 0.09999999999999999167 ) ;
#4073 = SURFACE_STYLE_USAGE ( .BOTH. , #1166 ) ;
#4074 = VECTOR ( 'NONE', #3606, 1000.000000000000000 ) ;
#4075 =( LENGTH_UNIT ( ) NAMED_UNIT ( * ) SI_UNIT ( .MILLI., .METRE. ) );
#4076 = EDGE_CURVE ( 'NONE', #1585, #3277, #3332, .T. ) ;
#4077 = PRESENTATION_LAYER_ASSIGNMENT (  '', '', ( #1601 ) ) ;
#4078 = CARTESIAN_POINT ( 'NONE',  ( -1.506745604006717754, -1.753372802003358766, 3.749999999999998668 ) ) ;
#4079 = CARTESIAN_POINT ( 'NONE',  ( 0.0000000000000000000, -3.000000000000000000, 0.2999999999999999889 ) ) ;
#4080 = CYLINDRICAL_SURFACE ( 'NONE', #1151, 0.09999999999999982514 ) ;
#4081 = CARTESIAN_POINT ( 'NONE',  ( 2.850000000000000089, -2.850000000000000089, 3.149999999999999911 ) ) ;
#4082 = COLOUR_RGB ( '',0.7529411764705882248, 0.7529411764705882248, 0.7529411764705882248 ) ;
#4083 =( LENGTH_UNIT ( ) NAMED_UNIT ( * ) SI_UNIT ( .MILLI., .METRE. ) );
#4084 = ORIENTED_EDGE ( 'NONE', *, *, #4511, .T. ) ;
#4085 = AXIS2_PLACEMENT_3D ( 'NONE', #3319, #1233, #1656 ) ;
#4086 = CARTESIAN_POINT ( 'NONE',  ( 2.850000000000000089, 2.850000000000000089, 3.149999999999999911 ) ) ;
#4087 = DIRECTION ( 'NONE',  ( -0.0000000000000000000, -0.0000000000000000000, -1.000000000000000000 ) ) ;
#4088 = PRESENTATION_LAYER_ASSIGNMENT (  '', '', ( #5091 ) ) ;
#4089 = ORIENTED_EDGE ( 'NONE', *, *, #2764, .T. ) ;
#4090 = PRESENTATION_STYLE_ASSIGNMENT (( #2012 ) ) ;
#4091 =( GEOMETRIC_REPRESENTATION_CONTEXT ( 3 ) GLOBAL_UNCERTAINTY_ASSIGNED_CONTEXT ( ( #234 ) ) GLOBAL_UNIT_ASSIGNED_CONTEXT ( ( #4075, #1972, #3600 ) ) REPRESENTATION_CONTEXT ( 'NONE', 'WORKASPACE' ) );
#4092 = DIRECTION ( 'NONE',  ( 0.0000000000000000000, -1.000000000000000000, 0.0000000000000000000 ) ) ;
#4093 = ORIENTED_EDGE ( 'NONE', *, *, #2315, .T. ) ;
#4094 = EDGE_CURVE ( 'NONE', #4035, #1315, #799, .T. ) ;
#4095 = CARTESIAN_POINT ( 'NONE',  ( -3.000000000000000444, 1.891781170833499948, 1.300000000000000044 ) ) ;
#4096 = CIRCLE ( 'NONE', #453, 0.1000000000000000472 ) ;
#4097 = ADVANCED_FACE ( 'NONE', ( #2253 ), #3878, .F. ) ;
#4098 = ORIENTED_EDGE ( 'NONE', *, *, #696, .F. ) ;
#4099 = EDGE_CURVE ( 'NONE', #4819, #4441, #3593, .T. ) ;
#4100 = FILL_AREA_STYLE_COLOUR ( '', #3243 ) ;
#4101 = SURFACE_SIDE_STYLE ('',( #859 ) ) ;
#4102 = ITEM_DEFINED_TRANSFORMATION ( 'NONE', 'NONE', #2071,  #1401 ) ;
#4103 = FACE_OUTER_BOUND ( 'NONE', #125, .T. ) ;
#4104 = PRESENTATION_STYLE_ASSIGNMENT (( #1 ) ) ;
#4105 = ORIENTED_EDGE ( 'NONE', *, *, #339, .F. ) ;
#4106 = VECTOR ( 'NONE', #4563, 1000.000000000000000 ) ;
#4107 = FILL_AREA_STYLE ('',( #1253 ) ) ;
#4108 = FACE_OUTER_BOUND ( 'NONE', #1371, .T. ) ;
#4109 = DIRECTION ( 'NONE',  ( 1.000000000000000000, 0.0000000000000000000, 0.0000000000000000000 ) ) ;
#4110 = UNCERTAINTY_MEASURE_WITH_UNIT (LENGTH_MEASURE( 1.000000000000000082E-05 ), #3114, 'distance_accuracy_value', 'NONE');
#4111 = SURFACE_STYLE_USAGE ( .BOTH. , #2813 ) ;
#4112 = MECHANICAL_DESIGN_GEOMETRIC_PRESENTATION_REPRESENTATION (  '', ( #1140 ), #1732 ) ;
#4113 = VERTEX_POINT ( 'NONE', #1560 ) ;
#4114 = AXIS2_PLACEMENT_3D ( 'NONE', #1769, #3464, #585 ) ;
#4115 = DIRECTION ( 'NONE',  ( 0.0000000000000000000, 0.0000000000000000000, 1.000000000000000000 ) ) ;
#4116 = CARTESIAN_POINT ( 'NONE',  ( 0.0000000000000000000, 0.0000000000000000000, 3.449999999999999734 ) ) ;
#4117 = PRESENTATION_STYLE_ASSIGNMENT (( #4823 ) ) ;
#4118 = AXIS2_PLACEMENT_3D ( 'NONE', #2968, #3819, #4752 ) ;
#4119 = COLOUR_RGB ( '',0.7529411764705882248, 0.7529411764705882248, 0.7529411764705882248 ) ;
#4120 = VERTEX_POINT ( 'NONE', #2443 ) ;
#4121 = DIRECTION ( 'NONE',  ( 3.231085104332679983E-15, 1.000000000000000000, -2.938735877055720084E-31 ) ) ;
#4122 = PRESENTATION_LAYER_ASSIGNMENT (  '', '', ( #2771 ) ) ;
#4123 = CARTESIAN_POINT ( 'NONE',  ( -2.999999999999999556, 2.500000000000000000, 3.450000000000000622 ) ) ;
#4124 = CARTESIAN_POINT ( 'NONE',  ( -4.500000000000000000, -2.608218829166499830, 0.0000000000000000000 ) ) ;
#4125 = DIRECTION ( 'NONE',  ( 0.0000000000000000000, 1.000000000000000000, 0.0000000000000000000 ) ) ;
#4126 = PLANE ( 'NONE',  #952 ) ;
#4127 = SURFACE_STYLE_FILL_AREA ( #3400 ) ;
#4128 = MECHANICAL_DESIGN_GEOMETRIC_PRESENTATION_REPRESENTATION (  '', ( #4379 ), #3625 ) ;
#4129 = ORIENTED_EDGE ( 'NONE', *, *, #699, .F. ) ;
#4130 = EDGE_CURVE ( 'NONE', #2097, #2131, #3767, .T. ) ;
#4131 = SURFACE_STYLE_FILL_AREA ( #3635 ) ;
#4132 = SURFACE_SIDE_STYLE ('',( #2566 ) ) ;
#4133 = ORIENTED_EDGE ( 'NONE', *, *, #4617, .F. ) ;
#4134 = LINE ( 'NONE', #2376, #2957 ) ;
#4135 =( BOUNDED_CURVE ( )  B_SPLINE_CURVE ( 3, ( #3111, #690, #3918, #2357 ),
 .UNSPECIFIED., .F., .T. ) 
 B_SPLINE_CURVE_WITH_KNOTS ( ( 4, 4 ),
 ( 0.0000000000000000000, 1.000000000000000000 ),
 .UNSPECIFIED. ) 
 CURVE ( )  GEOMETRIC_REPRESENTATION_ITEM ( )  RATIONAL_B_SPLINE_CURVE ( ( 1.000000000000000000, 0.3333333333333368120, 0.3333333333333368120, 1.000000000000000000 ) ) 
 REPRESENTATION_ITEM ( '' )  );
#4136 = ORIENTED_EDGE ( 'NONE', *, *, #599, .F. ) ;
#4137 = CIRCLE ( 'NONE', #3191, 0.1000000000000000472 ) ;
#4138 = AXIS2_PLACEMENT_3D ( 'NONE', #1160, #1239, #827 ) ;
#4139 = FILL_AREA_STYLE ('',( #2471 ) ) ;
#4140 = FILL_AREA_STYLE ('',( #2472 ) ) ;
#4141 = DIRECTION ( 'NONE',  ( 0.0000000000000000000, -0.0000000000000000000, 1.000000000000000000 ) ) ;
#4142 =( GEOMETRIC_REPRESENTATION_CONTEXT ( 3 ) GLOBAL_UNCERTAINTY_ASSIGNED_CONTEXT ( ( #876 ) ) GLOBAL_UNIT_ASSIGNED_CONTEXT ( ( #1457, #4704, #3969 ) ) REPRESENTATION_CONTEXT ( 'NONE', 'WORKASPACE' ) );
#4143 = PRODUCT ( '1', '1', '', ( #3314 ) ) ;
#4144 = CLOSED_SHELL ( 'NONE', ( #631, #3307, #2051, #4190 ) ) ;
#4145 = CIRCLE ( 'NONE', #4839, 0.4000000000000000222 ) ;
#4146 = CARTESIAN_POINT ( 'NONE',  ( 2.836092186006223148, -2.418046093003110020, 3.637779991155306814 ) ) ;
#4147 = DIRECTION ( 'NONE',  ( 0.0000000000000000000, 0.0000000000000000000, -1.000000000000000000 ) ) ;
#4148 = APPLICATION_PROTOCOL_DEFINITION ( 'draft international standard', 'automotive_design', 1998, #4252 ) ;
#4149 = PRESENTATION_STYLE_ASSIGNMENT (( #1885 ) ) ;
#4150 = CARTESIAN_POINT ( 'NONE',  ( -2.000000000000000000, -1.500000000000000000, 3.449999999999999734 ) ) ;
#4151 = LINE ( 'NONE', #3695, #686 ) ;
#4152 = AXIS2_PLACEMENT_3D ( 'NONE', #2, #2780, #4878 ) ;
#4153 = ORIENTED_EDGE ( 'NONE', *, *, #2696, .F. ) ;
#4154 = CARTESIAN_POINT ( 'NONE',  ( 1.999999999999999556, 1.500000000000000222, 3.449999999999999734 ) ) ;
#4155 = FACE_OUTER_BOUND ( 'NONE', #2792, .T. ) ;
#4156 = SURFACE_SIDE_STYLE ('',( #3381 ) ) ;
#4157 = EDGE_CURVE ( 'NONE', #4188, #5107, #4063, .T. ) ;
#4158 = CYLINDRICAL_SURFACE ( 'NONE', #3811, 1.750000000000000000 ) ;
#4159 = CIRCLE ( 'NONE', #101, 0.09999999999999999167 ) ;
#4160 = VERTEX_POINT ( 'NONE', #4842 ) ;
#4161 =( LENGTH_UNIT ( ) NAMED_UNIT ( * ) SI_UNIT ( .MILLI., .METRE. ) );
#4162 = DIRECTION ( 'NONE',  ( 1.000000000000000000, -3.231085104332679983E-15, 0.0000000000000000000 ) ) ;
#4163 = LINE ( 'NONE', #532, #3677 ) ;
#4164 = CARTESIAN_POINT ( 'NONE',  ( 0.0000000000000000000, 0.0000000000000000000, 0.0000000000000000000 ) ) ;
#4165 = CARTESIAN_POINT ( 'NONE',  ( -1.999999999999999556, 2.246627197996641900, 3.749999999999998224 ) ) ;
#4166 = VECTOR ( 'NONE', #1488, 1000.000000000000000 ) ;
#4167 = UNCERTAINTY_MEASURE_WITH_UNIT (LENGTH_MEASURE( 1.000000000000000082E-05 ), #837, 'distance_accuracy_value', 'NONE');
#4168 = EDGE_CURVE ( 'NONE', #2327, #753, #1722, .T. ) ;
#4169 = FACE_OUTER_BOUND ( 'NONE', #2038, .T. ) ;
#4170 = ORIENTED_EDGE ( 'NONE', *, *, #4856, .T. ) ;
#4171 = COLOUR_RGB ( '',0.7529411764705882248, 0.7529411764705882248, 0.7529411764705882248 ) ;
#4172 = CARTESIAN_POINT ( 'NONE',  ( 1.999999999999999556, 1.958257569495580608, 3.750000000000000000 ) ) ;
#4173 = LINE ( 'NONE', #542, #885 ) ;
#4174 =( GEOMETRIC_REPRESENTATION_CONTEXT ( 3 ) GLOBAL_UNCERTAINTY_ASSIGNED_CONTEXT ( ( #2407 ) ) GLOBAL_UNIT_ASSIGNED_CONTEXT ( ( #2634, #127, #4676 ) ) REPRESENTATION_CONTEXT ( 'NONE', 'WORKASPACE' ) );
#4175 = CARTESIAN_POINT ( 'NONE',  ( -1.999999999999999112, -2.500000000000000000, 3.449999999999999734 ) ) ;
#4176 = PRESENTATION_STYLE_ASSIGNMENT (( #4570 ) ) ;
#4177 = APPLICATION_PROTOCOL_DEFINITION ( 'draft international standard', 'automotive_design', 1998, #3094 ) ;
#4178 = CARTESIAN_POINT ( 'NONE',  ( 0.0000000000000000000, 0.0000000000000000000, 3.449999999999999734 ) ) ;
#4179 = STYLED_ITEM ( 'NONE', ( #4406 ), #3442 ) ;
#4180 = VERTEX_POINT ( 'NONE', #2040 ) ;
#4181 = SURFACE_STYLE_FILL_AREA ( #4578 ) ;
#4182 = CYLINDRICAL_SURFACE ( 'NONE', #3057, 0.4000000000000001887 ) ;
#4183 =( REPRESENTATION_RELATIONSHIP ('NONE','NONE', #251, #3972 ) REPRESENTATION_RELATIONSHIP_WITH_TRANSFORMATION ( #4600 )SHAPE_REPRESENTATION_RELATIONSHIP( ) );
#4184 = EDGE_LOOP ( 'NONE', ( #307, #1547, #2947, #1792 ) ) ;
#4185 = DIRECTION ( 'NONE',  ( 0.0000000000000000000, -0.0000000000000000000, -1.000000000000000000 ) ) ;
#4186 = LINE ( 'NONE', #2912, #1131 ) ;
#4187 = VECTOR ( 'NONE', #913, 1000.000000000000000 ) ;
#4188 = VERTEX_POINT ( 'NONE', #3170 ) ;
#4189 = AXIS2_PLACEMENT_3D ( 'NONE', #2974, #4599, #4718 ) ;
#4190 = ADVANCED_FACE ( '6', ( #3615 ), #405, .T. ) ;
#4191 =( NAMED_UNIT ( * ) SI_UNIT ( $, .STERADIAN. ) SOLID_ANGLE_UNIT ( ) );
#4192 = CARTESIAN_POINT ( 'NONE',  ( -2.000000000000000000, -2.041742430504419392, 3.750000000000000000 ) ) ;
#4193 = FILL_AREA_STYLE_COLOUR ( '', #4022 ) ;
#4194 = COLOUR_RGB ( '',0.0000000000000000000, 0.0000000000000000000, 0.0000000000000000000 ) ;
#4195 = ORIENTED_EDGE ( 'NONE', *, *, #4168, .T. ) ;
#4196 = LINE ( 'NONE', #3638, #2560 ) ;
#4197 = CARTESIAN_POINT ( 'NONE',  ( 2.000000000000000888, -2.500000000000000000, 3.449999999999999734 ) ) ;
#4199 = CARTESIAN_POINT ( 'NONE',  ( 1.999999999999999556, 1.958257569495584605, 3.250000000000000000 ) ) ;
#4198 = PRESENTATION_LAYER_ASSIGNMENT (  '', '', ( #818 ) ) ;
#4200 = DIRECTION ( 'NONE',  ( -1.000000000000000000, 0.0000000000000000000, -0.0000000000000000000 ) ) ;
#4201 = PRODUCT_CONTEXT ( 'NONE', #2462, 'mechanical' ) ;
#4202 = CARTESIAN_POINT ( 'NONE',  ( -1.999999999999997780, -2.246627197996641012, 3.749999999999998224 ) ) ;
#4203 = VERTEX_POINT ( 'NONE', #4012 ) ;
#4204 = PRESENTATION_LAYER_ASSIGNMENT (  '', '', ( #4810 ) ) ;
#4205 = DIRECTION ( 'NONE',  ( 0.0000000000000000000, 1.000000000000000000, 0.0000000000000000000 ) ) ;
#4206 = CARTESIAN_POINT ( 'NONE',  ( 3.649999999999999911, 2.241781170833500259, 1.300000000000000044 ) ) ;
#4207 = PRESENTATION_STYLE_ASSIGNMENT (( #4607 ) ) ;
#4208 =( NAMED_UNIT ( * ) PLANE_ANGLE_UNIT ( ) SI_UNIT ( $, .RADIAN. ) );
#4209 = PRESENTATION_LAYER_ASSIGNMENT (  '', '', ( #3869 ) ) ;
#4210 = AXIS2_PLACEMENT_3D ( 'NONE', #2790, #4843, #2395 ) ;
#4211 = ORIENTED_EDGE ( 'NONE', *, *, #81, .T. ) ;
#4212 = PRESENTATION_STYLE_ASSIGNMENT (( #1821 ) ) ;
#4213 = FILL_AREA_STYLE ('',( #984 ) ) ;
#4214 = SURFACE_STYLE_FILL_AREA ( #767 ) ;
#4215 = DIRECTION ( 'NONE',  ( 1.000000000000000000, 0.0000000000000000000, 0.0000000000000000000 ) ) ;
#4216 = UNCERTAINTY_MEASURE_WITH_UNIT (LENGTH_MEASURE( 1.000000000000000082E-05 ), #3425, 'distance_accuracy_value', 'NONE');
#4217 = ORIENTED_EDGE ( 'NONE', *, *, #4246, .T. ) ;
#4218 = FILL_AREA_STYLE ('',( #1009 ) ) ;
#4219 = DIRECTION ( 'NONE',  ( 1.000000000000000000, 0.0000000000000000000, 0.0000000000000000000 ) ) ;
#4220 =( LENGTH_UNIT ( ) NAMED_UNIT ( * ) SI_UNIT ( .MILLI., .METRE. ) );
#4221 = ADVANCED_FACE ( 'NONE', ( #2014 ), #3641, .F. ) ;
#4222 = STYLED_ITEM ( 'NONE', ( #945 ), #3049 ) ;
#4223 = ORIENTED_EDGE ( 'NONE', *, *, #1205, .T. ) ;
#4224 = CARTESIAN_POINT ( 'NONE',  ( 2.083484861008840117, -2.041742430504418948, 3.750000000000000444 ) ) ;
#4225 = CIRCLE ( 'NONE', #4069, 0.1499999999999999667 ) ;
#4226 = LINE ( 'NONE', #602, #4935 ) ;
#4227 = EDGE_CURVE ( 'NONE', #261, #5095, #2941, .T. ) ;
#4228 = VERTEX_POINT ( 'NONE', #964 ) ;
#4229 = PRESENTATION_LAYER_ASSIGNMENT (  '', '', ( #2959 ) ) ;
#4230 = FACE_OUTER_BOUND ( 'NONE', #5010, .T. ) ;
#4231 = PLANE ( 'NONE',  #855 ) ;
#4232 = CIRCLE ( 'NONE', #2379, 0.5000000000000000000 ) ;
#4233 = VECTOR ( 'NONE', #2831, 1000.000000000000000 ) ;
#4234 =( NAMED_UNIT ( * ) SI_UNIT ( $, .STERADIAN. ) SOLID_ANGLE_UNIT ( ) );
#4235 = ORIENTED_EDGE ( 'NONE', *, *, #3538, .T. ) ;
#4236 = CARTESIAN_POINT ( 'NONE',  ( -4.500000000000000000, 2.591781170833500347, 0.0000000000000000000 ) ) ;
#4237 = FACE_OUTER_BOUND ( 'NONE', #3737, .T. ) ;
#4238 = CARTESIAN_POINT ( 'NONE',  ( -1.916515138991159661, 1.958257569495579498, 3.749999999999999556 ) ) ;
#4239 = VECTOR ( 'NONE', #1816, 1000.000000000000000 ) ;
#4240 = VERTEX_POINT ( 'NONE', #2486 ) ;
#4241 =( GEOMETRIC_REPRESENTATION_CONTEXT ( 3 ) GLOBAL_UNCERTAINTY_ASSIGNED_CONTEXT ( ( #2185 ) ) GLOBAL_UNIT_ASSIGNED_CONTEXT ( ( #285, #1098, #2689 ) ) REPRESENTATION_CONTEXT ( 'NONE', 'WORKASPACE' ) );
#4242 = PRESENTATION_STYLE_ASSIGNMENT (( #2605 ) ) ;
#4243 = PRESENTATION_STYLE_ASSIGNMENT (( #459 ) ) ;
#4244 = VECTOR ( 'NONE', #5190, 1000.000000000000000 ) ;
#4245 = ORIENTED_EDGE ( 'NONE', *, *, #1620, .T. ) ;
#4246 = EDGE_CURVE ( 'NONE', #3100, #2665, #4163, .T. ) ;
#4247 = EDGE_CURVE ( 'NONE', #1452, #3277, #4186, .T. ) ;
#4248 = CARTESIAN_POINT ( 'NONE',  ( 1.708578643762689753, 3.417157287525379505, 4.299999999999999822 ) ) ;
#4249 = CARTESIAN_POINT ( 'NONE',  ( 1.916515138991160994, 2.041742430504419836, 3.750000000000000000 ) ) ;
#4250 = DIRECTION ( 'NONE',  ( 0.0000000000000000000, 1.000000000000000000, 0.0000000000000000000 ) ) ;
#4251 = CONTEXT_DEPENDENT_SHAPE_REPRESENTATION ( #3258, #596 ) ;
#4252 = APPLICATION_CONTEXT ( 'automotive_design' ) ;
#4253 = CARTESIAN_POINT ( 'NONE',  ( 2.083484861008840561, 2.041742430504419836, 3.749999999999999556 ) ) ;
#4254 = PRESENTATION_LAYER_ASSIGNMENT (  '', '', ( #1288 ) ) ;
#4255 = EDGE_CURVE ( 'NONE', #4475, #3423, #722, .T. ) ;
#4256 = FACE_OUTER_BOUND ( 'NONE', #552, .T. ) ;
#4257 = CARTESIAN_POINT ( 'NONE',  ( 3.350000000000000089, -2.608218829166498054, 0.0000000000000000000 ) ) ;
#4258 = COLOUR_RGB ( '',0.7529411764705882248, 0.7529411764705882248, 0.7529411764705882248 ) ;
#4259 = UNCERTAINTY_MEASURE_WITH_UNIT (LENGTH_MEASURE( 1.000000000000000082E-05 ), #3673, 'distance_accuracy_value', 'NONE');
#4260 = APPLICATION_PROTOCOL_DEFINITION ( 'draft international standard', 'automotive_design', 1998, #4354 ) ;
#4261 = SURFACE_STYLE_FILL_AREA ( #2301 ) ;
#4262 = ORIENTED_EDGE ( 'NONE', *, *, #3586, .T. ) ;
#4263 = FACE_OUTER_BOUND ( 'NONE', #4941, .T. ) ;
#4264 = PRESENTATION_STYLE_ASSIGNMENT (( #742 ) ) ;
#4265 = SURFACE_STYLE_FILL_AREA ( #3361 ) ;
#4266 = DIRECTION ( 'NONE',  ( 0.0000000000000000000, 0.0000000000000000000, 1.000000000000000000 ) ) ;
#4267 = PRESENTATION_LAYER_ASSIGNMENT (  '', '', ( #1804 ) ) ;
#4268 = COLOUR_RGB ( '',0.7529411764705882248, 0.7529411764705882248, 0.7529411764705882248 ) ;
#4269 = ORIENTED_EDGE ( 'NONE', *, *, #3929, .F. ) ;
#4270 = PRESENTATION_LAYER_ASSIGNMENT (  '', '', ( #1466 ) ) ;
#4271 = STYLED_ITEM ( 'NONE', ( #308 ), #3678 ) ;
#4272 =( NAMED_UNIT ( * ) PLANE_ANGLE_UNIT ( ) SI_UNIT ( $, .RADIAN. ) );
#4273 = SURFACE_STYLE_FILL_AREA ( #2952 ) ;
#4274 = STYLED_ITEM ( 'NONE', ( #1856 ), #4097 ) ;
#4275 = EDGE_LOOP ( 'NONE', ( #2984, #877, #4070, #853 ) ) ;
#4276 = CARTESIAN_POINT ( 'NONE',  ( -1.649999999999999911, 0.0000000000000000000, 4.299999999999999822 ) ) ;
#4277 =( GEOMETRIC_REPRESENTATION_CONTEXT ( 3 ) GLOBAL_UNCERTAINTY_ASSIGNED_CONTEXT ( ( #2671 ) ) GLOBAL_UNIT_ASSIGNED_CONTEXT ( ( #2641, #4631, #5007 ) ) REPRESENTATION_CONTEXT ( 'NONE', 'WORKASPACE' ) );
#4278 = LINE ( 'NONE', #1061, #676 ) ;
#4279 = CONTEXT_DEPENDENT_SHAPE_REPRESENTATION ( #1196, #1381 ) ;
#4280 = AXIS2_PLACEMENT_3D ( 'NONE', #1750, #4991, #136 ) ;
#4281 = PLANE ( 'NONE',  #3546 ) ;
#4282 = SURFACE_SIDE_STYLE ('',( #1840 ) ) ;
#4283 = ADVANCED_FACE ( 'NONE', ( #1749 ), #874, .T. ) ;
#4284 = VERTEX_POINT ( 'NONE', #3326 ) ;
#4285 =( GEOMETRIC_REPRESENTATION_CONTEXT ( 3 ) GLOBAL_UNCERTAINTY_ASSIGNED_CONTEXT ( ( #189 ) ) GLOBAL_UNIT_ASSIGNED_CONTEXT ( ( #4898, #30, #3672 ) ) REPRESENTATION_CONTEXT ( 'NONE', 'WORKASPACE' ) );
#4286 = CARTESIAN_POINT ( 'NONE',  ( 3.350000000000000089, -2.258218829166500186, 0.9000000000000000222 ) ) ;
#4287 = SURFACE_STYLE_USAGE ( .BOTH. , #751 ) ;
#4288 = VERTEX_POINT ( 'NONE', #479 ) ;
#4289 = ORIENTED_EDGE ( 'NONE', *, *, #1295, .T. ) ;
#4290 =( GEOMETRIC_REPRESENTATION_CONTEXT ( 3 ) GLOBAL_UNCERTAINTY_ASSIGNED_CONTEXT ( ( #4369 ) ) GLOBAL_UNIT_ASSIGNED_CONTEXT ( ( #1210, #2482, #4033 ) ) REPRESENTATION_CONTEXT ( 'NONE', 'WORKASPACE' ) );
#4291 = CARTESIAN_POINT ( 'NONE',  ( -2.850000000000000089, 2.850000000000000089, 3.449999999999999734 ) ) ;
#4292 = DIRECTION ( 'NONE',  ( -1.000000000000000000, 0.0000000000000000000, 0.0000000000000000000 ) ) ;
#4293 = CARTESIAN_POINT ( 'NONE',  ( 3.000000000000000000, 0.0000000000000000000, 3.149999999999999911 ) ) ;
#4294 = DIRECTION ( 'NONE',  ( -1.000000000000000000, 0.0000000000000000000, -0.0000000000000000000 ) ) ;
#4295 = VERTEX_POINT ( 'NONE', #4962 ) ;
#4296 = PLANE ( 'NONE',  #503 ) ;
#4297 = UNCERTAINTY_MEASURE_WITH_UNIT (LENGTH_MEASURE( 1.000000000000000082E-05 ), #4950, 'distance_accuracy_value', 'NONE');
#4298 = FILL_AREA_STYLE_COLOUR ( '', #4171 ) ;
#4299 = SHAPE_REPRESENTATION ( '9', ( #1401 ), #991 ) ;
#4300 = AXIS2_PLACEMENT_3D ( 'NONE', #2848, #3183, #4462 ) ;
#4301 = COLOUR_RGB ( '',0.0000000000000000000, 0.0000000000000000000, 0.0000000000000000000 ) ;
#4302 = CARTESIAN_POINT ( 'NONE',  ( -3.250000000000000000, 2.241781170833500259, 0.9000000000000000222 ) ) ;
#4303 = UNCERTAINTY_MEASURE_WITH_UNIT (LENGTH_MEASURE( 1.000000000000000082E-05 ), #1576, 'distance_accuracy_value', 'NONE');
#4304 = FILL_AREA_STYLE ('',( #1070 ) ) ;
#4305 = CARTESIAN_POINT ( 'NONE',  ( 3.750000000000000000, -1.137328243749749834, 0.4000000000000000222 ) ) ;
#4306 = VECTOR ( 'NONE', #2685, 1000.000000000000000 ) ;
#4307 = CIRCLE ( 'NONE', #4834, 0.1499999999999999667 ) ;
#4308 = ORIENTED_EDGE ( 'NONE', *, *, #2764, .F. ) ;
#4309 = EDGE_CURVE ( 'NONE', #457, #2225, #4938, .T. ) ;
#4310 = CARTESIAN_POINT ( 'NONE',  ( -3.349999999999999645, 2.591781170833500347, 0.4000000000000000222 ) ) ;
#4311 = CLOSED_SHELL ( 'NONE', ( #3669, #4876, #1883, #2568 ) ) ;
#4312 = EDGE_CURVE ( 'NONE', #1315, #4636, #3359, .T. ) ;
#4313 = DIRECTION ( 'NONE',  ( 0.0000000000000000000, 1.000000000000000000, 0.0000000000000000000 ) ) ;
#4314 = DIRECTION ( 'NONE',  ( -0.0000000000000000000, 0.0000000000000000000, 1.000000000000000000 ) ) ;
#4315 = UNCERTAINTY_MEASURE_WITH_UNIT (LENGTH_MEASURE( 1.000000000000000082E-05 ), #3790, 'distance_accuracy_value', 'NONE');
#4316 =( LENGTH_UNIT ( ) NAMED_UNIT ( * ) SI_UNIT ( .MILLI., .METRE. ) );
#4317 = ORIENTED_EDGE ( 'NONE', *, *, #89, .T. ) ;
#4318 = STYLED_ITEM ( 'NONE', ( #2589 ), #338 ) ;
#4319 = ORIENTED_EDGE ( 'NONE', *, *, #1793, .T. ) ;
#4320 = PRESENTATION_STYLE_ASSIGNMENT (( #1082 ) ) ;
#4321 = EDGE_CURVE ( 'NONE', #2887, #705, #1312, .T. ) ;
#4322 = CARTESIAN_POINT ( 'NONE',  ( -3.349999999999999645, 1.120890585416750129, 0.4000000000000000222 ) ) ;
#4323 = DIRECTION ( 'NONE',  ( 0.0000000000000000000, -1.000000000000000000, -0.0000000000000000000 ) ) ;
#4324 = PRESENTATION_LAYER_ASSIGNMENT (  '', '', ( #3126 ) ) ;
#4325 = SURFACE_SIDE_STYLE ('',( #2172 ) ) ;
#4326 = ORIENTED_EDGE ( 'NONE', *, *, #3437, .T. ) ;
#4327 = COLOUR_RGB ( '',0.7529411764705882248, 0.7529411764705882248, 0.7529411764705882248 ) ;
#4328 =( NAMED_UNIT ( * ) PLANE_ANGLE_UNIT ( ) SI_UNIT ( $, .RADIAN. ) );
#4329 = CARTESIAN_POINT ( 'NONE',  ( -3.250000000000000000, 2.241781170833500259, 0.9000000000000000222 ) ) ;
#4330 = DIRECTION ( 'NONE',  ( 1.000000000000000000, 0.0000000000000000000, -0.0000000000000000000 ) ) ;
#4331 = CONTEXT_DEPENDENT_SHAPE_REPRESENTATION ( #2015, #3512 ) ;
#4332 = FACE_OUTER_BOUND ( 'NONE', #759, .T. ) ;
#4333 =( NAMED_UNIT ( * ) SI_UNIT ( $, .STERADIAN. ) SOLID_ANGLE_UNIT ( ) );
#4334 = CYLINDRICAL_SURFACE ( 'NONE', #1859, 0.3999999999999999667 ) ;
#4335 = CARTESIAN_POINT ( 'NONE',  ( -3.350000000000000089, 1.891781170833499948, 0.9000000000000000222 ) ) ;
#4336 = COLOUR_RGB ( '',0.0000000000000000000, 0.0000000000000000000, 0.0000000000000000000 ) ;
#4337 = VERTEX_POINT ( 'NONE', #3038 ) ;
#4338 = PRESENTATION_STYLE_ASSIGNMENT (( #1103 ) ) ;
#4339 = MECHANICAL_DESIGN_GEOMETRIC_PRESENTATION_REPRESENTATION (  '', ( #1288 ), #967 ) ;
#4340 = CYLINDRICAL_SURFACE ( 'NONE', #2199, 0.4000000000000000222 ) ;
#4341 = DIRECTION ( 'NONE',  ( 1.000000000000000000, 0.0000000000000000000, 0.0000000000000000000 ) ) ;
#4342 = DIRECTION ( 'NONE',  ( 0.0000000000000000000, 0.0000000000000000000, 1.000000000000000000 ) ) ;
#4343 = PRESENTATION_STYLE_ASSIGNMENT (( #1109 ) ) ;
#4344 = VECTOR ( 'NONE', #52, 1000.000000000000000 ) ;
#4345 = VERTEX_POINT ( 'NONE', #3015 ) ;
#4346 = CARTESIAN_POINT ( 'NONE',  ( 0.0000000000000000000, -4.500000000000000000, 0.2999999999999999889 ) ) ;
#4347 = LINE ( 'NONE', #730, #1415 ) ;
#4348 = SURFACE_SIDE_STYLE ('',( #3662 ) ) ;
#4349 = PRESENTATION_STYLE_ASSIGNMENT (( #3879 ) ) ;
#4350 = PRESENTATION_STYLE_ASSIGNMENT (( #383 ) ) ;
#4351 = ORIENTED_EDGE ( 'NONE', *, *, #443, .F. ) ;
#4352 = EDGE_CURVE ( 'NONE', #1669, #4203, #1768, .T. ) ;
#4353 = ORIENTED_EDGE ( 'NONE', *, *, #1080, .F. ) ;
#4354 = APPLICATION_CONTEXT ( 'automotive_design' ) ;
#4355 = CARTESIAN_POINT ( 'NONE',  ( -1.750000000000000000, 0.0000000000000000000, 4.200000000000000178 ) ) ;
#4356 = SURFACE_STYLE_USAGE ( .BOTH. , #3055 ) ;
#4357 = UNCERTAINTY_MEASURE_WITH_UNIT (LENGTH_MEASURE( 1.000000000000000082E-05 ), #4071, 'distance_accuracy_value', 'NONE');
#4358 = MECHANICAL_DESIGN_GEOMETRIC_PRESENTATION_REPRESENTATION (  '', ( #1466 ), #1807 ) ;
#4359 = LINE ( 'NONE', #1540, #446 ) ;
#4360 = AXIS2_PLACEMENT_3D ( 'NONE', #4586, #158, #932 ) ;
#4361 = FACE_OUTER_BOUND ( 'NONE', #3074, .T. ) ;
#4362 = PRESENTATION_STYLE_ASSIGNMENT (( #2351 ) ) ;
#4363 = MECHANICAL_DESIGN_GEOMETRIC_PRESENTATION_REPRESENTATION (  '', ( #231 ), #4373 ) ;
#4364 = CARTESIAN_POINT ( 'NONE',  ( -3.750000000000000000, -2.608218829166499830, 0.3000000000000000444 ) ) ;
#4365 =( NAMED_UNIT ( * ) PLANE_ANGLE_UNIT ( ) SI_UNIT ( $, .RADIAN. ) );
#4366 = SURFACE_SIDE_STYLE ('',( #4261 ) ) ;
#4367 = ORIENTED_EDGE ( 'NONE', *, *, #1756, .F. ) ;
#4368 =( LENGTH_UNIT ( ) NAMED_UNIT ( * ) SI_UNIT ( .MILLI., .METRE. ) );
#4369 = UNCERTAINTY_MEASURE_WITH_UNIT (LENGTH_MEASURE( 1.000000000000000082E-05 ), #1210, 'distance_accuracy_value', 'NONE');
#4370 = PRESENTATION_STYLE_ASSIGNMENT (( #1136 ) ) ;
#4371 =( NAMED_UNIT ( * ) PLANE_ANGLE_UNIT ( ) SI_UNIT ( $, .RADIAN. ) );
#4372 = ORIENTED_EDGE ( 'NONE', *, *, #4856, .F. ) ;
#4373 =( GEOMETRIC_REPRESENTATION_CONTEXT ( 3 ) GLOBAL_UNCERTAINTY_ASSIGNED_CONTEXT ( ( #4315 ) ) GLOBAL_UNIT_ASSIGNED_CONTEXT ( ( #3790, #1416, #190 ) ) REPRESENTATION_CONTEXT ( 'NONE', 'WORKASPACE' ) );
#4374 = CARTESIAN_POINT ( 'NONE',  ( 3.749999999999998668, -1.908218829166499875, 0.3000000000000000444 ) ) ;
#4375 = CARTESIAN_POINT ( 'NONE',  ( 4.500000000000000888, -1.908218829166499875, 0.0000000000000000000 ) ) ;
#4376 = CARTESIAN_POINT ( 'NONE',  ( 4.074999999999999289, -2.608218829166499830, 1.000000000000000000 ) ) ;
#4377 = SURFACE_SIDE_STYLE ('',( #5168 ) ) ;
#4378 = PLANE ( 'NONE',  #829 ) ;
#4379 = STYLED_ITEM ( 'NONE', ( #107 ), #1617 ) ;
#4380 = ORIENTED_EDGE ( 'NONE', *, *, #1491, .T. ) ;
#4381 = EDGE_LOOP ( 'NONE', ( #4367, #4713, #5111, #1219 ) ) ;
#4382 = CARTESIAN_POINT ( 'NONE',  ( -2.850000000000000089, -2.850000000000000089, 0.0000000000000000000 ) ) ;
#4383 = PLANE ( 'NONE',  #464 ) ;
#4384 = ADVANCED_FACE ( 'NONE', ( #5085 ), #3573, .T. ) ;
#4385 =( LENGTH_UNIT ( ) NAMED_UNIT ( * ) SI_UNIT ( .MILLI., .METRE. ) );
#4386 = DIRECTION ( 'NONE',  ( 1.000000000000000000, -1.224646799147353207E-16, 0.0000000000000000000 ) ) ;
#4387 = EDGE_CURVE ( 'NONE', #4188, #3402, #2216, .T. ) ;
#4388 = DIRECTION ( 'NONE',  ( 0.0000000000000000000, 1.000000000000000000, 0.0000000000000000000 ) ) ;
#4389 =( LENGTH_UNIT ( ) NAMED_UNIT ( * ) SI_UNIT ( .MILLI., .METRE. ) );
#4390 = DIRECTION ( 'NONE',  ( -0.0000000000000000000, -0.0000000000000000000, 1.000000000000000000 ) ) ;
#4391 = ORIENTED_EDGE ( 'NONE', *, *, #4099, .T. ) ;
#4392 = COLOUR_RGB ( '',0.0000000000000000000, 0.0000000000000000000, 0.0000000000000000000 ) ;
#4393 = MECHANICAL_DESIGN_GEOMETRIC_PRESENTATION_REPRESENTATION (  '', ( #3548 ), #1592 ) ;
#4394 = PRESENTATION_STYLE_ASSIGNMENT (( #3523 ) ) ;
#4395 = MECHANICAL_DESIGN_GEOMETRIC_PRESENTATION_REPRESENTATION (  '', ( #4066 ), #4737 ) ;
#4396 = ORIENTED_EDGE ( 'NONE', *, *, #4255, .F. ) ;
#4397 =( GEOMETRIC_REPRESENTATION_CONTEXT ( 3 ) GLOBAL_UNCERTAINTY_ASSIGNED_CONTEXT ( ( #1069 ) ) GLOBAL_UNIT_ASSIGNED_CONTEXT ( ( #3874, #4371, #4809 ) ) REPRESENTATION_CONTEXT ( 'NONE', 'WORKASPACE' ) );
#4398 = VECTOR ( 'NONE', #2262, 1000.000000000000000 ) ;
#4399 = SURFACE_STYLE_FILL_AREA ( #2278 ) ;
#4400 = CARTESIAN_POINT ( 'NONE',  ( -1.649999999999999911, 0.0000000000000000000, 4.200000000000000178 ) ) ;
#4401 = PRODUCT_DEFINITION_CONTEXT ( 'detailed design', #1096, 'design' ) ;
#4402 = AXIS2_PLACEMENT_3D ( 'NONE', #4557, #3384, #1286 ) ;
#4403 = ORIENTED_EDGE ( 'NONE', *, *, #707, .F. ) ;
#4404 = ORIENTED_EDGE ( 'NONE', *, *, #498, .F. ) ;
#4405 = VECTOR ( 'NONE', #5151, 1000.000000000000000 ) ;
#4406 = PRESENTATION_STYLE_ASSIGNMENT (( #1507 ) ) ;
#4407 = CARTESIAN_POINT ( 'NONE',  ( -3.000000000000000444, -1.908218829166499875, 1.000000000000000000 ) ) ;
#4408 = PRESENTATION_STYLE_ASSIGNMENT (( #3227 ) ) ;
#4409 = CIRCLE ( 'NONE', #5089, 0.1499999999999999667 ) ;
#4410 = STYLED_ITEM ( 'NONE', ( #468 ), #1101 ) ;
#4411 =( NAMED_UNIT ( * ) SI_UNIT ( $, .STERADIAN. ) SOLID_ANGLE_UNIT ( ) );
#4412 = FACE_OUTER_BOUND ( 'NONE', #1739, .T. ) ;
#4413 = DIRECTION ( 'NONE',  ( 0.0000000000000000000, 1.000000000000000000, 0.0000000000000000000 ) ) ;
#4414 = UNCERTAINTY_MEASURE_WITH_UNIT (LENGTH_MEASURE( 1.000000000000000082E-05 ), #2366, 'distance_accuracy_value', 'NONE');
#4415 = EDGE_CURVE ( 'NONE', #112, #753, #4612, .T. ) ;
#4416 = STYLED_ITEM ( 'NONE', ( #2378 ), #1398 ) ;
#4417 = ORIENTED_EDGE ( 'NONE', *, *, #4751, .F. ) ;
#4418 = ADVANCED_FACE ( 'NONE', ( #4361 ), #641, .T. ) ;
#4419 =( NAMED_UNIT ( * ) SI_UNIT ( $, .STERADIAN. ) SOLID_ANGLE_UNIT ( ) );
#4420 = FILL_AREA_STYLE_COLOUR ( '', #3766 ) ;
#4421 = DIRECTION ( 'NONE',  ( -0.0000000000000000000, -1.000000000000000000, 0.0000000000000000000 ) ) ;
#4422 = STYLED_ITEM ( 'NONE', ( #3868 ), #1763 ) ;
#4423 = UNCERTAINTY_MEASURE_WITH_UNIT (LENGTH_MEASURE( 1.000000000000000082E-05 ), #850, 'distance_accuracy_value', 'NONE');
#4424 = SURFACE_STYLE_USAGE ( .BOTH. , #3956 ) ;
#4425 = DIRECTION ( 'NONE',  ( 0.0000000000000000000, 1.000000000000000000, 0.0000000000000000000 ) ) ;
#4426 = EDGE_LOOP ( 'NONE', ( #5028, #3235, #2519, #3065 ) ) ;
#4427 = DIRECTION ( 'NONE',  ( 0.0000000000000000000, 0.0000000000000000000, 1.000000000000000000 ) ) ;
#4428 =( NAMED_UNIT ( * ) SI_UNIT ( $, .STERADIAN. ) SOLID_ANGLE_UNIT ( ) );
#4429 = CARTESIAN_POINT ( 'NONE',  ( 2.000000000000000444, -2.041742430504415395, 3.250000000000000000 ) ) ;
#4430 = LINE ( 'NONE', #1117, #5138 ) ;
#4431 = ORIENTED_EDGE ( 'NONE', *, *, #922, .F. ) ;
#4432 = VERTEX_POINT ( 'NONE', #1846 ) ;
#4433 =( LENGTH_UNIT ( ) NAMED_UNIT ( * ) SI_UNIT ( .MILLI., .METRE. ) );
#4434 = VECTOR ( 'NONE', #2516, 1000.000000000000000 ) ;
#4435 = AXIS2_PLACEMENT_3D ( 'NONE', #3280, #4141, #512 ) ;
#4436 = PRODUCT ( 'User Library-PTS645SL43SMTR92-LFS', 'User Library-PTS645SL43SMTR92-LFS', '', ( #3032 ) ) ;
#4437 = VECTOR ( 'NONE', #2596, 1000.000000000000000 ) ;
#4438 = CARTESIAN_POINT ( 'NONE',  ( -3.649999999999999911, 1.891781170833499948, 0.9000000000000000222 ) ) ;
#4439 = SURFACE_STYLE_FILL_AREA ( #2264 ) ;
#4440 = PRESENTATION_LAYER_ASSIGNMENT (  '', '', ( #2585 ) ) ;
#4441 = VERTEX_POINT ( 'NONE', #4769 ) ;
#4442 = EDGE_CURVE ( 'NONE', #4772, #4113, #3159, .T. ) ;
#4443 = COLOUR_RGB ( '',0.7921568627450980005, 0.8196078431372548767, 0.9333333333333333481 ) ;
#4444 = CARTESIAN_POINT ( 'NONE',  ( 0.0000000000000000000, 3.000000000000000000, 3.149999999999999911 ) ) ;
#4445 =( GEOMETRIC_REPRESENTATION_CONTEXT ( 3 ) GLOBAL_UNCERTAINTY_ASSIGNED_CONTEXT ( ( #39 ) ) GLOBAL_UNIT_ASSIGNED_CONTEXT ( ( #2237, #3838, #4606 ) ) REPRESENTATION_CONTEXT ( 'NONE', 'WORKASPACE' ) );
#4446 = SURFACE_SIDE_STYLE ('',( #79 ) ) ;
#4447 = PRODUCT_RELATED_PRODUCT_CATEGORY ( 'part', '', ( #4143 ) ) ;
#4448 = EDGE_CURVE ( 'NONE', #989, #1653, #1642, .T. ) ;
#4449 =( NAMED_UNIT ( * ) PLANE_ANGLE_UNIT ( ) SI_UNIT ( $, .RADIAN. ) );
#4450 = ORIENTED_EDGE ( 'NONE', *, *, #1921, .T. ) ;
#4451 = MECHANICAL_DESIGN_GEOMETRIC_PRESENTATION_REPRESENTATION (  '', ( #2426 ), #476 ) ;
#4452 = PRESENTATION_STYLE_ASSIGNMENT (( #2816 ) ) ;
#4453 = STYLED_ITEM ( 'NONE', ( #371 ), #311 ) ;
#4454 = DIRECTION ( 'NONE',  ( 0.0000000000000000000, -0.0000000000000000000, 1.000000000000000000 ) ) ;
#4455 = EDGE_CURVE ( 'NONE', #331, #4441, #4924, .T. ) ;
#4456 = UNCERTAINTY_MEASURE_WITH_UNIT (LENGTH_MEASURE( 1.000000000000000082E-05 ), #4740, 'distance_accuracy_value', 'NONE');
#4457 = ORIENTED_EDGE ( 'NONE', *, *, #5034, .F. ) ;
#4458 = ORIENTED_EDGE ( 'NONE', *, *, #1145, .T. ) ;
#4459 = SURFACE_STYLE_USAGE ( .BOTH. , #95 ) ;
#4460 = CARTESIAN_POINT ( 'NONE',  ( -2.850000000000000089, -3.000000000000000000, 3.149999999999999911 ) ) ;
#4461 =( LENGTH_UNIT ( ) NAMED_UNIT ( * ) SI_UNIT ( .MILLI., .METRE. ) );
#4462 = DIRECTION ( 'NONE',  ( 0.0000000000000000000, -0.0000000000000000000, 1.000000000000000000 ) ) ;
#4463 = CARTESIAN_POINT ( 'NONE',  ( 3.250000000000001332, 2.591781170833500791, 0.9000000000000000222 ) ) ;
#4464 =( LENGTH_UNIT ( ) NAMED_UNIT ( * ) SI_UNIT ( .MILLI., .METRE. ) );
#4465 = LINE ( 'NONE', #4001, #1261 ) ;
#4466 = VERTEX_POINT ( 'NONE', #4438 ) ;
#4467 = DIRECTION ( 'NONE',  ( -3.231085104332679983E-15, -1.000000000000000000, 2.938735877055720084E-31 ) ) ;
#4468 = CARTESIAN_POINT ( 'NONE',  ( 4.074999999999999289, -2.608218829166499830, 0.0000000000000000000 ) ) ;
#4469 = CARTESIAN_POINT ( 'NONE',  ( 3.000000000000000000, 2.850000000000000089, 0.0000000000000000000 ) ) ;
#4470 = UNCERTAINTY_MEASURE_WITH_UNIT (LENGTH_MEASURE( 1.000000000000000082E-05 ), #4464, 'distance_accuracy_value', 'NONE');
#4471 =( NAMED_UNIT ( * ) PLANE_ANGLE_UNIT ( ) SI_UNIT ( $, .RADIAN. ) );
#4472 = AXIS2_PLACEMENT_3D ( 'NONE', #892, #4125, #1376 ) ;
#4473 =( BOUNDED_SURFACE ( )  B_SPLINE_SURFACE ( 3, 3, ( 
 ( #2648, #4238, #1393, #1751 ),
 ( #2246, #2598, #3872, #4165 ),
 ( #534, #3440, #1848, #242 ),
 ( #3465, #3818, #5014, #1770 ) ),
 .UNSPECIFIED., .F., .F., .F. ) 
 B_SPLINE_SURFACE_WITH_KNOTS ( ( 4, 4 ),
 ( 4, 4 ),
 ( 0.0000000000000000000, 1.000000000000000000 ),
 ( 0.0000000000000000000, 1.000000000000000000 ),
 .UNSPECIFIED. ) 
 GEOMETRIC_REPRESENTATION_ITEM ( )  RATIONAL_B_SPLINE_SURFACE ( (
 ( 1.000000000000000000, 0.3333333333333299842, 0.3333333333333299842, 1.000000000000000000),
 ( 0.8911066843560517814, 0.2970355614520142629, 0.2970355614520142629, 0.8911066843560517814),
 ( 0.8911066843560517814, 0.2970355614520142629, 0.2970355614520142629, 0.8911066843560517814),
 ( 1.000000000000000000, 0.3333333333333299842, 0.3333333333333299842, 1.000000000000000000) ) ) 
 REPRESENTATION_ITEM ( '' )  SURFACE ( )  );
#4474 = ADVANCED_FACE ( 'NONE', ( #1275 ), #2052, .T. ) ;
#4475 = VERTEX_POINT ( 'NONE', #2896 ) ;
#4476 = ADVANCED_FACE ( 'NONE', ( #29 ), #1558, .T. ) ;
#4477 = CARTESIAN_POINT ( 'NONE',  ( 6.938893903907229955E-15, -1.908218829166499875, 0.2999999999999999889 ) ) ;
#4478 =( GEOMETRIC_REPRESENTATION_CONTEXT ( 3 ) GLOBAL_UNCERTAINTY_ASSIGNED_CONTEXT ( ( #764 ) ) GLOBAL_UNIT_ASSIGNED_CONTEXT ( ( #3535, #5054, #5149 ) ) REPRESENTATION_CONTEXT ( 'NONE', 'WORKASPACE' ) );
#4479 =( NAMED_UNIT ( * ) SI_UNIT ( $, .STERADIAN. ) SOLID_ANGLE_UNIT ( ) );
#4480 = ORIENTED_EDGE ( 'NONE', *, *, #4748, .F. ) ;
#4481 = AXIS2_PLACEMENT_3D ( 'NONE', #134, #3358, #584 ) ;
#4482 = EDGE_CURVE ( 'NONE', #3665, #2602, #3372, .T. ) ;
#4483 = LINE ( 'NONE', #4970, #1460 ) ;
#4484 = PLANE ( 'NONE',  #3410 ) ;
#4485 = AXIS2_PLACEMENT_3D ( 'NONE', #4931, #3679, #2905 ) ;
#4486 = FILL_AREA_STYLE ('',( #364 ) ) ;
#4487 = COLOUR_RGB ( '',0.0000000000000000000, 0.0000000000000000000, 0.0000000000000000000 ) ;
#4488 =( NAMED_UNIT ( * ) PLANE_ANGLE_UNIT ( ) SI_UNIT ( $, .RADIAN. ) );
#4489 = SURFACE_STYLE_FILL_AREA ( #466 ) ;
#4490 = DIRECTION ( 'NONE',  ( -1.000000000000000000, 0.0000000000000000000, -0.0000000000000000000 ) ) ;
#4491 =( GEOMETRIC_REPRESENTATION_CONTEXT ( 3 ) GLOBAL_UNCERTAINTY_ASSIGNED_CONTEXT ( ( #4110 ) ) GLOBAL_UNIT_ASSIGNED_CONTEXT ( ( #3114, #4777, #4007 ) ) REPRESENTATION_CONTEXT ( 'NONE', 'WORKASPACE' ) );
#4492 =( NAMED_UNIT ( * ) PLANE_ANGLE_UNIT ( ) SI_UNIT ( $, .RADIAN. ) );
#4493 = ORIENTED_EDGE ( 'NONE', *, *, #4792, .T. ) ;
#4494 = VECTOR ( 'NONE', #1379, 1000.000000000000000 ) ;
#4495 = DIRECTION ( 'NONE',  ( 0.0000000000000000000, 0.0000000000000000000, 1.000000000000000000 ) ) ;
#4496 = DIRECTION ( 'NONE',  ( 0.0000000000000000000, 0.0000000000000000000, 1.000000000000000000 ) ) ;
#4497 = LINE ( 'NONE', #3632, #1048 ) ;
#4498 = CARTESIAN_POINT ( 'NONE',  ( -1.000000000000000000, 3.000000000000000000, 0.0000000000000000000 ) ) ;
#4499 =( NAMED_UNIT ( * ) SI_UNIT ( $, .STERADIAN. ) SOLID_ANGLE_UNIT ( ) );
#4500 = PRESENTATION_STYLE_ASSIGNMENT (( #4111 ) ) ;
#4501 = ORIENTED_EDGE ( 'NONE', *, *, #4442, .F. ) ;
#4502 = CIRCLE ( 'NONE', #192, 0.5000000000000000000 ) ;
#4503 = SURFACE_SIDE_STYLE ('',( #3220 ) ) ;
#4504 =( BOUNDED_CURVE ( )  B_SPLINE_CURVE ( 3, ( #2659, #5121, #4249, #3479 ),
 .UNSPECIFIED., .F., .T. ) 
 B_SPLINE_CURVE_WITH_KNOTS ( ( 4, 4 ),
 ( 0.0000000000000000000, 1.000000000000000000 ),
 .UNSPECIFIED. ) 
 CURVE ( )  GEOMETRIC_REPRESENTATION_ITEM ( )  RATIONAL_B_SPLINE_CURVE ( ( 1.000000000000000000, 0.3333333333333368120, 0.3333333333333368120, 1.000000000000000000 ) ) 
 REPRESENTATION_ITEM ( '' )  );
#4505 = SURFACE_SIDE_STYLE ('',( #91 ) ) ;
#4506 = AXIS2_PLACEMENT_3D ( 'NONE', #110, #4988, #3386 ) ;
#4507 = ORIENTED_EDGE ( 'NONE', *, *, #2773, .F. ) ;
#4508 = CIRCLE ( 'NONE', #1711, 0.4000000000000001887 ) ;
#4509 = SURFACE_SIDE_STYLE ('',( #2521 ) ) ;
#4510 = PRODUCT_DEFINITION ( 'UNKNOWN', '', #4706, #435 ) ;
#4511 = EDGE_CURVE ( 'NONE', #2781, #587, #973, .T. ) ;
#4512 = SURFACE_STYLE_USAGE ( .BOTH. , #119 ) ;
#4513 = FILL_AREA_STYLE ('',( #4100 ) ) ;
#4514 = CONTEXT_DEPENDENT_SHAPE_REPRESENTATION ( #4183, #2531 ) ;
#4515 = DIRECTION ( 'NONE',  ( -1.000000000000000000, -0.0000000000000000000, 0.0000000000000000000 ) ) ;
#4516 =( NAMED_UNIT ( * ) SI_UNIT ( $, .STERADIAN. ) SOLID_ANGLE_UNIT ( ) );
#4517 =( GEOMETRIC_REPRESENTATION_CONTEXT ( 3 ) GLOBAL_UNCERTAINTY_ASSIGNED_CONTEXT ( ( #2987 ) ) GLOBAL_UNIT_ASSIGNED_CONTEXT ( ( #272, #2678, #622 ) ) REPRESENTATION_CONTEXT ( 'NONE', 'WORKASPACE' ) );
#4518 = LINE ( 'NONE', #5027, #513 ) ;
#4519 = VERTEX_POINT ( 'NONE', #3341 ) ;
#4520 = VECTOR ( 'NONE', #4388, 1000.000000000000000 ) ;
#4521 = STYLED_ITEM ( 'NONE', ( #2072 ), #3897 ) ;
#4522 =( NAMED_UNIT ( * ) SI_UNIT ( $, .STERADIAN. ) SOLID_ANGLE_UNIT ( ) );
#4523 = LINE ( 'NONE', #4468, #5161 ) ;
#4524 = CARTESIAN_POINT ( 'NONE',  ( -1.000000000000000000, 0.0000000000000000000, 0.2999999999999999889 ) ) ;
#4525 = LINE ( 'NONE', #1631, #695 ) ;
#4526 = UNCERTAINTY_MEASURE_WITH_UNIT (LENGTH_MEASURE( 1.000000000000000082E-05 ), #4667, 'distance_accuracy_value', 'NONE');
#4527 = FACE_OUTER_BOUND ( 'NONE', #5139, .T. ) ;
#4528 = COLOUR_RGB ( '',0.7529411764705882248, 0.7529411764705882248, 0.7529411764705882248 ) ;
#4529 = ORIENTED_EDGE ( 'NONE', *, *, #2926, .F. ) ;
#4530 = STYLED_ITEM ( 'NONE', ( #3262 ), #3394 ) ;
#4531 = CARTESIAN_POINT ( 'NONE',  ( -2.000000000000000000, -1.500000000000000000, 3.449999999999999734 ) ) ;
#4532 = MECHANICAL_DESIGN_GEOMETRIC_PRESENTATION_REPRESENTATION (  '', ( #3166 ), #4277 ) ;
#4533 = LINE ( 'NONE', #14, #1257 ) ;
#4534 = DIRECTION ( 'NONE',  ( 0.0000000000000000000, -1.000000000000000000, -0.0000000000000000000 ) ) ;
#4535 = CARTESIAN_POINT ( 'NONE',  ( -2.850000000000000089, -3.000000000000000000, 3.449999999999999734 ) ) ;
#4536 = CARTESIAN_POINT ( 'NONE',  ( 3.250000000000000000, 2.241781170833500259, 0.9000000000000000222 ) ) ;
#4537 = VECTOR ( 'NONE', #2298, 1000.000000000000000 ) ;
#4538 = ORIENTED_EDGE ( 'NONE', *, *, #4448, .T. ) ;
#4539 =( GEOMETRIC_REPRESENTATION_CONTEXT ( 3 ) GLOBAL_UNCERTAINTY_ASSIGNED_CONTEXT ( ( #1932 ) ) GLOBAL_UNIT_ASSIGNED_CONTEXT ( ( #1985, #3525, #3587 ) ) REPRESENTATION_CONTEXT ( 'NONE', 'WORKASPACE' ) );
#4540 = CARTESIAN_POINT ( 'NONE',  ( -3.750000000000000000, -4.500000000000000000, 0.0000000000000000000 ) ) ;
#4541 = FACE_OUTER_BOUND ( 'NONE', #152, .T. ) ;
#4542 = ORIENTED_EDGE ( 'NONE', *, *, #3268, .T. ) ;
#4543 = EDGE_CURVE ( 'NONE', #380, #2876, #5024, .T. ) ;
#4544 = MECHANICAL_DESIGN_GEOMETRIC_PRESENTATION_REPRESENTATION (  '', ( #1065 ), #746 ) ;
#4545 = CARTESIAN_POINT ( 'NONE',  ( 2.000000000000000444, -2.041742430504419836, 3.750000000000000000 ) ) ;
#4546 = SURFACE_SIDE_STYLE ('',( #146 ) ) ;
#4547 =( NAMED_UNIT ( * ) PLANE_ANGLE_UNIT ( ) SI_UNIT ( $, .RADIAN. ) );
#4548 = APPLICATION_PROTOCOL_DEFINITION ( 'draft international standard', 'automotive_design', 1998, #366 ) ;
#4549 = LINE ( 'NONE', #3048, #4893 ) ;
#4550 = CARTESIAN_POINT ( 'NONE',  ( -2.836092186006230698, -1.581953906996888648, 3.637779991155306369 ) ) ;
#4551 = VERTEX_POINT ( 'NONE', #2175 ) ;
#4552 = EDGE_CURVE ( 'NONE', #3917, #1820, #1726, .T. ) ;
#4553 = SURFACE_STYLE_FILL_AREA ( #2934 ) ;
#4554 = SURFACE_SIDE_STYLE ('',( #554 ) ) ;
#4555 = LINE ( 'NONE', #3751, #309 ) ;
#4556 = DIRECTION ( 'NONE',  ( -1.000000000000000000, -0.0000000000000000000, 0.0000000000000000000 ) ) ;
#4557 = CARTESIAN_POINT ( 'NONE',  ( -4.500000000000000000, 2.241781170833500259, 0.0000000000000000000 ) ) ;
#4558 = EDGE_LOOP ( 'NONE', ( #2904, #5170, #1397, #5169 ) ) ;
#4559 = DIRECTION ( 'NONE',  ( 1.000000000000000000, 0.0000000000000000000, 0.0000000000000000000 ) ) ;
#4560 = VERTEX_POINT ( 'NONE', #1375 ) ;
#4561 = PRESENTATION_LAYER_ASSIGNMENT (  '', '', ( #3374 ) ) ;
#4562 = LINE ( 'NONE', #1697, #810 ) ;
#4563 = DIRECTION ( 'NONE',  ( -0.0000000000000000000, -0.0000000000000000000, -1.000000000000000000 ) ) ;
#4564 = VECTOR ( 'NONE', #4939, 1000.000000000000000 ) ;
#4565 = VECTOR ( 'NONE', #4185, 1000.000000000000000 ) ;
#4566 = CLOSED_SHELL ( 'NONE', ( #4384, #338, #4009, #1101, #1959, #2439, #3147, #3049, #2964, #3771 ) ) ;
#4567 = COLOUR_RGB ( '',0.7529411764705882248, 0.7529411764705882248, 0.7529411764705882248 ) ;
#4568 = CARTESIAN_POINT ( 'NONE',  ( 4.500000000000000888, 2.591781170833500347, 0.2999999999999999889 ) ) ;
#4569 = DIRECTION ( 'NONE',  ( 0.0000000000000000000, 0.0000000000000000000, 1.000000000000000000 ) ) ;
#4570 = SURFACE_STYLE_USAGE ( .BOTH. , #2499 ) ;
#4571 = APPLICATION_PROTOCOL_DEFINITION ( 'draft international standard', 'automotive_design', 1998, #938 ) ;
#4572 = DIRECTION ( 'NONE',  ( 0.0000000000000000000, 0.0000000000000000000, -1.000000000000000000 ) ) ;
#4573 = AXIS2_PLACEMENT_3D ( 'NONE', #3653, #1178, #31 ) ;
#4574 = ORIENTED_EDGE ( 'NONE', *, *, #4455, .F. ) ;
#4575 = FILL_AREA_STYLE_COLOUR ( '', #1035 ) ;
#4576 = AXIS2_PLACEMENT_3D ( 'NONE', #5067, #4314, #1471 ) ;
#4577 = PRESENTATION_STYLE_ASSIGNMENT (( #1356 ) ) ;
#4578 = FILL_AREA_STYLE ('',( #2563 ) ) ;
#4579 =( NAMED_UNIT ( * ) PLANE_ANGLE_UNIT ( ) SI_UNIT ( $, .RADIAN. ) );
#4580 =( NAMED_UNIT ( * ) SI_UNIT ( $, .STERADIAN. ) SOLID_ANGLE_UNIT ( ) );
#4581 = EDGE_CURVE ( 'NONE', #4337, #3100, #2206, .T. ) ;
#4582 = VECTOR ( 'NONE', #2134, 1000.000000000000000 ) ;
#4583 = ORIENTED_EDGE ( 'NONE', *, *, #403, .F. ) ;
#4584 = FILL_AREA_STYLE_COLOUR ( '', #3889 ) ;
#4585 = CARTESIAN_POINT ( 'NONE',  ( -3.500000000000000000, -2.258218829166500186, 1.000000000000000000 ) ) ;
#4586 = CARTESIAN_POINT ( 'NONE',  ( 0.0000000000000000000, 0.0000000000000000000, 0.0000000000000000000 ) ) ;
#4587 = PRESENTATION_STYLE_ASSIGNMENT (( #2967 ) ) ;
#4588 = MECHANICAL_DESIGN_GEOMETRIC_PRESENTATION_REPRESENTATION (  '', ( #700 ), #361 ) ;
#4589 = UNCERTAINTY_MEASURE_WITH_UNIT (LENGTH_MEASURE( 1.000000000000000082E-05 ), #3209, 'distance_accuracy_value', 'NONE');
#4590 = FILL_AREA_STYLE_COLOUR ( '', #5057 ) ;
#4591 = ORIENTED_EDGE ( 'NONE', *, *, #3305, .F. ) ;
#4592 = CIRCLE ( 'NONE', #1274, 0.4000000000000001887 ) ;
#4593 = FILL_AREA_STYLE_COLOUR ( '', #2616 ) ;
#4594 = PLANE ( 'NONE',  #1733 ) ;
#4595 = LINE ( 'NONE', #5142, #4791 ) ;
#4596 = ORIENTED_EDGE ( 'NONE', *, *, #1044, .T. ) ;
#4597 = PRESENTATION_LAYER_ASSIGNMENT (  '', '', ( #1624 ) ) ;
#4598 =( NAMED_UNIT ( * ) PLANE_ANGLE_UNIT ( ) SI_UNIT ( $, .RADIAN. ) );
#4599 = DIRECTION ( 'NONE',  ( 1.000000000000000000, 0.0000000000000000000, 0.0000000000000000000 ) ) ;
#4600 = ITEM_DEFINED_TRANSFORMATION ( 'NONE', 'NONE', #3334,  #1401 ) ;
#4601 = CARTESIAN_POINT ( 'NONE',  ( 0.0000000000000000000, -2.608218829166499830, 0.0000000000000000000 ) ) ;
#4602 = DIRECTION ( 'NONE',  ( -0.0000000000000000000, -1.000000000000000000, -0.0000000000000000000 ) ) ;
#4603 = VECTOR ( 'NONE', #2227, 1000.000000000000000 ) ;
#4604 = ORIENTED_EDGE ( 'NONE', *, *, #2173, .F. ) ;
#4605 = DIRECTION ( 'NONE',  ( 1.000000000000000000, 0.0000000000000000000, 0.0000000000000000000 ) ) ;
#4606 =( NAMED_UNIT ( * ) SI_UNIT ( $, .STERADIAN. ) SOLID_ANGLE_UNIT ( ) );
#4607 = SURFACE_STYLE_USAGE ( .BOTH. , #2238 ) ;
#4608 =( LENGTH_UNIT ( ) NAMED_UNIT ( * ) SI_UNIT ( .MILLI., .METRE. ) );
#4609 = VERTEX_POINT ( 'NONE', #4124 ) ;
#4610 = SURFACE_STYLE_FILL_AREA ( #3815 ) ;
#4611 = EDGE_CURVE ( 'NONE', #2032, #1773, #4977, .T. ) ;
#4612 = LINE ( 'NONE', #3413, #4437 ) ;
#4613 = SHAPE_REPRESENTATION_RELATIONSHIP ( 'NONE' , 'NONE' ,  #352, #3394 ) ;
#4614 = PLANE ( 'NONE',  #4576 ) ;
#4615 = PRODUCT_DEFINITION_SHAPE ( 'NONE', 'NONE',  #5224 ) ;
#4616 = ORIENTED_EDGE ( 'NONE', *, *, #2341, .T. ) ;
#4617 = EDGE_CURVE ( 'NONE', #3500, #2769, #172, .T. ) ;
#4618 = FILL_AREA_STYLE ('',( #4593 ) ) ;
#4619 = DIRECTION ( 'NONE',  ( -1.000000000000000000, 3.231085104332679983E-15, 0.0000000000000000000 ) ) ;
#4620 = PRODUCT_DEFINITION_CONTEXT ( 'detailed design', #3094, 'design' ) ;
#4621 = ORIENTED_EDGE ( 'NONE', *, *, #2016, .F. ) ;
#4622 = FACE_OUTER_BOUND ( 'NONE', #1336, .T. ) ;
#4623 = FACE_OUTER_BOUND ( 'NONE', #3796, .T. ) ;
#4624 =( NAMED_UNIT ( * ) PLANE_ANGLE_UNIT ( ) SI_UNIT ( $, .RADIAN. ) );
#4625 = APPLICATION_PROTOCOL_DEFINITION ( 'draft international standard', 'automotive_design', 1998, #2732 ) ;
#4626 = CARTESIAN_POINT ( 'NONE',  ( -2.000000000000000000, -1.581953906996889092, 3.637779991155306369 ) ) ;
#4627 = CARTESIAN_POINT ( 'NONE',  ( 2.850000000000000089, 2.850000000000000089, 3.449999999999999734 ) ) ;
#4628 = ORIENTED_EDGE ( 'NONE', *, *, #4038, .F. ) ;
#4629 = MECHANICAL_DESIGN_GEOMETRIC_PRESENTATION_REPRESENTATION (  '', ( #3869 ), #482 ) ;
#4630 = CARTESIAN_POINT ( 'NONE',  ( 0.0000000000000000000, 0.0000000000000000000, 3.449999999999999734 ) ) ;
#4631 =( NAMED_UNIT ( * ) PLANE_ANGLE_UNIT ( ) SI_UNIT ( $, .RADIAN. ) );
#4632 = CARTESIAN_POINT ( 'NONE',  ( 0.0000000000000000000, 0.0000000000000000000, 0.0000000000000000000 ) ) ;
#4633 = UNCERTAINTY_MEASURE_WITH_UNIT (LENGTH_MEASURE( 1.000000000000000082E-05 ), #3059, 'distance_accuracy_value', 'NONE');
#4634 = FILL_AREA_STYLE_COLOUR ( '', #235 ) ;
#4635 = PRESENTATION_LAYER_ASSIGNMENT (  '', '', ( #2775 ) ) ;
#4636 = VERTEX_POINT ( 'NONE', #200 ) ;
#4637 = CARTESIAN_POINT ( 'NONE',  ( 2.850000000000000089, -3.000000000000000000, 3.449999999999999734 ) ) ;
#4638 = DIRECTION ( 'NONE',  ( 1.000000000000000000, 0.0000000000000000000, 0.0000000000000000000 ) ) ;
#4639 =( NAMED_UNIT ( * ) SI_UNIT ( $, .STERADIAN. ) SOLID_ANGLE_UNIT ( ) );
#4640 = UNCERTAINTY_MEASURE_WITH_UNIT (LENGTH_MEASURE( 1.000000000000000082E-05 ), #2128, 'distance_accuracy_value', 'NONE');
#4641 = FILL_AREA_STYLE ('',( #4590 ) ) ;
#4642 = EDGE_CURVE ( 'NONE', #2198, #2583, #3353, .T. ) ;
#4643 = ORIENTED_EDGE ( 'NONE', *, *, #1360, .T. ) ;
#4644 = EDGE_CURVE ( 'NONE', #4295, #4432, #5204, .T. ) ;
#4645 = FILL_AREA_STYLE ('',( #3420 ) ) ;
#4646 = PRESENTATION_STYLE_ASSIGNMENT (( #3421 ) ) ;
#4647 = EDGE_CURVE ( 'NONE', #380, #331, #2917, .T. ) ;
#4648 = COLOUR_RGB ( '',0.7529411764705882248, 0.7529411764705882248, 0.7529411764705882248 ) ;
#4649 = ORIENTED_EDGE ( 'NONE', *, *, #2926, .T. ) ;
#4650 =( BOUNDED_CURVE ( )  B_SPLINE_CURVE ( 3, ( #4657, #3083, #3910, #1018 ),
 .UNSPECIFIED., .F., .T. ) 
 B_SPLINE_CURVE_WITH_KNOTS ( ( 4, 4 ),
 ( 0.0000000000000000000, 1.000000000000000000 ),
 .UNSPECIFIED. ) 
 CURVE ( )  GEOMETRIC_REPRESENTATION_ITEM ( )  RATIONAL_B_SPLINE_CURVE ( ( 1.000000000000000000, 0.3333333333333368120, 0.3333333333333368120, 1.000000000000000000 ) ) 
 REPRESENTATION_ITEM ( '' )  );
#4651 = ADVANCED_FACE ( 'NONE', ( #4623 ), #2928, .T. ) ;
#4652 = CIRCLE ( 'NONE', #5152, 0.1499999999999999667 ) ;
#4653 = CARTESIAN_POINT ( 'NONE',  ( -1.749999999999999556, 0.0000000000000000000, 4.258578643762690241 ) ) ;
#4654 = PRESENTATION_LAYER_ASSIGNMENT (  '', '', ( #2187 ) ) ;
#4655 = CARTESIAN_POINT ( 'NONE',  ( -2.850000000000000089, 3.000000000000000000, 3.149999999999999911 ) ) ;
#4656 = CARTESIAN_POINT ( 'NONE',  ( -2.000000000000000000, -1.958257569495580164, 3.750000000000000000 ) ) ;
#4657 = CARTESIAN_POINT ( 'NONE',  ( 2.000000000000000000, -1.958257569495580608, 3.750000000000000000 ) ) ;
#4658 = CLOSED_SHELL ( 'NONE', ( #2860, #2927, #4942, #3799, #3084, #3897, #4886, #3861, #170, #5011, #3473, #4975, #4849, #2268 ) ) ;
#4659 = COLOUR_RGB ( '',0.7529411764705882248, 0.7529411764705882248, 0.7529411764705882248 ) ;
#4660 = PRODUCT ( '3', '3', '', ( #3801 ) ) ;
#4661 = CARTESIAN_POINT ( 'NONE',  ( 0.0000000000000000000, 0.0000000000000000000, 3.449999999999999734 ) ) ;
#4662 =( GEOMETRIC_REPRESENTATION_CONTEXT ( 3 ) GLOBAL_UNCERTAINTY_ASSIGNED_CONTEXT ( ( #1333 ) ) GLOBAL_UNIT_ASSIGNED_CONTEXT ( ( #3088, #635, #3866 ) ) REPRESENTATION_CONTEXT ( 'NONE', 'WORKASPACE' ) );
#4663 = FILL_AREA_STYLE ('',( #3406 ) ) ;
#4664 = PRESENTATION_STYLE_ASSIGNMENT (( #1129 ) ) ;
#4665 = VERTEX_POINT ( 'NONE', #1106 ) ;
#4666 = STYLED_ITEM ( 'NONE', ( #3040 ), #538 ) ;
#4667 =( LENGTH_UNIT ( ) NAMED_UNIT ( * ) SI_UNIT ( .MILLI., .METRE. ) );
#4668 = CARTESIAN_POINT ( 'NONE',  ( -2.850000000000000089, -3.000000000000000000, 3.149999999999999911 ) ) ;
#4669 = DIRECTION ( 'NONE',  ( 1.000000000000000000, 0.0000000000000000000, 0.0000000000000000000 ) ) ;
#4670 = MECHANICAL_DESIGN_GEOMETRIC_PRESENTATION_REPRESENTATION (  '', ( #1953 ), #1019 ) ;
#4671 = EDGE_LOOP ( 'NONE', ( #3676, #2561 ) ) ;
#4672 = CARTESIAN_POINT ( 'NONE',  ( 1.916515138991160994, 1.958257569495581940, 3.750000000000000444 ) ) ;
#4673 = PRESENTATION_STYLE_ASSIGNMENT (( #4697 ) ) ;
#4674 = VECTOR ( 'NONE', #3591, 1000.000000000000000 ) ;
#4675 = ORIENTED_EDGE ( 'NONE', *, *, #1455, .F. ) ;
#4676 =( NAMED_UNIT ( * ) SI_UNIT ( $, .STERADIAN. ) SOLID_ANGLE_UNIT ( ) );
#4677 = CARTESIAN_POINT ( 'NONE',  ( 1.749999999999999556, 3.499999999999999112, 4.258578643762691129 ) ) ;
#4678 = STYLED_ITEM ( 'NONE', ( #1075 ), #1734 ) ;
#4679 = EDGE_CURVE ( 'NONE', #3270, #1852, #3581, .T. ) ;
#4680 = DIRECTION ( 'NONE',  ( 1.000000000000000000, -2.168404344971012812E-15, 0.0000000000000000000 ) ) ;
#4681 =( BOUNDED_SURFACE ( )  B_SPLINE_SURFACE ( 3, 3, ( 
 ( #4355, #1506, #1403, #1479 ),
 ( #4653, #2635, #4677, #708 ),
 ( #1915, #3882, #4248, #651 ),
 ( #4276, #2658, #4764, #199 ) ),
 .UNSPECIFIED., .F., .F., .F. ) 
 B_SPLINE_SURFACE_WITH_KNOTS ( ( 4, 4 ),
 ( 4, 4 ),
 ( 0.0000000000000000000, 1.000000000000000000 ),
 ( 0.0000000000000000000, 1.000000000000000000 ),
 .UNSPECIFIED. ) 
 GEOMETRIC_REPRESENTATION_ITEM ( )  RATIONAL_B_SPLINE_SURFACE ( (
 ( 1.000000000000000000, 0.3333333333333334259, 0.3333333333333334259, 1.000000000000000000),
 ( 0.8047378541243649375, 0.2682459513747884050, 0.2682459513747884050, 0.8047378541243649375),
 ( 0.8047378541243649375, 0.2682459513747884050, 0.2682459513747884050, 0.8047378541243649375),
 ( 1.000000000000000000, 0.3333333333333334259, 0.3333333333333334259, 1.000000000000000000) ) ) 
 REPRESENTATION_ITEM ( '' )  SURFACE ( )  );
#4682 = LINE ( 'NONE', #3575, #4537 ) ;
#4683 = SURFACE_SIDE_STYLE ('',( #1128 ) ) ;
#4684 =( GEOMETRIC_REPRESENTATION_CONTEXT ( 3 ) GLOBAL_UNCERTAINTY_ASSIGNED_CONTEXT ( ( #4802 ) ) GLOBAL_UNIT_ASSIGNED_CONTEXT ( ( #3154, #4018, #4793 ) ) REPRESENTATION_CONTEXT ( 'NONE', 'WORKASPACE' ) );
#4685 = UNCERTAINTY_MEASURE_WITH_UNIT (LENGTH_MEASURE( 1.000000000000000082E-05 ), #3864, 'distance_accuracy_value', 'NONE');
#4686 =( LENGTH_UNIT ( ) NAMED_UNIT ( * ) SI_UNIT ( .MILLI., .METRE. ) );
#4687 = ORIENTED_EDGE ( 'NONE', *, *, #2383, .T. ) ;
#4688 = DIRECTION ( 'NONE',  ( -3.231085104332679983E-15, -1.000000000000000000, 0.0000000000000000000 ) ) ;
#4689 =( NAMED_UNIT ( * ) PLANE_ANGLE_UNIT ( ) SI_UNIT ( $, .RADIAN. ) );
#4690 = FILL_AREA_STYLE ('',( #5087 ) ) ;
#4691 = EDGE_LOOP ( 'NONE', ( #3715, #386, #4223, #2470, #4917, #3596, #2711, #3617, #2852, #471, #4928, #3212 ) ) ;
#4692 = MECHANICAL_DESIGN_GEOMETRIC_PRESENTATION_REPRESENTATION (  '', ( #3502 ), #2994 ) ;
#4693 = ORIENTED_EDGE ( 'NONE', *, *, #1818, .F. ) ;
#4694 = CARTESIAN_POINT ( 'NONE',  ( -1.649999999999999911, -3.299999999999999822, 4.299999999999999822 ) ) ;
#4695 = STYLED_ITEM ( 'NONE', ( #3967 ), #3799 ) ;
#4696 = DIRECTION ( 'NONE',  ( -0.0000000000000000000, -1.000000000000000000, -0.0000000000000000000 ) ) ;
#4697 = SURFACE_STYLE_USAGE ( .BOTH. , #2630 ) ;
#4698 =( NAMED_UNIT ( * ) PLANE_ANGLE_UNIT ( ) SI_UNIT ( $, .RADIAN. ) );
#4699 = CARTESIAN_POINT ( 'NONE',  ( 0.0000000000000000000, 0.0000000000000000000, 3.750000000000000000 ) ) ;
#4700 = PRESENTATION_LAYER_ASSIGNMENT (  '', '', ( #4880 ) ) ;
#4701 = VECTOR ( 'NONE', #4323, 1000.000000000000000 ) ;
#4702 = ORIENTED_EDGE ( 'NONE', *, *, #735, .F. ) ;
#4703 = PRESENTATION_STYLE_ASSIGNMENT (( #3568 ) ) ;
#4704 =( NAMED_UNIT ( * ) PLANE_ANGLE_UNIT ( ) SI_UNIT ( $, .RADIAN. ) );
#4705 = ADVANCED_FACE ( 'NONE', ( #1521 ), #2759, .T. ) ;
#4706 = PRODUCT_DEFINITION_FORMATION_WITH_SPECIFIED_SOURCE ( 'ANY', '', #3330, .NOT_KNOWN. ) ;
#4707 = EDGE_CURVE ( 'NONE', #2794, #4035, #3141, .T. ) ;
#4708 =( GEOMETRIC_REPRESENTATION_CONTEXT ( 3 ) GLOBAL_UNCERTAINTY_ASSIGNED_CONTEXT ( ( #3955 ) ) GLOBAL_UNIT_ASSIGNED_CONTEXT ( ( #4860, #869, #1309 ) ) REPRESENTATION_CONTEXT ( 'NONE', 'WORKASPACE' ) );
#4709 = CYLINDRICAL_SURFACE ( 'NONE', #1396, 0.09999999999999982514 ) ;
#4710 = CARTESIAN_POINT ( 'NONE',  ( 2.850000000000000089, -2.850000000000000089, 3.149999999999999911 ) ) ;
#4711 = APPLICATION_PROTOCOL_DEFINITION ( 'draft international standard', 'automotive_design', 1998, #906 ) ;
#4712 = DIRECTION ( 'NONE',  ( -3.231085104332679983E-15, -1.000000000000000000, 0.0000000000000000000 ) ) ;
#4713 = ORIENTED_EDGE ( 'NONE', *, *, #1295, .F. ) ;
#4714 = EDGE_CURVE ( 'NONE', #4800, #4475, #4747, .T. ) ;
#4715 = COLOUR_RGB ( '',0.7529411764705882248, 0.7529411764705882248, 0.7529411764705882248 ) ;
#4716 =( NAMED_UNIT ( * ) SI_UNIT ( $, .STERADIAN. ) SOLID_ANGLE_UNIT ( ) );
#4717 = CARTESIAN_POINT ( 'NONE',  ( -3.000000000000000000, 0.0000000000000000000, 0.0000000000000000000 ) ) ;
#4718 = DIRECTION ( 'NONE',  ( 0.0000000000000000000, 0.0000000000000000000, -1.000000000000000000 ) ) ;
#4719 =( NAMED_UNIT ( * ) PLANE_ANGLE_UNIT ( ) SI_UNIT ( $, .RADIAN. ) );
#4720 = ORIENTED_EDGE ( 'NONE', *, *, #4076, .F. ) ;
#4721 = COLOUR_RGB ( '',0.7921568627450980005, 0.8196078431372548767, 0.9333333333333333481 ) ;
#4722 = DIRECTION ( 'NONE',  ( 0.0000000000000000000, 0.0000000000000000000, -1.000000000000000000 ) ) ;
#4723 = SURFACE_STYLE_FILL_AREA ( #778 ) ;
#4724 = CARTESIAN_POINT ( 'NONE',  ( -2.000000000000000444, 1.499999999999999778, 3.449999999999999734 ) ) ;
#4725 = SURFACE_STYLE_USAGE ( .BOTH. , #1474 ) ;
#4726 = UNCERTAINTY_MEASURE_WITH_UNIT (LENGTH_MEASURE( 1.000000000000000082E-05 ), #3577, 'distance_accuracy_value', 'NONE');
#4727 = EDGE_LOOP ( 'NONE', ( #2440, #4493, #4583, #1843 ) ) ;
#4728 = ORIENTED_EDGE ( 'NONE', *, *, #2955, .F. ) ;
#4729 = FILL_AREA_STYLE ('',( #4763 ) ) ;
#4730 = CARTESIAN_POINT ( 'NONE',  ( -4.500000000000000000, 1.891781170833499948, 0.0000000000000000000 ) ) ;
#4731 = FILL_AREA_STYLE ('',( #3936 ) ) ;
#4732 = DIRECTION ( 'NONE',  ( 0.0000000000000000000, -0.0000000000000000000, 1.000000000000000000 ) ) ;
#4733 = UNCERTAINTY_MEASURE_WITH_UNIT (LENGTH_MEASURE( 1.000000000000000082E-05 ), #1152, 'distance_accuracy_value', 'NONE');
#4734 = PLANE ( 'NONE',  #2729 ) ;
#4735 = AXIS2_PLACEMENT_3D ( 'NONE', #1276, #3399, #1301 ) ;
#4736 = LINE ( 'NONE', #5101, #3130 ) ;
#4737 =( GEOMETRIC_REPRESENTATION_CONTEXT ( 3 ) GLOBAL_UNCERTAINTY_ASSIGNED_CONTEXT ( ( #3302 ) ) GLOBAL_UNIT_ASSIGNED_CONTEXT ( ( #2942, #1945, #1971 ) ) REPRESENTATION_CONTEXT ( 'NONE', 'WORKASPACE' ) );
#4738 = VECTOR ( 'NONE', #1500, 1000.000000000000000 ) ;
#4739 = DIRECTION ( 'NONE',  ( 0.0000000000000000000, 0.0000000000000000000, -1.000000000000000000 ) ) ;
#4740 =( LENGTH_UNIT ( ) NAMED_UNIT ( * ) SI_UNIT ( .MILLI., .METRE. ) );
#4741 = SURFACE_STYLE_USAGE ( .BOTH. , #3321 ) ;
#4742 = VECTOR ( 'NONE', #1334, 1000.000000000000000 ) ;
#4743 = STYLED_ITEM ( 'NONE', ( #1955 ), #2611 ) ;
#4744 = ORIENTED_EDGE ( 'NONE', *, *, #2025, .T. ) ;
#4745 = SURFACE_SIDE_STYLE ('',( #290 ) ) ;
#4746 = PRESENTATION_STYLE_ASSIGNMENT (( #1902 ) ) ;
#4747 = LINE ( 'NONE', #5135, #2491 ) ;
#4748 = EDGE_CURVE ( 'NONE', #1669, #2923, #3522, .T. ) ;
#4749 = FACE_OUTER_BOUND ( 'NONE', #3827, .T. ) ;
#4750 = UNCERTAINTY_MEASURE_WITH_UNIT (LENGTH_MEASURE( 1.000000000000000082E-05 ), #2415, 'distance_accuracy_value', 'NONE');
#4751 = EDGE_CURVE ( 'NONE', #296, #380, #2670, .T. ) ;
#4752 = DIRECTION ( 'NONE',  ( 1.000000000000000000, 0.0000000000000000000, 0.0000000000000000000 ) ) ;
#4753 = FACE_OUTER_BOUND ( 'NONE', #1355, .T. ) ;
#4754 = MECHANICAL_DESIGN_GEOMETRIC_PRESENTATION_REPRESENTATION (  '', ( #2197 ), #3205 ) ;
#4755 = ORIENTED_EDGE ( 'NONE', *, *, #3873, .F. ) ;
#4756 = CARTESIAN_POINT ( 'NONE',  ( -3.000000000000000000, 2.241781170833500259, 1.000000000000000000 ) ) ;
#4757 = LINE ( 'NONE', #3614, #2367 ) ;
#4758 = VECTOR ( 'NONE', #3028, 1000.000000000000000 ) ;
#4759 = CARTESIAN_POINT ( 'NONE',  ( 3.000000000000000000, -2.258218829166500186, 1.300000000000000044 ) ) ;
#4760 = ORIENTED_EDGE ( 'NONE', *, *, #1818, .T. ) ;
#4761 = ORIENTED_EDGE ( 'NONE', *, *, #3873, .T. ) ;
#4762 = AXIS2_PLACEMENT_3D ( 'NONE', #3633, #61, #4904 ) ;
#4763 = FILL_AREA_STYLE_COLOUR ( '', #1202 ) ;
#4764 = CARTESIAN_POINT ( 'NONE',  ( 1.649999999999999689, 3.299999999999999378, 4.299999999999999822 ) ) ;
#4765 = PRESENTATION_STYLE_ASSIGNMENT (( #4356 ) ) ;
#4766 = DIRECTION ( 'NONE',  ( 0.0000000000000000000, 0.0000000000000000000, 1.000000000000000000 ) ) ;
#4767 = VECTOR ( 'NONE', #769, 1000.000000000000000 ) ;
#4768 = AXIS2_PLACEMENT_3D ( 'NONE', #4847, #2022, #3649 ) ;
#4769 = CARTESIAN_POINT ( 'NONE',  ( 3.249999999999997780, -2.608218829166498942, 1.000000000000000000 ) ) ;
#4770 = LINE ( 'NONE', #715, #4398 ) ;
#4771 = LINE ( 'NONE', #657, #4767 ) ;
#4772 = VERTEX_POINT ( 'NONE', #2329 ) ;
#4773 =( LENGTH_UNIT ( ) NAMED_UNIT ( * ) SI_UNIT ( .MILLI., .METRE. ) );
#4774 = PRESENTATION_LAYER_ASSIGNMENT (  '', '', ( #1798 ) ) ;
#4775 = CARTESIAN_POINT ( 'NONE',  ( -3.250000000000000000, 2.591781170833500347, 0.9000000000000000222 ) ) ;
#4776 = FILL_AREA_STYLE ('',( #1548 ) ) ;
#4777 =( NAMED_UNIT ( * ) PLANE_ANGLE_UNIT ( ) SI_UNIT ( $, .RADIAN. ) );
#4778 = ORIENTED_EDGE ( 'NONE', *, *, #1554, .T. ) ;
#4779 = VECTOR ( 'NONE', #1431, 1000.000000000000000 ) ;
#4780 = ORIENTED_EDGE ( 'NONE', *, *, #2570, .T. ) ;
#4781 = ADVANCED_FACE ( 'NONE', ( #750 ), #3551, .F. ) ;
#4782 = PRESENTATION_STYLE_ASSIGNMENT (( #2736 ) ) ;
#4783 = DIRECTION ( 'NONE',  ( -1.000000000000000000, 3.231085104332679983E-15, 0.0000000000000000000 ) ) ;
#4784 = DIRECTION ( 'NONE',  ( 1.000000000000000000, 0.0000000000000000000, -0.0000000000000000000 ) ) ;
#4785 = MECHANICAL_DESIGN_GEOMETRIC_PRESENTATION_REPRESENTATION (  '', ( #1804 ), #3075 ) ;
#4786 = FACE_OUTER_BOUND ( 'NONE', #2692, .T. ) ;
#4787 = SURFACE_STYLE_USAGE ( .BOTH. , #1502 ) ;
#4788 = EDGE_LOOP ( 'NONE', ( #3555, #2808, #4538, #421 ) ) ;
#4789 = STYLED_ITEM ( 'NONE', ( #1512 ), #4384 ) ;
#4790 = ORIENTED_EDGE ( 'NONE', *, *, #1482, .T. ) ;
#4791 = VECTOR ( 'NONE', #222, 1000.000000000000000 ) ;
#4792 = EDGE_CURVE ( 'NONE', #2461, #1297, #4497, .T. ) ;
#4793 =( NAMED_UNIT ( * ) SI_UNIT ( $, .STERADIAN. ) SOLID_ANGLE_UNIT ( ) );
#4794 = SURFACE_SIDE_STYLE ('',( #1164 ) ) ;
#4795 = CARTESIAN_POINT ( 'NONE',  ( 1.000000000000000000, 3.000000000000000444, 0.2999999999999999889 ) ) ;
#4796 = CARTESIAN_POINT ( 'NONE',  ( 4.500000000000000000, -2.608218829166501163, 0.0000000000000000000 ) ) ;
#4797 = VECTOR ( 'NONE', #322, 1000.000000000000000 ) ;
#4798 = CARTESIAN_POINT ( 'NONE',  ( -3.000000000000000000, 0.0000000000000000000, 3.449999999999999734 ) ) ;
#4799 = FILL_AREA_STYLE_COLOUR ( '', #3939 ) ;
#4800 = VERTEX_POINT ( 'NONE', #1265 ) ;
#4801 = DIRECTION ( 'NONE',  ( -3.231085104332679983E-15, -1.000000000000000000, 2.938735877055720084E-31 ) ) ;
#4802 = UNCERTAINTY_MEASURE_WITH_UNIT (LENGTH_MEASURE( 1.000000000000000082E-05 ), #3154, 'distance_accuracy_value', 'NONE');
#4803 = PRESENTATION_LAYER_ASSIGNMENT (  '', '', ( #3430 ) ) ;
#4804 = VERTEX_POINT ( 'NONE', #2906 ) ;
#4805 = DIRECTION ( 'NONE',  ( -3.231085104332679983E-15, -1.000000000000000000, 0.0000000000000000000 ) ) ;
#4806 = SURFACE_SIDE_STYLE ('',( #292 ) ) ;
#4807 = UNCERTAINTY_MEASURE_WITH_UNIT (LENGTH_MEASURE( 1.000000000000000082E-05 ), #1744, 'distance_accuracy_value', 'NONE');
#4808 =( LENGTH_UNIT ( ) NAMED_UNIT ( * ) SI_UNIT ( .MILLI., .METRE. ) );
#4809 =( NAMED_UNIT ( * ) SI_UNIT ( $, .STERADIAN. ) SOLID_ANGLE_UNIT ( ) );
#4810 = STYLED_ITEM ( 'NONE', ( #3344 ), #5094 ) ;
#4811 = ORIENTED_EDGE ( 'NONE', *, *, #2385, .T. ) ;
#4812 = COLOUR_RGB ( '',0.0000000000000000000, 0.0000000000000000000, 0.0000000000000000000 ) ;
#4813 = CARTESIAN_POINT ( 'NONE',  ( 4.500000000000000000, -2.608218829166501163, 0.2999999999999999889 ) ) ;
#4814 = DIRECTION ( 'NONE',  ( -3.231085104332679983E-15, -1.000000000000000000, -0.0000000000000000000 ) ) ;
#4815 =( NAMED_UNIT ( * ) PLANE_ANGLE_UNIT ( ) SI_UNIT ( $, .RADIAN. ) );
#4816 = PRESENTATION_LAYER_ASSIGNMENT (  '', '', ( #4043 ) ) ;
#4817 = EDGE_CURVE ( 'NONE', #1641, #2769, #2854, .T. ) ;
#4818 = ORIENTED_EDGE ( 'NONE', *, *, #731, .T. ) ;
#4819 = VERTEX_POINT ( 'NONE', #2508 ) ;
#4820 = DIRECTION ( 'NONE',  ( 1.000000000000000000, 0.0000000000000000000, 0.0000000000000000000 ) ) ;
#4821 = SURFACE_STYLE_FILL_AREA ( #2374 ) ;
#4822 =( NAMED_UNIT ( * ) SI_UNIT ( $, .STERADIAN. ) SOLID_ANGLE_UNIT ( ) );
#4823 = SURFACE_STYLE_USAGE ( .BOTH. , #2488 ) ;
#4824 = FILL_AREA_STYLE_COLOUR ( '', #32 ) ;
#4825 = ADVANCED_FACE ( 'NONE', ( #4108 ), #3214, .T. ) ;
#4826 = SURFACE_SIDE_STYLE ('',( #3995 ) ) ;
#4827 = SURFACE_STYLE_FILL_AREA ( #418 ) ;
#4828 = DIRECTION ( 'NONE',  ( 0.0000000000000000000, 0.0000000000000000000, -1.000000000000000000 ) ) ;
#4829 = ORIENTED_EDGE ( 'NONE', *, *, #2203, .F. ) ;
#4830 = VECTOR ( 'NONE', #4913, 1000.000000000000000 ) ;
#4831 =( NAMED_UNIT ( * ) SI_UNIT ( $, .STERADIAN. ) SOLID_ANGLE_UNIT ( ) );
#4832 = FACE_OUTER_BOUND ( 'NONE', #1144, .T. ) ;
#4833 = PRESENTATION_LAYER_ASSIGNMENT (  '', '', ( #427 ) ) ;
#4834 = AXIS2_PLACEMENT_3D ( 'NONE', #1796, #1339, #2966 ) ;
#4835 = FILL_AREA_STYLE ('',( #3187 ) ) ;
#4836 = CARTESIAN_POINT ( 'NONE',  ( -1.749999999999999556, -4.286263797015736102E-16, 4.258578643762690241 ) ) ;
#4837 = ORIENTED_EDGE ( 'NONE', *, *, #378, .T. ) ;
#4838 = AXIS2_PLACEMENT_3D ( 'NONE', #3093, #1498, #4266 ) ;
#4839 = AXIS2_PLACEMENT_3D ( 'NONE', #2688, #3514, #5103 ) ;
#4840 = LINE ( 'NONE', #801, #1965 ) ;
#4841 = CARTESIAN_POINT ( 'NONE',  ( 2.850000000000000089, -3.000000000000000000, 3.149999999999999911 ) ) ;
#4842 = CARTESIAN_POINT ( 'NONE',  ( -3.250000000000000000, 1.891781170833499948, 1.000000000000000000 ) ) ;
#4843 = DIRECTION ( 'NONE',  ( 0.0000000000000000000, 0.0000000000000000000, 1.000000000000000000 ) ) ;
#4844 = ORIENTED_EDGE ( 'NONE', *, *, #3942, .T. ) ;
#4845 = EDGE_LOOP ( 'NONE', ( #1625, #3164, #1217, #1229 ) ) ;
#4846 = CARTESIAN_POINT ( 'NONE',  ( -2.850000000000000089, 3.000000000000000000, 3.149999999999999911 ) ) ;
#4847 = CARTESIAN_POINT ( 'NONE',  ( -3.000000000000000000, -2.258218829166500186, 1.000000000000000000 ) ) ;
#4848 = PRESENTATION_LAYER_ASSIGNMENT (  '', '', ( #1110 ) ) ;
#4849 = ADVANCED_FACE ( 'NONE', ( #4832 ), #2411, .T. ) ;
#4850 = VECTOR ( 'NONE', #2900, 1000.000000000000000 ) ;
#4851 =( NAMED_UNIT ( * ) PLANE_ANGLE_UNIT ( ) SI_UNIT ( $, .RADIAN. ) );
#4852 = SURFACE_STYLE_USAGE ( .BOTH. , #2029 ) ;
#4853 = UNCERTAINTY_MEASURE_WITH_UNIT (LENGTH_MEASURE( 1.000000000000000082E-05 ), #4053, 'distance_accuracy_value', 'NONE');
#4854 = STYLED_ITEM ( 'NONE', ( #4408 ), #1426 ) ;
#4855 = ORIENTED_EDGE ( 'NONE', *, *, #2383, .F. ) ;
#4856 = EDGE_CURVE ( 'NONE', #3644, #639, #2832, .T. ) ;
#4857 = PRESENTATION_STYLE_ASSIGNMENT (( #1181 ) ) ;
#4858 =( NAMED_UNIT ( * ) SI_UNIT ( $, .STERADIAN. ) SOLID_ANGLE_UNIT ( ) );
#4859 = AXIS2_PLACEMENT_3D ( 'NONE', #1635, #3247, #3612 ) ;
#4860 =( LENGTH_UNIT ( ) NAMED_UNIT ( * ) SI_UNIT ( .MILLI., .METRE. ) );
#4861 = CARTESIAN_POINT ( 'NONE',  ( -3.750000000000000000, -2.608218829166499830, 0.4000000000000000222 ) ) ;
#4862 = EDGE_LOOP ( 'NONE', ( #2434, #396, #225, #3604 ) ) ;
#4863 = PRESENTATION_LAYER_ASSIGNMENT (  '', '', ( #1886 ) ) ;
#4864 = DIRECTION ( 'NONE',  ( -1.000000000000000000, -0.0000000000000000000, 0.0000000000000000000 ) ) ;
#4865 = PRESENTATION_STYLE_ASSIGNMENT (( #3762 ) ) ;
#4866 = AXIS2_PLACEMENT_3D ( 'NONE', #3367, #118, #166 ) ;
#4867 = ORIENTED_EDGE ( 'NONE', *, *, #23, .T. ) ;
#4868 = ORIENTED_EDGE ( 'NONE', *, *, #2279, .T. ) ;
#4869 =( GEOMETRIC_REPRESENTATION_CONTEXT ( 3 ) GLOBAL_UNCERTAINTY_ASSIGNED_CONTEXT ( ( #5150 ) ) GLOBAL_UNIT_ASSIGNED_CONTEXT ( ( #591, #1473, #1884 ) ) REPRESENTATION_CONTEXT ( 'NONE', 'WORKASPACE' ) );
#4870 = PRESENTATION_STYLE_ASSIGNMENT (( #458 ) ) ;
#4871 =( NAMED_UNIT ( * ) SI_UNIT ( $, .STERADIAN. ) SOLID_ANGLE_UNIT ( ) );
#4872 = CARTESIAN_POINT ( 'NONE',  ( -4.074999999999999289, 2.591781170833500347, 0.0000000000000000000 ) ) ;
#4873 = COLOUR_RGB ( '',0.0000000000000000000, 0.0000000000000000000, 0.0000000000000000000 ) ;
#4874 = AXIS2_PLACEMENT_3D ( 'NONE', #2803, #416, #4875 ) ;
#4875 = DIRECTION ( 'NONE',  ( -1.000000000000000000, 0.0000000000000000000, -0.0000000000000000000 ) ) ;
#4876 = ADVANCED_FACE ( 'NONE', ( #1630 ), #3239, .F. ) ;
#4877 = SURFACE_SIDE_STYLE ('',( #2406 ) ) ;
#4878 = DIRECTION ( 'NONE',  ( 1.000000000000000000, 0.0000000000000000000, 0.0000000000000000000 ) ) ;
#4879 = EDGE_CURVE ( 'NONE', #296, #5145, #206, .T. ) ;
#4880 = STYLED_ITEM ( 'NONE', ( #1494 ), #4781 ) ;
#4881 = VERTEX_POINT ( 'NONE', #3318 ) ;
#4882 = CARTESIAN_POINT ( 'NONE',  ( 3.649999999999999911, -2.258218829166500186, 0.1499999999999999944 ) ) ;
#4883 = COLOUR_RGB ( '',0.7529411764705882248, 0.7529411764705882248, 0.7529411764705882248 ) ;
#4884 = SURFACE_SIDE_STYLE ('',( #3293 ) ) ;
#4885 = CARTESIAN_POINT ( 'NONE',  ( 1.999999999999994893, 1.500000000000000000, 3.449999999999999734 ) ) ;
#4886 = ADVANCED_FACE ( 'NONE', ( #4155 ), #1021, .T. ) ;
#4887 = VERTEX_POINT ( 'NONE', #3809 ) ;
#4888 =( GEOMETRIC_REPRESENTATION_CONTEXT ( 3 ) GLOBAL_UNCERTAINTY_ASSIGNED_CONTEXT ( ( #1984 ) ) GLOBAL_UNIT_ASSIGNED_CONTEXT ( ( #3404, #3484, #1487 ) ) REPRESENTATION_CONTEXT ( 'NONE', 'WORKASPACE' ) );
#4889 = CARTESIAN_POINT ( 'NONE',  ( -4.500000000000000000, -1.908218829166499875, 0.2999999999999999889 ) ) ;
#4890 =( GEOMETRIC_REPRESENTATION_CONTEXT ( 3 ) GLOBAL_UNCERTAINTY_ASSIGNED_CONTEXT ( ( #4807 ) ) GLOBAL_UNIT_ASSIGNED_CONTEXT ( ( #1744, #5062, #4234 ) ) REPRESENTATION_CONTEXT ( 'NONE', 'WORKASPACE' ) );
#4891 =( LENGTH_UNIT ( ) NAMED_UNIT ( * ) SI_UNIT ( .MILLI., .METRE. ) );
#4892 = ORIENTED_EDGE ( 'NONE', *, *, #1173, .F. ) ;
#4893 = VECTOR ( 'NONE', #3853, 1000.000000000000000 ) ;
#4894 =( NAMED_UNIT ( * ) PLANE_ANGLE_UNIT ( ) SI_UNIT ( $, .RADIAN. ) );
#4895 = SURFACE_STYLE_FILL_AREA ( #4486 ) ;
#4896 = CARTESIAN_POINT ( 'NONE',  ( -1.999999999999999334, -2.418046093003111352, 3.637779991155306369 ) ) ;
#4897 = SURFACE_STYLE_USAGE ( .BOTH. , #3996 ) ;
#4898 =( LENGTH_UNIT ( ) NAMED_UNIT ( * ) SI_UNIT ( .MILLI., .METRE. ) );
#4899 = SHAPE_REPRESENTATION_RELATIONSHIP ( 'NONE' , 'NONE' ,  #2504, #811 ) ;
#4900 = ORIENTED_EDGE ( 'NONE', *, *, #115, .T. ) ;
#4901 = CARTESIAN_POINT ( 'NONE',  ( 3.749999999999995115, 1.891781170833499948, 0.4000000000000000222 ) ) ;
#4902 = DIRECTION ( 'NONE',  ( 1.000000000000000000, -3.231085104332679983E-15, 0.0000000000000000000 ) ) ;
#4903 = FILL_AREA_STYLE_COLOUR ( '', #2232 ) ;
#4904 = DIRECTION ( 'NONE',  ( 1.000000000000000000, -4.336808689942025625E-15, 0.0000000000000000000 ) ) ;
#4905 = UNCERTAINTY_MEASURE_WITH_UNIT (LENGTH_MEASURE( 1.000000000000000082E-05 ), #2572, 'distance_accuracy_value', 'NONE');
#4906 =( NAMED_UNIT ( * ) SI_UNIT ( $, .STERADIAN. ) SOLID_ANGLE_UNIT ( ) );
#4907 = STYLED_ITEM ( 'NONE', ( #417 ), #2964 ) ;
#4908 = MECHANICAL_DESIGN_GEOMETRIC_PRESENTATION_REPRESENTATION (  '', ( #2524 ), #843 ) ;
#4909 = ORIENTED_EDGE ( 'NONE', *, *, #3763, .T. ) ;
#4910 = PRODUCT_DEFINITION ( 'UNKNOWN', '', #4965, #4620 ) ;
#4911 = COLOUR_RGB ( '',0.0000000000000000000, 0.0000000000000000000, 0.0000000000000000000 ) ;
#4912 = EDGE_CURVE ( 'NONE', #3654, #3224, #4555, .T. ) ;
#4913 = DIRECTION ( 'NONE',  ( 1.000000000000000000, -0.0000000000000000000, 0.0000000000000000000 ) ) ;
#4914 = PRODUCT_DEFINITION_SHAPE ( 'NONE', 'NONE',  #5191 ) ;
#4915 = FILL_AREA_STYLE_COLOUR ( '', #321 ) ;
#4916 = CIRCLE ( 'NONE', #3284, 0.1499999999999999667 ) ;
#4917 = ORIENTED_EDGE ( 'NONE', *, *, #3138, .T. ) ;
#4918 = MECHANICAL_DESIGN_GEOMETRIC_PRESENTATION_REPRESENTATION (  '', ( #2111 ), #3285 ) ;
#4919 = SURFACE_STYLE_FILL_AREA ( #4139 ) ;
#4920 = DIRECTION ( 'NONE',  ( -0.0000000000000000000, 1.000000000000000000, 0.0000000000000000000 ) ) ;
#4921 = DIRECTION ( 'NONE',  ( -0.0000000000000000000, -1.000000000000000000, -0.0000000000000000000 ) ) ;
#4922 = VECTOR ( 'NONE', #1331, 1000.000000000000000 ) ;
#4923 =( GEOMETRIC_REPRESENTATION_CONTEXT ( 3 ) GLOBAL_UNCERTAINTY_ASSIGNED_CONTEXT ( ( #4905 ) ) GLOBAL_UNIT_ASSIGNED_CONTEXT ( ( #2572, #4689, #4639 ) ) REPRESENTATION_CONTEXT ( 'NONE', 'WORKASPACE' ) );
#4924 = LINE ( 'NONE', #1198, #385 ) ;
#4925 = APPLICATION_PROTOCOL_DEFINITION ( 'draft international standard', 'automotive_design', 1998, #3364 ) ;
#4926 = PRESENTATION_LAYER_ASSIGNMENT (  '', '', ( #1953 ) ) ;
#4927 = DIRECTION ( 'NONE',  ( 1.000000000000000000, 0.0000000000000000000, 0.0000000000000000000 ) ) ;
#4928 = ORIENTED_EDGE ( 'NONE', *, *, #1259, .T. ) ;
#4929 = CIRCLE ( 'NONE', #3572, 0.4000000000000001887 ) ;
#4930 = SURFACE_STYLE_USAGE ( .BOTH. , #5075 ) ;
#4931 = CARTESIAN_POINT ( 'NONE',  ( -2.000000000000000000, 2.041742430504415839, 3.250000000000000000 ) ) ;
#4932 =( LENGTH_UNIT ( ) NAMED_UNIT ( * ) SI_UNIT ( .MILLI., .METRE. ) );
#4933 =( LENGTH_UNIT ( ) NAMED_UNIT ( * ) SI_UNIT ( .MILLI., .METRE. ) );
#4934 =( NAMED_UNIT ( * ) SI_UNIT ( $, .STERADIAN. ) SOLID_ANGLE_UNIT ( ) );
#4935 = VECTOR ( 'NONE', #2208, 1000.000000000000000 ) ;
#4936 = VERTEX_POINT ( 'NONE', #1742 ) ;
#4937 =( NAMED_UNIT ( * ) PLANE_ANGLE_UNIT ( ) SI_UNIT ( $, .RADIAN. ) );
#4938 = LINE ( 'NONE', #905, #4434 ) ;
#4939 = DIRECTION ( 'NONE',  ( 0.0000000000000000000, 0.0000000000000000000, 1.000000000000000000 ) ) ;
#4940 = SURFACE_STYLE_USAGE ( .BOTH. , #1664 ) ;
#4941 = EDGE_LOOP ( 'NONE', ( #2392, #1994, #3697, #1185 ) ) ;
#4942 = ADVANCED_FACE ( 'NONE', ( #3351 ), #1332, .T. ) ;
#4943 = FACE_OUTER_BOUND ( 'NONE', #102, .T. ) ;
#4944 = CARTESIAN_POINT ( 'NONE',  ( -2.083484861008840561, -1.958257569495580164, 3.749999999999999556 ) ) ;
#4945 = VECTOR ( 'NONE', #2425, 1000.000000000000000 ) ;
#4946 = PRESENTATION_LAYER_ASSIGNMENT (  '', '', ( #1973 ) ) ;
#4947 = EDGE_CURVE ( 'NONE', #3531, #527, #4682, .T. ) ;
#4948 = CARTESIAN_POINT ( 'NONE',  ( -2.000000000000000000, 2.041742430504419836, 3.750000000000000000 ) ) ;
#4949 = CARTESIAN_POINT ( 'NONE',  ( 4.500000000000000000, 4.483562341667009399, 0.2999999999999999889 ) ) ;
#4950 =( LENGTH_UNIT ( ) NAMED_UNIT ( * ) SI_UNIT ( .MILLI., .METRE. ) );
#4951 = PLANE ( 'NONE',  #2003 ) ;
#4952 = ORIENTED_EDGE ( 'NONE', *, *, #3971, .F. ) ;
#4953 = PRESENTATION_LAYER_ASSIGNMENT (  '', '', ( #4789 ) ) ;
#4954 = PRODUCT ( '4', '4', '', ( #996 ) ) ;
#4955 = SURFACE_SIDE_STYLE ('',( #4553 ) ) ;
#4956 = DIRECTION ( 'NONE',  ( -0.0000000000000000000, -1.000000000000000000, 0.0000000000000000000 ) ) ;
#4957 = FILL_AREA_STYLE_COLOUR ( '', #4883 ) ;
#4958 = CARTESIAN_POINT ( 'NONE',  ( -3.000000000000000000, 2.850000000000000089, 0.0000000000000000000 ) ) ;
#4959 = SURFACE_SIDE_STYLE ('',( #526 ) ) ;
#4960 = ORIENTED_EDGE ( 'NONE', *, *, #1231, .T. ) ;
#4961 = AXIS2_PLACEMENT_3D ( 'NONE', #2545, #563, #1027 ) ;
#4962 = CARTESIAN_POINT ( 'NONE',  ( -3.750000000000000000, -1.908218829166499875, 0.3000000000000000444 ) ) ;
#4963 = DIRECTION ( 'NONE',  ( 0.0000000000000000000, 0.0000000000000000000, 1.000000000000000000 ) ) ;
#4964 = FILL_AREA_STYLE ('',( #138 ) ) ;
#4965 = PRODUCT_DEFINITION_FORMATION_WITH_SPECIFIED_SOURCE ( 'ANY', '', #2999, .NOT_KNOWN. ) ;
#4966 = PRESENTATION_LAYER_ASSIGNMENT (  '', '', ( #1998 ) ) ;
#4967 = ORIENTED_EDGE ( 'NONE', *, *, #1043, .T. ) ;
#4968 = PRESENTATION_LAYER_ASSIGNMENT (  '', '', ( #4379 ) ) ;
#4969 = CARTESIAN_POINT ( 'NONE',  ( -2.000000000000000000, -2.000000000000000000, 3.449999999999999734 ) ) ;
#4970 = CARTESIAN_POINT ( 'NONE',  ( -2.850000000000000089, -3.000000000000000000, 0.0000000000000000000 ) ) ;
#4971 = SURFACE_STYLE_USAGE ( .BOTH. , #1755 ) ;
#4972 = ORIENTED_EDGE ( 'NONE', *, *, #3021, .F. ) ;
#4973 = CIRCLE ( 'NONE', #2677, 0.4000000000000000222 ) ;
#4974 = CARTESIAN_POINT ( 'NONE',  ( -2.493254395993282913, 2.246627197996641900, 3.749999999999998668 ) ) ;
#4975 = ADVANCED_FACE ( 'NONE', ( #3061 ), #1949, .T. ) ;
#4976 = EDGE_CURVE ( 'NONE', #1852, #4881, #3945, .T. ) ;
#4977 = LINE ( 'NONE', #2556, #460 ) ;
#4978 = DIRECTION ( 'NONE',  ( 1.224646799147353207E-16, -1.000000000000000000, 0.0000000000000000000 ) ) ;
#4979 = APPLICATION_PROTOCOL_DEFINITION ( 'draft international standard', 'automotive_design', 1998, #1096 ) ;
#4980 = CARTESIAN_POINT ( 'NONE',  ( -4.074999999999999289, 2.591781170833500347, 0.0000000000000000000 ) ) ;
#4981 = PRESENTATION_LAYER_ASSIGNMENT (  '', '', ( #2436 ) ) ;
#4982 = ORIENTED_EDGE ( 'NONE', *, *, #2836, .F. ) ;
#4983 = CARTESIAN_POINT ( 'NONE',  ( -1.916515138991159439, 2.041742430504419836, 3.749999999999999556 ) ) ;
#4984 = ADVANCED_BREP_SHAPE_REPRESENTATION ( '', ( #1666, #1401 ), #1319 ) ;
#4985 = SURFACE_SIDE_STYLE ('',( #1842 ) ) ;
#4986 = CARTESIAN_POINT ( 'NONE',  ( -1.649999999999999023, -3.299999999999999378, 4.299999999999999822 ) ) ;
#4987 = ORIENTED_EDGE ( 'NONE', *, *, #443, .T. ) ;
#4988 = DIRECTION ( 'NONE',  ( 0.0000000000000000000, -1.000000000000000000, 0.0000000000000000000 ) ) ;
#4989 = CARTESIAN_POINT ( 'NONE',  ( 3.000000000000000888, 2.591781170833500347, 1.300000000000000044 ) ) ;
#4990 = DIRECTION ( 'NONE',  ( 0.0000000000000000000, 1.000000000000000000, 0.0000000000000000000 ) ) ;
#4991 = DIRECTION ( 'NONE',  ( 0.0000000000000000000, 0.0000000000000000000, 1.000000000000000000 ) ) ;
#4992 = CARTESIAN_POINT ( 'NONE',  ( 4.500000000000000888, -1.908218829166499875, 0.0000000000000000000 ) ) ;
#4993 = ORIENTED_EDGE ( 'NONE', *, *, #5181, .T. ) ;
#4994 = PRESENTATION_LAYER_ASSIGNMENT (  '', '', ( #159 ) ) ;
#4995 =( BOUNDED_CURVE ( )  B_SPLINE_CURVE ( 3, ( #1306, #4983, #1000, #2533 ),
 .UNSPECIFIED., .F., .T. ) 
 B_SPLINE_CURVE_WITH_KNOTS ( ( 4, 4 ),
 ( 0.0000000000000000000, 1.000000000000000000 ),
 .UNSPECIFIED. ) 
 CURVE ( )  GEOMETRIC_REPRESENTATION_ITEM ( )  RATIONAL_B_SPLINE_CURVE ( ( 1.000000000000000000, 0.3333333333333299286, 0.3333333333333299286, 1.000000000000000000 ) ) 
 REPRESENTATION_ITEM ( '' )  );
#4996 = CARTESIAN_POINT ( 'NONE',  ( 1.000000000000001110, 2.500000000000000000, 3.450000000000000622 ) ) ;
#4997 = CIRCLE ( 'NONE', #3981, 0.5000000000000000000 ) ;
#4998 = AXIS2_PLACEMENT_3D ( 'NONE', #2669, #661, #5186 ) ;
#4999 = PRODUCT_DEFINITION_SHAPE ( 'NONE', 'NONE',  #2801 ) ;
#5000 = CLOSED_SHELL ( 'NONE', ( #113, #169, #4781, #4283, #3678, #2242 ) ) ;
#5001 = PRESENTATION_LAYER_ASSIGNMENT (  '', '', ( #937 ) ) ;
#5002 = CARTESIAN_POINT ( 'NONE',  ( 3.650000000000001243, 2.591781170833500347, 0.1499999999999999944 ) ) ;
#5003 = SURFACE_SIDE_STYLE ('',( #4127 ) ) ;
#5004 = PRODUCT_DEFINITION ( 'UNKNOWN', '', #2924, #2708 ) ;
#5005 = ORIENTED_EDGE ( 'NONE', *, *, #4094, .T. ) ;
#5006 = ADVANCED_FACE ( 'NONE', ( #1463 ), #4709, .F. ) ;
#5007 =( NAMED_UNIT ( * ) SI_UNIT ( $, .STERADIAN. ) SOLID_ANGLE_UNIT ( ) );
#5008 =( LENGTH_UNIT ( ) NAMED_UNIT ( * ) SI_UNIT ( .MILLI., .METRE. ) );
#5009 = DIRECTION ( 'NONE',  ( -0.0000000000000000000, -0.0000000000000000000, -1.000000000000000000 ) ) ;
#5010 = EDGE_LOOP ( 'NONE', ( #1036, #736, #212, #3519, #1081, #5005, #17, #3199, #2424, #481, #1753, #841 ) ) ;
#5011 = ADVANCED_FACE ( 'NONE', ( #4103 ), #4080, .F. ) ;
#5012 = DIRECTION ( 'NONE',  ( 1.000000000000000000, 0.0000000000000000000, 0.0000000000000000000 ) ) ;
#5013 = FILL_AREA_STYLE ('',( #1823 ) ) ;
#5014 = CARTESIAN_POINT ( 'NONE',  ( -0.9999999999999886757, 2.499999999999999556, 3.450000000000000622 ) ) ;
#5015 = STYLED_ITEM ( 'NONE', ( #2953 ), #1203 ) ;
#5016 = UNCERTAINTY_MEASURE_WITH_UNIT (LENGTH_MEASURE( 1.000000000000000082E-05 ), #3825, 'distance_accuracy_value', 'NONE');
#5017 = ORIENTED_EDGE ( 'NONE', *, *, #1893, .T. ) ;
#5018 = SURFACE_SIDE_STYLE ('',( #3768 ) ) ;
#5019 = SURFACE_SIDE_STYLE ('',( #165 ) ) ;
#5020 =( GEOMETRIC_REPRESENTATION_CONTEXT ( 3 ) GLOBAL_UNCERTAINTY_ASSIGNED_CONTEXT ( ( #1657 ) ) GLOBAL_UNIT_ASSIGNED_CONTEXT ( ( #872, #4937, #2910 ) ) REPRESENTATION_CONTEXT ( 'NONE', 'WORKASPACE' ) );
#5021 =( BOUNDED_CURVE ( )  B_SPLINE_CURVE ( 3, ( #3781, #3726, #5031, #180 ),
 .UNSPECIFIED., .F., .T. ) 
 B_SPLINE_CURVE_WITH_KNOTS ( ( 4, 4 ),
 ( 0.0000000000000000000, 1.000000000000000000 ),
 .UNSPECIFIED. ) 
 CURVE ( )  GEOMETRIC_REPRESENTATION_ITEM ( )  RATIONAL_B_SPLINE_CURVE ( ( 1.000000000000000000, 0.3333333333333299286, 0.3333333333333299286, 1.000000000000000000 ) ) 
 REPRESENTATION_ITEM ( '' )  );
#5022 = AXIS2_PLACEMENT_3D ( 'NONE', #5120, #3177, #3504 ) ;
#5023 = CARTESIAN_POINT ( 'NONE',  ( 2.000000000000000888, -2.418046093003111352, 3.637779991155306369 ) ) ;
#5024 = LINE ( 'NONE', #3398, #2581 ) ;
#5025 = CONTEXT_DEPENDENT_SHAPE_REPRESENTATION ( #2362, #2286 ) ;
#5026 = CARTESIAN_POINT ( 'NONE',  ( 3.000000000000000000, 2.241781170833500259, 1.300000000000000044 ) ) ;
#5027 = CARTESIAN_POINT ( 'NONE',  ( -3.750000000000000000, 0.0000000000000000000, 0.0000000000000000000 ) ) ;
#5028 = ORIENTED_EDGE ( 'NONE', *, *, #1729, .T. ) ;
#5029 = ADVANCED_FACE ( 'NONE', ( #4412 ), #2899, .F. ) ;
#5030 = AXIS2_PLACEMENT_3D ( 'NONE', #562, #2862, #135 ) ;
#5031 = CARTESIAN_POINT ( 'NONE',  ( 1.916515138991159439, -1.958257569495580164, 3.749999999999999556 ) ) ;
#5032 = SURFACE_SIDE_STYLE ('',( #924 ) ) ;
#5033 =( NAMED_UNIT ( * ) SI_UNIT ( $, .STERADIAN. ) SOLID_ANGLE_UNIT ( ) );
#5034 = EDGE_CURVE ( 'NONE', #2461, #4284, #1833, .T. ) ;
#5035 = DIRECTION ( 'NONE',  ( 1.000000000000000000, 0.0000000000000000000, 0.0000000000000000000 ) ) ;
#5036 = PRESENTATION_LAYER_ASSIGNMENT (  '', '', ( #3327 ) ) ;
#5037 = ORIENTED_EDGE ( 'NONE', *, *, #599, .T. ) ;
#5038 = DIRECTION ( 'NONE',  ( 1.000000000000000000, 0.0000000000000000000, 0.0000000000000000000 ) ) ;
#5039 = SURFACE_SIDE_STYLE ('',( #3412 ) ) ;
#5040 = COLOUR_RGB ( '',0.7529411764705882248, 0.7529411764705882248, 0.7529411764705882248 ) ;
#5041 =( GEOMETRIC_REPRESENTATION_CONTEXT ( 3 ) GLOBAL_UNCERTAINTY_ASSIGNED_CONTEXT ( ( #711 ) ) GLOBAL_UNIT_ASSIGNED_CONTEXT ( ( #2714, #2683, #277 ) ) REPRESENTATION_CONTEXT ( 'NONE', 'WORKASPACE' ) );
#5042 = EDGE_CURVE ( 'NONE', #4203, #3755, #467, .T. ) ;
#5043 = PRODUCT_DEFINITION_SHAPE ( 'NONE', 'NONE',  #5223 ) ;
#5044 = SURFACE_STYLE_FILL_AREA ( #4641 ) ;
#5045 = ORIENTED_EDGE ( 'NONE', *, *, #4543, .T. ) ;
#5046 = PRESENTATION_LAYER_ASSIGNMENT (  '', '', ( #1140 ) ) ;
#5047 = CARTESIAN_POINT ( 'NONE',  ( -4.500000000000000000, -2.258218829166500186, 0.0000000000000000000 ) ) ;
#5049 = SURFACE_STYLE_FILL_AREA ( #4645 ) ;
#5048 = PRODUCT_DEFINITION_FORMATION_WITH_SPECIFIED_SOURCE ( 'ANY', '', #644, .NOT_KNOWN. ) ;
#5050 = UNCERTAINTY_MEASURE_WITH_UNIT (LENGTH_MEASURE( 1.000000000000000082E-05 ), #4026, 'distance_accuracy_value', 'NONE');
#5051 = ADVANCED_BREP_SHAPE_REPRESENTATION ( '', ( #1763, #1401 ), #825 ) ;
#5052 = ORIENTED_EDGE ( 'NONE', *, *, #1011, .T. ) ;
#5053 = CARTESIAN_POINT ( 'NONE',  ( -3.750000000000000000, -1.908218829166499875, 0.4000000000000000222 ) ) ;
#5054 =( NAMED_UNIT ( * ) PLANE_ANGLE_UNIT ( ) SI_UNIT ( $, .RADIAN. ) );
#5055 = SURFACE_STYLE_FILL_AREA ( #3027 ) ;
#5056 =( BOUNDED_SURFACE ( )  B_SPLINE_SURFACE ( 3, 3, ( 
 ( #3921, #2271, #293, #1904 ),
 ( #1495, #377, #3142, #1983 ),
 ( #3608, #3892, #265, #5109 ),
 ( #4885, #3240, #3728, #3215 ) ),
 .UNSPECIFIED., .F., .F., .F. ) 
 B_SPLINE_SURFACE_WITH_KNOTS ( ( 4, 4 ),
 ( 4, 4 ),
 ( 0.0000000000000000000, 1.000000000000000000 ),
 ( 0.0000000000000000000, 1.000000000000000000 ),
 .UNSPECIFIED. ) 
 GEOMETRIC_REPRESENTATION_ITEM ( )  RATIONAL_B_SPLINE_SURFACE ( (
 ( 1.000000000000000000, 0.3333333333333299842, 0.3333333333333299842, 1.000000000000000000),
 ( 0.8911066843560517814, 0.2970355614520142629, 0.2970355614520142629, 0.8911066843560517814),
 ( 0.8911066843560517814, 0.2970355614520142629, 0.2970355614520142629, 0.8911066843560517814),
 ( 1.000000000000000000, 0.3333333333333299842, 0.3333333333333299842, 1.000000000000000000) ) ) 
 REPRESENTATION_ITEM ( '' )  SURFACE ( )  );
#5057 = COLOUR_RGB ( '',0.7921568627450980005, 0.8196078431372548767, 0.9333333333333333481 ) ;
#5058 = DIRECTION ( 'NONE',  ( -0.0000000000000000000, -0.0000000000000000000, -1.000000000000000000 ) ) ;
#5059 = PRESENTATION_STYLE_ASSIGNMENT (( #1383 ) ) ;
#5060 = DIRECTION ( 'NONE',  ( 0.0000000000000000000, 1.000000000000000000, 0.0000000000000000000 ) ) ;
#5061 = UNCERTAINTY_MEASURE_WITH_UNIT (LENGTH_MEASURE( 1.000000000000000082E-05 ), #4034, 'distance_accuracy_value', 'NONE');
#5062 =( NAMED_UNIT ( * ) PLANE_ANGLE_UNIT ( ) SI_UNIT ( $, .RADIAN. ) );
#5063 = PRESENTATION_LAYER_ASSIGNMENT (  '', '', ( #4046 ) ) ;
#5064 = ORIENTED_EDGE ( 'NONE', *, *, #1825, .F. ) ;
#5065 = LINE ( 'NONE', #903, #2130 ) ;
#5066 =( NAMED_UNIT ( * ) PLANE_ANGLE_UNIT ( ) SI_UNIT ( $, .RADIAN. ) );
#5067 = CARTESIAN_POINT ( 'NONE',  ( -3.649999999999999911, -2.258218829166500186, 1.300000000000000044 ) ) ;
#5068 = ORIENTED_EDGE ( 'NONE', *, *, #4817, .T. ) ;
#5069 = ADVANCED_FACE ( 'NONE', ( #74 ), #1675, .T. ) ;
#5070 =( REPRESENTATION_RELATIONSHIP ('NONE','NONE', #251, #283 ) REPRESENTATION_RELATIONSHIP_WITH_TRANSFORMATION ( #2525 )SHAPE_REPRESENTATION_RELATIONSHIP( ) );
#5071 = DIRECTION ( 'NONE',  ( 0.0000000000000000000, 0.0000000000000000000, 1.000000000000000000 ) ) ;
#5072 = FILL_AREA_STYLE ('',( #2282 ) ) ;
#5073 = ORIENTED_EDGE ( 'NONE', *, *, #1262, .T. ) ;
#5074 = VECTOR ( 'NONE', #4814, 1000.000000000000000 ) ;
#5075 = SURFACE_SIDE_STYLE ('',( #1741 ) ) ;
#5076 = CARTESIAN_POINT ( 'NONE',  ( 3.000000000000000000, 2.850000000000000089, 3.149999999999999911 ) ) ;
#5077 = DIRECTION ( 'NONE',  ( -1.000000000000000000, 0.0000000000000000000, 0.0000000000000000000 ) ) ;
#5078 = VECTOR ( 'NONE', #4956, 1000.000000000000000 ) ;
#5079 = FILL_AREA_STYLE_COLOUR ( '', #1511 ) ;
#5080 = CARTESIAN_POINT ( 'NONE',  ( 6.938893903907229955E-15, 2.591781170833500347, 0.2999999999999999889 ) ) ;
#5081 =( GEOMETRIC_REPRESENTATION_CONTEXT ( 3 ) GLOBAL_UNCERTAINTY_ASSIGNED_CONTEXT ( ( #3517 ) ) GLOBAL_UNIT_ASSIGNED_CONTEXT ( ( #2724, #317, #659 ) ) REPRESENTATION_CONTEXT ( 'NONE', 'WORKASPACE' ) );
#5082 = ORIENTED_EDGE ( 'NONE', *, *, #4448, .F. ) ;
#5083 =( GEOMETRIC_REPRESENTATION_CONTEXT ( 3 ) GLOBAL_UNCERTAINTY_ASSIGNED_CONTEXT ( ( #868 ) ) GLOBAL_UNIT_ASSIGNED_CONTEXT ( ( #1304, #2954, #579 ) ) REPRESENTATION_CONTEXT ( 'NONE', 'WORKASPACE' ) );
#5084 = LINE ( 'NONE', #5182, #5183 ) ;
#5085 = FACE_OUTER_BOUND ( 'NONE', #5132, .T. ) ;
#5086 = DIRECTION ( 'NONE',  ( 0.0000000000000000000, 0.0000000000000000000, 1.000000000000000000 ) ) ;
#5087 = FILL_AREA_STYLE_COLOUR ( '', #404 ) ;
#5088 = ORIENTED_EDGE ( 'NONE', *, *, #1455, .T. ) ;
#5089 = AXIS2_PLACEMENT_3D ( 'NONE', #2481, #4087, #4109 ) ;
#5090 = ORIENTED_EDGE ( 'NONE', *, *, #462, .T. ) ;
#5091 = STYLED_ITEM ( 'NONE', ( #4104 ), #1104 ) ;
#5092 = CARTESIAN_POINT ( 'NONE',  ( 1.000000000000001110, 1.500000000000002220, 3.450000000000000622 ) ) ;
#5093 = CARTESIAN_POINT ( 'NONE',  ( 3.749999999999995115, 1.891781170833499948, 0.4000000000000000222 ) ) ;
#5094 = ADVANCED_FACE ( '6', ( #671 ), #4951, .T. ) ;
#5095 = VERTEX_POINT ( 'NONE', #3900 ) ;
#5096 = DIRECTION ( 'NONE',  ( -0.0000000000000000000, 1.000000000000000000, -0.0000000000000000000 ) ) ;
#5097 = SURFACE_STYLE_USAGE ( .BOTH. , #1890 ) ;
#5098 = CARTESIAN_POINT ( 'NONE',  ( 3.000000000000000000, 0.0000000000000000000, 3.149999999999999911 ) ) ;
#5099 = CARTESIAN_POINT ( 'NONE',  ( 2.000000000000000000, 2.041742430504419392, 3.750000000000000000 ) ) ;
#5100 = EDGE_CURVE ( 'NONE', #4284, #4228, #4549, .T. ) ;
#5101 = CARTESIAN_POINT ( 'NONE',  ( 3.349999999999999645, -1.137328243749748724, 0.4000000000000000777 ) ) ;
#5102 = AXIS2_PLACEMENT_3D ( 'NONE', #4382, #276, #4820 ) ;
#5103 = DIRECTION ( 'NONE',  ( 0.0000000000000000000, 0.0000000000000000000, 1.000000000000000000 ) ) ;
#5104 = CARTESIAN_POINT ( 'NONE',  ( 3.350000000000000089, 2.241781170833500259, 0.0000000000000000000 ) ) ;
#5105 = LINE ( 'NONE', #5080, #4166 ) ;
#5106 = CARTESIAN_POINT ( 'NONE',  ( -3.350000000000000089, -2.608218829166499830, 0.9000000000000000222 ) ) ;
#5107 = VERTEX_POINT ( 'NONE', #919 ) ;
#5108 = AXIS2_PLACEMENT_3D ( 'NONE', #1215, #4454, #828 ) ;
#5109 = CARTESIAN_POINT ( 'NONE',  ( 2.000000000000000444, 2.418046093003111352, 3.637779991155306369 ) ) ;
#5110 = UNCERTAINTY_MEASURE_WITH_UNIT (LENGTH_MEASURE( 1.000000000000000082E-05 ), #755, 'distance_accuracy_value', 'NONE');
#5111 = ORIENTED_EDGE ( 'NONE', *, *, #310, .F. ) ;
#5112 = PRESENTATION_LAYER_ASSIGNMENT (  '', '', ( #2148 ) ) ;
#5113 = ORIENTED_EDGE ( 'NONE', *, *, #245, .T. ) ;
#5114 = VECTOR ( 'NONE', #3388, 1000.000000000000000 ) ;
#5115 = AXIS2_PLACEMENT_3D ( 'NONE', #762, #5201, #2343 ) ;
#5116 = CARTESIAN_POINT ( 'NONE',  ( 2.999999999999999112, 1.891781170833503278, 1.300000000000000044 ) ) ;
#5117 = CARTESIAN_POINT ( 'NONE',  ( 3.349999999999997424, -2.608218829166499386, 0.4000000000000000777 ) ) ;
#5118 = ORIENTED_EDGE ( 'NONE', *, *, #4679, .T. ) ;
#5119 = ORIENTED_EDGE ( 'NONE', *, *, #2741, .T. ) ;
#5120 = CARTESIAN_POINT ( 'NONE',  ( 3.000000000000000000, -2.258218829166500186, 1.000000000000000000 ) ) ;
#5121 = CARTESIAN_POINT ( 'NONE',  ( 1.916515138991160327, 1.958257569495581052, 3.750000000000000000 ) ) ;
#5122 = LINE ( 'NONE', #3450, #4306 ) ;
#5123 = ITEM_DEFINED_TRANSFORMATION ( 'NONE', 'NONE', #3605,  #1401 ) ;
#5124 = PRESENTATION_STYLE_ASSIGNMENT (( #712 ) ) ;
#5125 = FILL_AREA_STYLE_COLOUR ( '', #4082 ) ;
#5126 = PRODUCT_DEFINITION_FORMATION_WITH_SPECIFIED_SOURCE ( 'ANY', '', #2107, .NOT_KNOWN. ) ;
#5127 = EDGE_CURVE ( 'NONE', #1786, #11, #4973, .T. ) ;
#5128 = MECHANICAL_DESIGN_GEOMETRIC_PRESENTATION_REPRESENTATION (  '', ( #4453 ), #896 ) ;
#5129 = FACE_OUTER_BOUND ( 'NONE', #806, .T. ) ;
#5130 = FILL_AREA_STYLE ('',( #3915 ) ) ;
#5131 = SURFACE_SIDE_STYLE ('',( #1517 ) ) ;
#5132 = EDGE_LOOP ( 'NONE', ( #1402, #604, #921, #408, #4643, #2044, #4542, #5113 ) ) ;
#5133 = CARTESIAN_POINT ( 'NONE',  ( -3.000000000000000444, 1.891781170833499948, 1.000000000000000000 ) ) ;
#5134 = FILL_AREA_STYLE ('',( #1493 ) ) ;
#5135 = CARTESIAN_POINT ( 'NONE',  ( -3.350000000000000089, -1.908218829166499875, 0.0000000000000000000 ) ) ;
#5136 = SHAPE_REPRESENTATION_RELATIONSHIP ( 'NONE' , 'NONE' ,  #1411, #4984 ) ;
#5137 = LINE ( 'NONE', #1851, #2191 ) ;
#5138 = VECTOR ( 'NONE', #803, 1000.000000000000000 ) ;
#5139 = EDGE_LOOP ( 'NONE', ( #772, #5189, #4818, #3095 ) ) ;
#5140 = SURFACE_STYLE_FILL_AREA ( #3096 ) ;
#5141 = LINE ( 'NONE', #4322, #1252 ) ;
#5142 = CARTESIAN_POINT ( 'NONE',  ( -4.074999999999999289, -1.908218829166499875, 0.0000000000000000000 ) ) ;
#5143 = PRESENTATION_STYLE_ASSIGNMENT (( #4787 ) ) ;
#5144 = PRODUCT_DEFINITION_CONTEXT ( 'detailed design', #938, 'design' ) ;
#5145 = VERTEX_POINT ( 'NONE', #5117 ) ;
#5146 = ORIENTED_EDGE ( 'NONE', *, *, #4611, .F. ) ;
#5147 = DIRECTION ( 'NONE',  ( 0.0000000000000000000, 0.0000000000000000000, 1.000000000000000000 ) ) ;
#5148 = SURFACE_SIDE_STYLE ('',( #2745 ) ) ;
#5149 =( NAMED_UNIT ( * ) SI_UNIT ( $, .STERADIAN. ) SOLID_ANGLE_UNIT ( ) );
#5150 = UNCERTAINTY_MEASURE_WITH_UNIT (LENGTH_MEASURE( 1.000000000000000082E-05 ), #591, 'distance_accuracy_value', 'NONE');
#5151 = DIRECTION ( 'NONE',  ( -0.0000000000000000000, -1.000000000000000000, -0.0000000000000000000 ) ) ;
#5152 = AXIS2_PLACEMENT_3D ( 'NONE', #3823, #2971, #3851 ) ;
#5153 =( LENGTH_UNIT ( ) NAMED_UNIT ( * ) SI_UNIT ( .MILLI., .METRE. ) );
#5154 = LINE ( 'NONE', #370, #1788 ) ;
#5155 = UNCERTAINTY_MEASURE_WITH_UNIT (LENGTH_MEASURE( 1.000000000000000082E-05 ), #3325, 'distance_accuracy_value', 'NONE');
#5156 = PRODUCT_RELATED_PRODUCT_CATEGORY ( 'part', '', ( #644 ) ) ;
#5157 = ADVANCED_FACE ( 'NONE', ( #518 ), #2558, .F. ) ;
#5158 = AXIS2_PLACEMENT_3D ( 'NONE', #2543, #561, #5012 ) ;
#5159 = ORIENTED_EDGE ( 'NONE', *, *, #2267, .F. ) ;
#5160 = CARTESIAN_POINT ( 'NONE',  ( 3.249999999999998668, 1.891781170833500836, 0.9000000000000000222 ) ) ;
#5161 = VECTOR ( 'NONE', #4902, 1000.000000000000000 ) ;
#5162 = SURFACE_STYLE_USAGE ( .BOTH. , #4806 ) ;
#5163 = UNCERTAINTY_MEASURE_WITH_UNIT (LENGTH_MEASURE( 1.000000000000000082E-05 ), #3320, 'distance_accuracy_value', 'NONE');
#5164 = ADVANCED_FACE ( 'NONE', ( #1612 ), #4378, .T. ) ;
#5165 = PRESENTATION_LAYER_ASSIGNMENT (  '', '', ( #1515 ) ) ;
#5166 = VERTEX_POINT ( 'NONE', #3616 ) ;
#5167 = AXIS2_PLACEMENT_3D ( 'NONE', #3167, #2359, #3091 ) ;
#5168 = SURFACE_STYLE_FILL_AREA ( #756 ) ;
#5169 = ORIENTED_EDGE ( 'NONE', *, *, #4068, .T. ) ;
#5170 = ORIENTED_EDGE ( 'NONE', *, *, #3834, .F. ) ;
#5171 = PRESENTATION_LAYER_ASSIGNMENT (  '', '', ( #4410 ) ) ;
#5172 = PRESENTATION_STYLE_ASSIGNMENT (( #1163 ) ) ;
#5173 = CARTESIAN_POINT ( 'NONE',  ( -4.500000000000000000, -2.608218829166499830, 0.0000000000000000000 ) ) ;
#5174 =( NAMED_UNIT ( * ) SI_UNIT ( $, .STERADIAN. ) SOLID_ANGLE_UNIT ( ) );
#5175 = SURFACE_STYLE_FILL_AREA ( #1486 ) ;
#5176 = DIRECTION ( 'NONE',  ( 1.000000000000000000, -3.231085104332679983E-15, 0.0000000000000000000 ) ) ;
#5177 = DIRECTION ( 'NONE',  ( 0.0000000000000000000, 1.000000000000000000, 0.0000000000000000000 ) ) ;
#5178 = CIRCLE ( 'NONE', #1031, 0.1499999999999999667 ) ;
#5179 = ORIENTED_EDGE ( 'NONE', *, *, #3379, .F. ) ;
#5180 =( BOUNDED_SURFACE ( )  B_SPLINE_SURFACE ( 3, 3, ( 
 ( #4656, #2527, #920, #3375 ),
 ( #3802, #3345, #1759, #4202 ),
 ( #4626, #4550, #1016, #997 ),
 ( #4150, #1327, #578, #549 ) ),
 .UNSPECIFIED., .F., .F., .F. ) 
 B_SPLINE_SURFACE_WITH_KNOTS ( ( 4, 4 ),
 ( 4, 4 ),
 ( 0.0000000000000000000, 1.000000000000000000 ),
 ( 0.0000000000000000000, 1.000000000000000000 ),
 .UNSPECIFIED. ) 
 GEOMETRIC_REPRESENTATION_ITEM ( )  RATIONAL_B_SPLINE_SURFACE ( (
 ( 1.000000000000000000, 0.3333333333333299842, 0.3333333333333299842, 1.000000000000000000),
 ( 0.8911066843560517814, 0.2970355614520142629, 0.2970355614520142629, 0.8911066843560517814),
 ( 0.8911066843560517814, 0.2970355614520142629, 0.2970355614520142629, 0.8911066843560517814),
 ( 1.000000000000000000, 0.3333333333333299842, 0.3333333333333299842, 1.000000000000000000) ) ) 
 REPRESENTATION_ITEM ( '' )  SURFACE ( )  );
#5181 = EDGE_CURVE ( 'NONE', #2923, #3755, #3122, .T. ) ;
#5182 = CARTESIAN_POINT ( 'NONE',  ( 3.000000000000000000, -2.850000000000000089, 0.0000000000000000000 ) ) ;
#5183 = VECTOR ( 'NONE', #1492, 1000.000000000000000 ) ;
#5184 = AXIS2_PLACEMENT_3D ( 'NONE', #4329, #252, #2637 ) ;
#5185 = EDGE_CURVE ( 'NONE', #331, #2222, #4430, .T. ) ;
#5186 = DIRECTION ( 'NONE',  ( 1.000000000000000000, 0.0000000000000000000, -0.0000000000000000000 ) ) ;
#5187 =( NAMED_UNIT ( * ) PLANE_ANGLE_UNIT ( ) SI_UNIT ( $, .RADIAN. ) );
#5188 = SURFACE_SIDE_STYLE ('',( #646 ) ) ;
#5189 = ORIENTED_EDGE ( 'NONE', *, *, #4247, .T. ) ;
#5190 = DIRECTION ( 'NONE',  ( -0.0000000000000000000, 1.000000000000000000, 0.0000000000000000000 ) ) ;
#5191 = PRODUCT_DEFINITION ( 'UNKNOWN', '', #3429, #2818 ) ;
#5192 = ADVANCED_FACE ( 'NONE', ( #2369 ), #3195, .F. ) ;
#5193 = LINE ( 'NONE', #1559, #5074 ) ;
#5194 = CARTESIAN_POINT ( 'NONE',  ( 2.850000000000000089, 2.850000000000000089, 0.0000000000000000000 ) ) ;
#5195 = DIRECTION ( 'NONE',  ( 0.0000000000000000000, 1.000000000000000000, 0.0000000000000000000 ) ) ;
#5196 = ORIENTED_EDGE ( 'NONE', *, *, #4387, .T. ) ;
#5197 = AXIS2_PLACEMENT_3D ( 'NONE', #4116, #3706, #1690 ) ;
#5198 = ORIENTED_EDGE ( 'NONE', *, *, #1073, .F. ) ;
#5199 = AXIS2_PLACEMENT_3D ( 'NONE', #3178, #2822, #3256 ) ;
#5200 = CARTESIAN_POINT ( 'NONE',  ( 0.9999999999999937828, -2.500000000000009770, 3.450000000000000622 ) ) ;
#5201 = DIRECTION ( 'NONE',  ( 3.231085104332679983E-15, 1.000000000000000000, 0.0000000000000000000 ) ) ;
#5202 = CARTESIAN_POINT ( 'NONE',  ( 6.938893903907229955E-15, 4.483562341667009399, 0.2999999999999999889 ) ) ;
#5203 = UNCERTAINTY_MEASURE_WITH_UNIT (LENGTH_MEASURE( 1.000000000000000082E-05 ), #315, 'distance_accuracy_value', 'NONE');
#5204 = CIRCLE ( 'NONE', #3422, 0.09999999999999999167 ) ;
#5205 = FACE_OUTER_BOUND ( 'NONE', #2610, .T. ) ;
#5206 = VECTOR ( 'NONE', #3927, 1000.000000000000000 ) ;
#5207 = AXIS2_PLACEMENT_3D ( 'NONE', #4164, #3439, #3414 ) ;
#5208 = SURFACE_STYLE_FILL_AREA ( #3997 ) ;
#5209 = FILL_AREA_STYLE_COLOUR ( '', #1615 ) ;
#5210 = FILL_AREA_STYLE_COLOUR ( '', #1687 ) ;
#5211 = VERTEX_POINT ( 'NONE', #406 ) ;
#5212 =( NAMED_UNIT ( * ) SI_UNIT ( $, .STERADIAN. ) SOLID_ANGLE_UNIT ( ) );
#5213 =( NAMED_UNIT ( * ) PLANE_ANGLE_UNIT ( ) SI_UNIT ( $, .RADIAN. ) );
#5214 = FILL_AREA_STYLE ('',( #2783 ) ) ;
#5215 =( NAMED_UNIT ( * ) PLANE_ANGLE_UNIT ( ) SI_UNIT ( $, .RADIAN. ) );
#5216 = CARTESIAN_POINT ( 'NONE',  ( -1.749999999999998890, -3.499999999999999112, 4.199999999999999289 ) ) ;
#5217 =( GEOMETRIC_REPRESENTATION_CONTEXT ( 3 ) GLOBAL_UNCERTAINTY_ASSIGNED_CONTEXT ( ( #4640 ) ) GLOBAL_UNIT_ASSIGNED_CONTEXT ( ( #2128, #3499, #491 ) ) REPRESENTATION_CONTEXT ( 'NONE', 'WORKASPACE' ) );
#5218 =( NAMED_UNIT ( * ) SI_UNIT ( $, .STERADIAN. ) SOLID_ANGLE_UNIT ( ) );
#5219 = NEXT_ASSEMBLY_USAGE_OCCURRENCE ( 'NAUO1', ' ', ' ', #5191, #1072, $ ) ;
#5220 = NEXT_ASSEMBLY_USAGE_OCCURRENCE ( 'NAUO2', ' ', ' ', #5191, #4910, $ ) ;
#5221 = NEXT_ASSEMBLY_USAGE_OCCURRENCE ( 'NAUO3', ' ', ' ', #5191, #598, $ ) ;
#5222 = NEXT_ASSEMBLY_USAGE_OCCURRENCE ( 'NAUO4', ' ', ' ', #5191, #3506, $ ) ;
#5223 = NEXT_ASSEMBLY_USAGE_OCCURRENCE ( 'NAUO5', ' ', ' ', #5191, #2078, $ ) ;
#5224 = NEXT_ASSEMBLY_USAGE_OCCURRENCE ( 'NAUO6', ' ', ' ', #5191, #5004, $ ) ;
#5225 = NEXT_ASSEMBLY_USAGE_OCCURRENCE ( 'NAUO7', ' ', ' ', #5191, #4510, $ ) ;
#5226 = NEXT_ASSEMBLY_USAGE_OCCURRENCE ( 'NAUO8', ' ', ' ', #5191, #698, $ ) ;
#5227 = NEXT_ASSEMBLY_USAGE_OCCURRENCE ( 'NAUO9', ' ', ' ', #5191, #2801, $ ) ;
#5228 = NEXT_ASSEMBLY_USAGE_OCCURRENCE ( 'NAUO10', ' ', ' ', #5191, #1989, $ ) ;
#5229 = NEXT_ASSEMBLY_USAGE_OCCURRENCE ( 'NAUO11', ' ', ' ', #5191, #345, $ ) ;
ENDSEC;
END-ISO-10303-21;
